Datetime,Close,High,Low,Open,Volume
2022-07-06 03:45:00+00:00,15880.0498046875,15904.849609375,15801.5,15818.2001953125,0
2022-07-06 04:45:00+00:00,15904.400390625,15926.849609375,15865.75,15880.400390625,0
2022-07-06 05:45:00+00:00,15883.2001953125,15885.7998046875,15857.9501953125,15862.9501953125,0
2022-07-06 06:45:00+00:00,16000.0,16000.0,15881.900390625,15883.2998046875,0
2022-07-06 07:45:00+00:00,15918.5,16001.0498046875,15910.099609375,15998.9501953125,0
2022-07-06 08:45:00+00:00,15994.25,15994.900390625,15907.9501953125,15918.650390625,0
2022-07-06 09:45:00+00:00,16008.0498046875,16010.7998046875,15992.0,15992.0,0
2022-07-07 03:45:00+00:00,16091.7998046875,16138.0498046875,16064.150390625,16113.75,0
2022-07-07 04:45:00+00:00,16093.650390625,16126.150390625,16089.0498046875,16092.0498046875,0
2022-07-07 05:45:00+00:00,16096.7001953125,16118.5498046875,16085.25,16093.5498046875,0
2022-07-07 06:45:00+00:00,16109.150390625,16130.650390625,16090.150390625,16096.75,0
2022-07-07 07:45:00+00:00,16060.099609375,16142.9501953125,16058.25,16109.7001953125,0
2022-07-07 08:45:00+00:00,16127.400390625,16150.0498046875,16047.0498046875,16059.5,0
2022-07-07 09:45:00+00:00,16138.900390625,16140.7001953125,16124.150390625,16127.9501953125,0
2022-07-08 03:45:00+00:00,16196.4501953125,16273.650390625,16177.650390625,16273.650390625,0
2022-07-08 04:45:00+00:00,16203.75,16218.7998046875,16190.400390625,16195.7001953125,0
2022-07-08 05:45:00+00:00,16180.2998046875,16207.75,16173.5498046875,16203.7001953125,0
2022-07-08 06:45:00+00:00,16196.0,16210.9501953125,16174.0,16180.099609375,0
2022-07-08 07:45:00+00:00,16189.25,16226.400390625,16179.75,16196.849609375,0
2022-07-08 08:45:00+00:00,16230.0498046875,16236.5498046875,16157.900390625,16189.0,0
2022-07-08 09:45:00+00:00,16217.5,16232.849609375,16214.150390625,16230.099609375,0
2022-07-11 03:45:00+00:00,16167.5,16175.0,16115.650390625,16136.150390625,0
2022-07-11 04:45:00+00:00,16160.349609375,16172.4501953125,16143.5,16167.099609375,0
2022-07-11 05:45:00+00:00,16146.75,16162.2001953125,16128.2998046875,16160.25,0
2022-07-11 06:45:00+00:00,16169.75,16172.25,16117.2001953125,16146.849609375,0
2022-07-11 07:45:00+00:00,16211.599609375,16226.5498046875,16160.599609375,16169.849609375,0
2022-07-11 08:45:00+00:00,16218.0498046875,16248.400390625,16209.150390625,16211.5498046875,0
2022-07-11 09:45:00+00:00,16199.0498046875,16222.7001953125,16194.25,16218.7001953125,0
2022-07-12 03:45:00+00:00,16142.2001953125,16156.7001953125,16104.400390625,16126.2001953125,0
2022-07-12 04:45:00+00:00,16146.150390625,16158.650390625,16132.599609375,16142.0,0
2022-07-12 05:45:00+00:00,16122.7998046875,16146.650390625,16107.400390625,16145.900390625,0
2022-07-12 06:45:00+00:00,16080.650390625,16122.4501953125,16070.25,16122.4501953125,0
2022-07-12 07:45:00+00:00,16134.9501953125,16134.9501953125,16079.849609375,16080.5,0
2022-07-12 08:45:00+00:00,16056.2998046875,16144.5498046875,16056.2998046875,16134.7998046875,0
2022-07-12 09:45:00+00:00,16037.75,16057.599609375,16032.25,16055.849609375,0
2022-07-13 03:45:00+00:00,16129.25,16139.849609375,16103.0498046875,16128.2001953125,0
2022-07-13 04:45:00+00:00,16077.5,16131.5498046875,16056.7998046875,16129.0,0
2022-07-13 05:45:00+00:00,16084.9501953125,16102.7001953125,16066.099609375,16077.4501953125,0
2022-07-13 06:45:00+00:00,16001.75,16094.7998046875,15990.150390625,16084.900390625,0
2022-07-13 07:45:00+00:00,15981.7998046875,16008.849609375,15968.5,16001.900390625,0
2022-07-13 08:45:00+00:00,15959.7998046875,16007.5498046875,15950.5498046875,15981.650390625,0
2022-07-13 09:45:00+00:00,15975.75,15982.2998046875,15955.9501953125,15959.75,0
2022-07-14 03:45:00+00:00,16048.5,16070.5,15995.150390625,16018.849609375,0
2022-07-14 04:45:00+00:00,16005.650390625,16052.7001953125,16003.400390625,16049.150390625,0
2022-07-14 05:45:00+00:00,15956.7001953125,16005.9501953125,15937.7998046875,16005.9501953125,0
2022-07-14 06:45:00+00:00,15972.4501953125,16002.150390625,15942.7001953125,15957.4501953125,0
2022-07-14 07:45:00+00:00,15872.2998046875,15972.2998046875,15871.75,15972.2998046875,0
2022-07-14 08:45:00+00:00,15942.5,15954.7998046875,15859.2001953125,15872.400390625,0
2022-07-14 09:45:00+00:00,15947.9501953125,15955.099609375,15934.5,15942.5498046875,0
2022-07-15 03:45:00+00:00,15989.9501953125,16038.150390625,15962.150390625,16010.7998046875,0
2022-07-15 04:45:00+00:00,15946.400390625,16002.400390625,15935.0498046875,15990.9501953125,0
2022-07-15 05:45:00+00:00,15949.349609375,15984.7998046875,15935.900390625,15946.25,0
2022-07-15 06:45:00+00:00,15979.5,15983.0498046875,15927.4501953125,15949.4501953125,0
2022-07-15 07:45:00+00:00,15992.25,15992.25,15945.099609375,15980.0498046875,0
2022-07-15 08:45:00+00:00,16053.25,16054.2001953125,15987.900390625,15993.650390625,0
2022-07-15 09:45:00+00:00,16052.849609375,16066.4501953125,16044.099609375,16052.900390625,0
2022-07-18 03:45:00+00:00,16184.7998046875,16198.2998046875,16146.650390625,16151.400390625,0
2022-07-18 04:45:00+00:00,16210.7001953125,16216.849609375,16171.2998046875,16185.900390625,0
2022-07-18 05:45:00+00:00,16216.2001953125,16220.0498046875,16191.75,16211.150390625,0
2022-07-18 06:45:00+00:00,16218.9501953125,16227.650390625,16210.5,16216.5498046875,0
2022-07-18 07:45:00+00:00,16232.5,16238.25,16197.0498046875,16219.099609375,0
2022-07-18 08:45:00+00:00,16271.0498046875,16283.599609375,16227.0,16232.650390625,0
2022-07-18 09:45:00+00:00,16281.400390625,16286.7998046875,16266.400390625,16271.7001953125,0
2022-07-19 03:45:00+00:00,16294.900390625,16297.599609375,16187.0498046875,16187.0498046875,0
2022-07-19 04:45:00+00:00,16323.2001953125,16328.0498046875,16275.75,16294.75,0
2022-07-19 05:45:00+00:00,16304.650390625,16323.2998046875,16255.150390625,16323.2001953125,0
2022-07-19 06:45:00+00:00,16272.5498046875,16322.25,16269.0498046875,16303.849609375,0
2022-07-19 07:45:00+00:00,16298.2998046875,16315.0,16265.849609375,16271.7998046875,0
2022-07-19 08:45:00+00:00,16350.5498046875,16359.150390625,16279.25,16297.9501953125,0
2022-07-19 09:45:00+00:00,16329.2998046875,16351.650390625,16323.75,16349.900390625,0
2022-07-20 03:45:00+00:00,16542.44921875,16562.80078125,16502.05078125,16562.80078125,0
2022-07-20 04:45:00+00:00,16563.25,16568.69921875,16529.19921875,16543.099609375,0
2022-07-20 05:45:00+00:00,16557.44921875,16567.55078125,16533.849609375,16563.05078125,0
2022-07-20 06:45:00+00:00,16530.400390625,16588.0,16530.400390625,16556.849609375,0
2022-07-20 07:45:00+00:00,16547.05078125,16567.0,16522.05078125,16530.650390625,0
2022-07-20 08:45:00+00:00,16516.19921875,16547.80078125,16515.55078125,16547.44921875,0
2022-07-20 09:45:00+00:00,16495.80078125,16521.900390625,16491.150390625,16515.80078125,0
2022-07-21 03:45:00+00:00,16573.0,16575.80078125,16485.849609375,16523.55078125,0
2022-07-21 04:45:00+00:00,16569.150390625,16578.349609375,16550.19921875,16574.099609375,0
2022-07-21 05:45:00+00:00,16573.05078125,16591.599609375,16563.75,16569.400390625,0
2022-07-21 06:45:00+00:00,16542.69921875,16586.349609375,16540.099609375,16573.25,0
2022-07-21 07:45:00+00:00,16560.55078125,16564.400390625,16517.30078125,16542.150390625,0
2022-07-21 08:45:00+00:00,16611.849609375,16611.94921875,16556.75,16560.349609375,0
2022-07-21 09:45:00+00:00,16609.80078125,16624.150390625,16604.05078125,16610.900390625,0
2022-07-22 03:45:00+00:00,16629.0,16704.150390625,16623.25,16661.25,0
2022-07-22 04:45:00+00:00,16638.25,16652.25,16611.0,16628.900390625,0
2022-07-22 05:45:00+00:00,16680.5,16682.099609375,16636.599609375,16638.05078125,0
2022-07-22 06:45:00+00:00,16680.400390625,16707.150390625,16670.5,16678.5,0
2022-07-22 07:45:00+00:00,16727.80078125,16738.650390625,16664.349609375,16679.55078125,0
2022-07-22 08:45:00+00:00,16729.05078125,16752.25,16709.75,16727.849609375,0
2022-07-22 09:45:00+00:00,16714.30078125,16729.30078125,16705.94921875,16728.900390625,0
2022-07-25 03:45:00+00:00,16622.25,16704.94921875,16587.75,16662.55078125,0
2022-07-25 04:45:00+00:00,16568.150390625,16631.400390625,16568.0,16621.69921875,0
2022-07-25 05:45:00+00:00,16589.099609375,16610.0,16564.849609375,16567.599609375,0
2022-07-25 06:45:00+00:00,16619.69921875,16622.650390625,16581.400390625,16588.80078125,0
2022-07-25 07:45:00+00:00,16647.94921875,16651.80078125,16590.599609375,16620.599609375,0
2022-07-25 08:45:00+00:00,16632.599609375,16684.05078125,16631.30078125,16647.25,0
2022-07-25 09:45:00+00:00,16610.05078125,16635.150390625,16603.19921875,16633.44921875,0
2022-07-26 03:45:00+00:00,16512.05078125,16634.75,16506.0,16632.900390625,0
2022-07-26 04:45:00+00:00,16504.44921875,16538.599609375,16496.0,16512.099609375,0
2022-07-26 05:45:00+00:00,16536.900390625,16547.05078125,16498.94921875,16504.599609375,0
2022-07-26 06:45:00+00:00,16552.0,16557.30078125,16530.05078125,16536.5,0
2022-07-26 07:45:00+00:00,16538.94921875,16572.94921875,16506.0,16552.19921875,0
2022-07-26 08:45:00+00:00,16482.69921875,16547.349609375,16481.349609375,16538.599609375,0
2022-07-26 09:45:00+00:00,16466.55078125,16486.44921875,16463.55078125,16483.900390625,0
2022-07-27 03:45:00+00:00,16523.19921875,16525.19921875,16439.69921875,16475.349609375,0
2022-07-27 04:45:00+00:00,16543.650390625,16556.0,16515.19921875,16522.75,0
2022-07-27 05:45:00+00:00,16568.5,16570.5,16539.69921875,16543.400390625,0
2022-07-27 06:45:00+00:00,16593.900390625,16605.30078125,16543.80078125,16569.05078125,0
2022-07-27 07:45:00+00:00,16582.0,16616.849609375,16575.80078125,16592.80078125,0
2022-07-27 08:45:00+00:00,16643.650390625,16644.849609375,16578.150390625,16581.599609375,0
2022-07-27 09:45:00+00:00,16642.75,16652.55078125,16637.650390625,16643.349609375,0
2022-07-28 03:45:00+00:00,16819.94921875,16825.599609375,16748.30078125,16774.849609375,0
2022-07-28 04:45:00+00:00,16877.099609375,16878.099609375,16812.150390625,16820.5,0
2022-07-28 05:45:00+00:00,16893.849609375,16896.400390625,16859.55078125,16877.19921875,0
2022-07-28 06:45:00+00:00,16913.5,16920.150390625,16882.400390625,16894.30078125,0
2022-07-28 07:45:00+00:00,16920.599609375,16930.19921875,16899.94921875,16912.94921875,0
2022-07-28 08:45:00+00:00,16936.30078125,16943.599609375,16869.849609375,16920.5,0
2022-07-28 09:45:00+00:00,16922.05078125,16942.30078125,16918.30078125,16935.5,0
2022-07-29 03:45:00+00:00,17109.30078125,17141.25,17064.94921875,17079.5,0
2022-07-29 04:45:00+00:00,17098.75,17122.349609375,17018.349609375,17108.69921875,0
2022-07-29 05:45:00+00:00,17101.5,17109.05078125,17074.900390625,17098.44921875,0
2022-07-29 06:45:00+00:00,17106.19921875,17121.94921875,17084.650390625,17101.400390625,0
2022-07-29 07:45:00+00:00,17079.150390625,17115.44921875,17072.099609375,17106.650390625,0
2022-07-29 08:45:00+00:00,17159.80078125,17169.0,17061.5,17078.55078125,0
2022-07-29 09:45:00+00:00,17157.94921875,17172.19921875,17153.94921875,17159.55078125,0
2022-08-01 03:45:00+00:00,17272.94921875,17275.30078125,17156.30078125,17243.19921875,0
2022-08-01 04:45:00+00:00,17266.0,17286.599609375,17255.900390625,17273.05078125,0
2022-08-01 05:45:00+00:00,17261.69921875,17278.25,17249.150390625,17266.94921875,0
2022-08-01 06:45:00+00:00,17286.599609375,17299.650390625,17261.25,17261.44921875,0
2022-08-01 07:45:00+00:00,17309.69921875,17318.30078125,17276.80078125,17285.94921875,0
2022-08-01 08:45:00+00:00,17334.900390625,17355.650390625,17295.25,17309.900390625,0
2022-08-01 09:45:00+00:00,17332.30078125,17348.900390625,17328.599609375,17334.75,0
2022-08-02 03:45:00+00:00,17226.30078125,17330.099609375,17217.400390625,17310.150390625,0
2022-08-02 04:45:00+00:00,17254.900390625,17273.900390625,17225.30078125,17225.650390625,0
2022-08-02 05:45:00+00:00,17292.400390625,17304.30078125,17243.80078125,17254.80078125,0
2022-08-02 06:45:00+00:00,17263.94921875,17304.44921875,17234.599609375,17292.44921875,0
2022-08-02 07:45:00+00:00,17322.349609375,17346.0,17263.099609375,17263.150390625,0
2022-08-02 08:45:00+00:00,17364.80078125,17389.69921875,17316.900390625,17322.25,0
2022-08-02 09:45:00+00:00,17294.849609375,17364.599609375,17287.0,17364.599609375,0
2022-08-03 03:45:00+00:00,17300.099609375,17384.599609375,17263.099609375,17349.25,0
2022-08-03 04:45:00+00:00,17236.849609375,17300.75,17235.44921875,17300.599609375,0
2022-08-03 05:45:00+00:00,17248.349609375,17279.69921875,17226.0,17236.80078125,0
2022-08-03 06:45:00+00:00,17287.900390625,17305.5,17232.75,17248.650390625,0
2022-08-03 07:45:00+00:00,17305.400390625,17318.099609375,17260.30078125,17288.099609375,0
2022-08-03 08:45:00+00:00,17401.150390625,17402.94921875,17288.55078125,17305.75,0
2022-08-03 09:45:00+00:00,17392.900390625,17406.400390625,17387.599609375,17401.099609375,0
2022-08-04 03:45:00+00:00,17434.30078125,17489.25,17428.69921875,17463.099609375,0
2022-08-04 04:45:00+00:00,17397.25,17448.150390625,17397.25,17434.900390625,0
2022-08-04 05:45:00+00:00,17307.30078125,17396.19921875,17161.80078125,17396.19921875,0
2022-08-04 06:45:00+00:00,17313.400390625,17348.94921875,17259.599609375,17308.150390625,0
2022-08-04 07:45:00+00:00,17285.30078125,17337.44921875,17265.19921875,17312.099609375,0
2022-08-04 08:45:00+00:00,17377.400390625,17406.69921875,17278.69921875,17285.75,0
2022-08-04 09:45:00+00:00,17364.0,17385.0,17355.30078125,17377.25,0
2022-08-05 03:45:00+00:00,17432.05078125,17461.25,17389.5,17423.650390625,0
2022-08-05 04:45:00+00:00,17466.94921875,17474.099609375,17413.099609375,17432.30078125,0
2022-08-05 05:45:00+00:00,17451.099609375,17468.69921875,17423.55078125,17467.75,0
2022-08-05 06:45:00+00:00,17408.30078125,17456.349609375,17381.849609375,17451.349609375,0
2022-08-05 07:45:00+00:00,17380.44921875,17436.25,17380.44921875,17407.75,0
2022-08-05 08:45:00+00:00,17398.44921875,17416.80078125,17358.25,17379.400390625,0
2022-08-05 09:45:00+00:00,17389.05078125,17405.400390625,17383.25,17398.75,0
2022-08-08 03:45:00+00:00,17439.30078125,17443.55078125,17361.0,17401.5,0
2022-08-08 04:45:00+00:00,17457.5,17478.25,17434.80078125,17439.599609375,0
2022-08-08 05:45:00+00:00,17503.05078125,17504.19921875,17449.75,17457.400390625,0
2022-08-08 06:45:00+00:00,17520.30078125,17534.349609375,17502.75,17503.650390625,0
2022-08-08 07:45:00+00:00,17526.400390625,17548.69921875,17506.349609375,17520.69921875,0
2022-08-08 08:45:00+00:00,17522.94921875,17538.75,17485.849609375,17525.69921875,0
2022-08-08 09:45:00+00:00,17527.849609375,17533.5,17514.099609375,17522.849609375,0
2022-08-10 03:45:00+00:00,17502.94921875,17566.099609375,17443.55078125,17566.099609375,0
2022-08-10 04:45:00+00:00,17509.19921875,17542.349609375,17503.900390625,17503.900390625,0
2022-08-10 05:45:00+00:00,17509.0,17518.650390625,17482.0,17508.69921875,0
2022-08-10 06:45:00+00:00,17498.349609375,17521.44921875,17494.80078125,17508.900390625,0
2022-08-10 07:45:00+00:00,17531.25,17532.0,17479.55078125,17498.19921875,0
2022-08-10 08:45:00+00:00,17537.650390625,17546.80078125,17513.05078125,17531.69921875,0
2022-08-10 09:45:00+00:00,17523.75,17540.05078125,17520.400390625,17538.69921875,0
2022-08-11 03:45:00+00:00,17673.19921875,17716.650390625,17668.400390625,17711.650390625,0
2022-08-11 04:45:00+00:00,17680.94921875,17695.0,17672.349609375,17673.44921875,0
2022-08-11 05:45:00+00:00,17659.900390625,17688.099609375,17645.849609375,17680.900390625,0
2022-08-11 06:45:00+00:00,17671.75,17684.599609375,17658.900390625,17660.05078125,0
2022-08-11 07:45:00+00:00,17645.30078125,17673.0,17632.349609375,17671.55078125,0
2022-08-11 08:45:00+00:00,17652.94921875,17678.44921875,17639.55078125,17645.55078125,0
2022-08-11 09:45:00+00:00,17638.650390625,17659.849609375,17638.30078125,17652.25,0
2022-08-12 03:45:00+00:00,17678.30078125,17680.400390625,17598.150390625,17659.650390625,0
2022-08-12 04:45:00+00:00,17683.0,17687.650390625,17647.19921875,17679.150390625,0
2022-08-12 05:45:00+00:00,17685.0,17699.25,17672.650390625,17682.44921875,0
2022-08-12 06:45:00+00:00,17700.349609375,17711.75,17667.25,17685.25,0
2022-08-12 07:45:00+00:00,17709.19921875,17724.25,17690.900390625,17700.19921875,0
2022-08-12 08:45:00+00:00,17695.650390625,17709.599609375,17661.900390625,17709.25,0
2022-08-12 09:45:00+00:00,17698.650390625,17713.5,17692.400390625,17695.25,0
2022-08-16 03:45:00+00:00,17816.5,17832.55078125,17764.599609375,17797.19921875,0
2022-08-16 04:45:00+00:00,17830.94921875,17838.75,17813.349609375,17816.0,0
2022-08-16 05:45:00+00:00,17797.69921875,17832.75,17781.349609375,17831.44921875,0
2022-08-16 06:45:00+00:00,17777.099609375,17814.150390625,17776.400390625,17797.849609375,0
2022-08-16 07:45:00+00:00,17794.75,17802.75,17768.19921875,17776.5,0
2022-08-16 08:45:00+00:00,17830.349609375,17830.650390625,17782.25,17795.150390625,0
2022-08-16 09:45:00+00:00,17828.30078125,17836.650390625,17822.599609375,17829.94921875,0
2022-08-17 03:45:00+00:00,17909.599609375,17914.69921875,17834.599609375,17868.150390625,0
2022-08-17 04:45:00+00:00,17931.94921875,17933.05078125,17899.0,17909.55078125,0
2022-08-17 05:45:00+00:00,17931.05078125,17936.849609375,17907.75,17932.05078125,0
2022-08-17 06:45:00+00:00,17934.80078125,17944.75,17922.25,17930.150390625,0
2022-08-17 07:45:00+00:00,17924.05078125,17943.900390625,17917.099609375,17934.19921875,0
2022-08-17 08:45:00+00:00,17946.150390625,17965.400390625,17916.400390625,17923.849609375,0
2022-08-17 09:45:00+00:00,17929.05078125,17946.650390625,17927.400390625,17946.650390625,0
2022-08-18 03:45:00+00:00,17940.400390625,17954.0,17863.849609375,17898.650390625,0
2022-08-18 04:45:00+00:00,17903.900390625,17941.150390625,17890.19921875,17938.55078125,0
2022-08-18 05:45:00+00:00,17870.05078125,17903.94921875,17852.5,17903.94921875,0
2022-08-18 06:45:00+00:00,17900.900390625,17907.0,17867.0,17870.19921875,0
2022-08-18 07:45:00+00:00,17915.19921875,17915.80078125,17884.150390625,17901.099609375,0
2022-08-18 08:45:00+00:00,17957.30078125,17964.55078125,17911.19921875,17915.400390625,0
2022-08-18 09:45:00+00:00,17964.44921875,17967.55078125,17946.400390625,17956.599609375,0
2022-08-19 03:45:00+00:00,17962.80078125,17989.150390625,17934.25,17966.55078125,0
2022-08-19 04:45:00+00:00,17879.400390625,17969.30078125,17858.44921875,17962.55078125,0
2022-08-19 05:45:00+00:00,17806.400390625,17896.19921875,17783.349609375,17879.44921875,0
2022-08-19 06:45:00+00:00,17810.55078125,17816.69921875,17728.05078125,17807.099609375,0
2022-08-19 07:45:00+00:00,17763.400390625,17822.19921875,17711.150390625,17810.400390625,0
2022-08-19 08:45:00+00:00,17765.0,17804.19921875,17756.25,17763.55078125,0
2022-08-19 09:45:00+00:00,17726.94921875,17767.30078125,17725.69921875,17764.650390625,0
2022-08-22 03:45:00+00:00,17580.25,17687.55078125,17572.80078125,17682.900390625,0
2022-08-22 04:45:00+00:00,17562.150390625,17599.25,17544.75,17580.69921875,0
2022-08-22 05:45:00+00:00,17573.849609375,17584.75,17547.69921875,17561.69921875,0
2022-08-22 06:45:00+00:00,17546.25,17597.0,17533.849609375,17574.150390625,0
2022-08-22 07:45:00+00:00,17541.150390625,17564.44921875,17523.400390625,17546.0,0
2022-08-22 08:45:00+00:00,17495.30078125,17560.44921875,17468.099609375,17540.25,0
2022-08-22 09:45:00+00:00,17494.349609375,17503.94921875,17487.75,17496.25,0
2022-08-23 03:45:00+00:00,17517.0,17587.80078125,17346.94921875,17357.349609375,0
2022-08-23 04:45:00+00:00,17431.5,17538.25,17411.69921875,17515.75,0
2022-08-23 05:45:00+00:00,17464.19921875,17509.0,17425.80078125,17431.349609375,0
2022-08-23 06:45:00+00:00,17547.25,17551.5,17448.599609375,17463.94921875,0
2022-08-23 07:45:00+00:00,17573.349609375,17583.30078125,17544.0,17546.69921875,0
2022-08-23 08:45:00+00:00,17571.099609375,17593.400390625,17525.150390625,17573.69921875,0
2022-08-23 09:45:00+00:00,17623.349609375,17624.5,17568.94921875,17571.05078125,0
2022-08-24 03:45:00+00:00,17564.80078125,17605.349609375,17499.900390625,17525.44921875,0
2022-08-24 04:45:00+00:00,17614.349609375,17615.30078125,17559.650390625,17564.400390625,0
2022-08-24 05:45:00+00:00,17566.349609375,17621.75,17558.44921875,17614.80078125,0
2022-08-24 06:45:00+00:00,17543.650390625,17598.150390625,17530.80078125,17566.80078125,0
2022-08-24 07:45:00+00:00,17560.25,17584.94921875,17524.19921875,17543.400390625,0
2022-08-24 08:45:00+00:00,17618.099609375,17622.150390625,17557.650390625,17559.30078125,0
2022-08-24 09:45:00+00:00,17607.55078125,17617.94921875,17597.099609375,17617.75,0
2022-08-25 03:45:00+00:00,17694.349609375,17716.05078125,17663.650390625,17679.0,0
2022-08-25 04:45:00+00:00,17676.849609375,17702.349609375,17676.5,17694.19921875,0
2022-08-25 05:45:00+00:00,17696.30078125,17701.150390625,17639.5,17677.25,0
2022-08-25 06:45:00+00:00,17712.94921875,17726.400390625,17691.650390625,17695.900390625,0
2022-08-25 07:45:00+00:00,17692.599609375,17714.599609375,17682.80078125,17711.75,0
2022-08-25 08:45:00+00:00,17498.900390625,17695.30078125,17488.94921875,17692.55078125,0
2022-08-25 09:45:00+00:00,17508.19921875,17518.94921875,17488.349609375,17498.599609375,0
2022-08-26 03:45:00+00:00,17634.599609375,17685.19921875,17617.19921875,17619.30078125,0
2022-08-26 04:45:00+00:00,17586.80078125,17637.900390625,17581.599609375,17633.69921875,0
2022-08-26 05:45:00+00:00,17624.25,17635.650390625,17582.5,17586.44921875,0
2022-08-26 06:45:00+00:00,17586.80078125,17632.30078125,17569.599609375,17624.30078125,0
2022-08-26 07:45:00+00:00,17596.05078125,17611.19921875,17564.349609375,17587.400390625,0
2022-08-26 08:45:00+00:00,17555.150390625,17605.25,17520.150390625,17596.099609375,0
2022-08-26 09:45:00+00:00,17582.900390625,17595.75,17555.44921875,17555.44921875,0
2022-08-29 03:45:00+00:00,17313.94921875,17328.650390625,17168.25,17188.650390625,0
2022-08-29 04:45:00+00:00,17285.099609375,17326.400390625,17280.94921875,17313.80078125,0
2022-08-29 05:45:00+00:00,17327.44921875,17342.849609375,17281.19921875,17285.0,0
2022-08-29 06:45:00+00:00,17326.80078125,17369.75,17312.80078125,17327.75,0
2022-08-29 07:45:00+00:00,17358.0,17379.599609375,17326.44921875,17326.44921875,0
2022-08-29 08:45:00+00:00,17293.80078125,17361.5,17291.75,17357.94921875,0
2022-08-29 09:45:00+00:00,17339.099609375,17339.25,17294.150390625,17294.400390625,0
2022-08-30 03:45:00+00:00,17480.849609375,17488.05078125,17409.69921875,17414.94921875,0
2022-08-30 04:45:00+00:00,17542.69921875,17543.75,17468.599609375,17481.849609375,0
2022-08-30 05:45:00+00:00,17582.0,17583.0,17535.55078125,17543.150390625,0
2022-08-30 06:45:00+00:00,17635.44921875,17637.349609375,17576.5,17581.94921875,0
2022-08-30 07:45:00+00:00,17662.75,17671.19921875,17630.55078125,17634.849609375,0
2022-08-30 08:45:00+00:00,17762.80078125,17774.80078125,17662.599609375,17662.599609375,0
2022-08-30 09:45:00+00:00,17744.19921875,17776.849609375,17740.849609375,17762.94921875,0
2022-09-01 03:45:00+00:00,17660.75,17670.099609375,17485.69921875,17485.69921875,0
2022-09-01 04:45:00+00:00,17647.349609375,17695.5,17625.44921875,17661.30078125,0
2022-09-01 05:45:00+00:00,17618.400390625,17667.94921875,17568.349609375,17646.75,0
2022-09-01 06:45:00+00:00,17552.30078125,17619.349609375,17534.25,17617.650390625,0
2022-09-01 07:45:00+00:00,17518.5,17581.19921875,17469.0,17551.75,0
2022-09-01 08:45:00+00:00,17555.0,17572.05078125,17492.19921875,17518.0,0
2022-09-01 09:45:00+00:00,17563.25,17564.099609375,17531.19921875,17554.849609375,0
2022-09-02 03:45:00+00:00,17496.55078125,17643.0,17477.099609375,17598.400390625,0
2022-09-02 04:45:00+00:00,17532.849609375,17549.44921875,17479.75,17496.55078125,0
2022-09-02 05:45:00+00:00,17555.25,17562.599609375,17507.599609375,17533.0,0
2022-09-02 06:45:00+00:00,17585.55078125,17587.099609375,17551.55078125,17554.69921875,0
2022-09-02 07:45:00+00:00,17612.94921875,17618.55078125,17572.150390625,17586.099609375,0
2022-09-02 08:45:00+00:00,17550.75,17623.55078125,17518.849609375,17612.75,0
2022-09-02 09:45:00+00:00,17527.849609375,17560.599609375,17520.19921875,17551.5,0
2022-09-05 03:45:00+00:00,17648.150390625,17657.55078125,17546.44921875,17546.44921875,0
2022-09-05 04:45:00+00:00,17632.349609375,17657.25,17618.69921875,17648.849609375,0
2022-09-05 05:45:00+00:00,17660.0,17662.150390625,17618.75,17631.75,0
2022-09-05 06:45:00+00:00,17650.44921875,17681.19921875,17647.349609375,17658.75,0
2022-09-05 07:45:00+00:00,17669.400390625,17678.69921875,17629.69921875,17650.55078125,0
2022-09-05 08:45:00+00:00,17671.94921875,17682.94921875,17651.19921875,17669.150390625,0
2022-09-05 09:45:00+00:00,17653.900390625,17672.150390625,17652.30078125,17671.599609375,0
2022-09-06 03:45:00+00:00,17641.150390625,17764.0,17633.150390625,17695.69921875,0
2022-09-06 04:45:00+00:00,17667.44921875,17668.30078125,17587.94921875,17640.44921875,0
2022-09-06 05:45:00+00:00,17682.599609375,17696.80078125,17643.900390625,17667.650390625,0
2022-09-06 06:45:00+00:00,17694.0,17715.69921875,17680.599609375,17682.150390625,0
2022-09-06 07:45:00+00:00,17697.0,17714.400390625,17672.30078125,17693.849609375,0
2022-09-06 08:45:00+00:00,17653.05078125,17705.44921875,17637.5,17697.55078125,0
2022-09-06 09:45:00+00:00,17651.599609375,17657.150390625,17641.5,17653.0,0
2022-09-07 03:45:00+00:00,17579.0,17593.30078125,17519.400390625,17519.400390625,0
2022-09-07 04:45:00+00:00,17538.55078125,17585.75,17538.55078125,17577.30078125,0
2022-09-07 05:45:00+00:00,17614.599609375,17617.30078125,17534.25,17538.55078125,0
2022-09-07 06:45:00+00:00,17617.849609375,17636.55078125,17599.900390625,17614.849609375,0
2022-09-07 07:45:00+00:00,17628.94921875,17650.69921875,17617.69921875,17617.69921875,0
2022-09-07 08:45:00+00:00,17617.099609375,17646.69921875,17599.0,17628.25,0
2022-09-07 09:45:00+00:00,17629.5,17638.599609375,17616.5,17617.099609375,0
2022-09-08 03:45:00+00:00,17770.0,17791.150390625,17732.80078125,17748.150390625,0
2022-09-08 04:45:00+00:00,17746.150390625,17787.150390625,17731.30078125,17769.94921875,0
2022-09-08 05:45:00+00:00,17751.400390625,17756.900390625,17723.150390625,17746.55078125,0
2022-09-08 06:45:00+00:00,17723.19921875,17761.55078125,17692.900390625,17751.849609375,0
2022-09-08 07:45:00+00:00,17746.75,17754.900390625,17718.19921875,17722.94921875,0
2022-09-08 08:45:00+00:00,17796.349609375,17806.94921875,17740.400390625,17746.44921875,0
2022-09-08 09:45:00+00:00,17800.099609375,17804.5,17790.25,17796.099609375,0
2022-09-09 03:45:00+00:00,17894.30078125,17925.30078125,17868.75,17923.349609375,0
2022-09-09 04:45:00+00:00,17883.44921875,17919.44921875,17879.80078125,17891.599609375,0
2022-09-09 05:45:00+00:00,17824.900390625,17884.55078125,17824.900390625,17883.650390625,0
2022-09-09 06:45:00+00:00,17829.44921875,17861.25,17816.75,17824.80078125,0
2022-09-09 07:45:00+00:00,17846.849609375,17855.30078125,17786.150390625,17829.900390625,0
2022-09-09 08:45:00+00:00,17838.849609375,17868.30078125,17833.80078125,17846.30078125,0
2022-09-09 09:45:00+00:00,17829.30078125,17839.75,17809.69921875,17839.75,0
2022-09-12 03:45:00+00:00,17967.099609375,17967.80078125,17889.30078125,17890.849609375,0
2022-09-12 04:45:00+00:00,17946.900390625,17968.599609375,17931.150390625,17967.55078125,0
2022-09-12 05:45:00+00:00,17968.349609375,17970.75,17946.650390625,17947.0,0
2022-09-12 06:45:00+00:00,17952.55078125,17969.19921875,17945.150390625,17968.19921875,0
2022-09-12 07:45:00+00:00,17977.5,17980.19921875,17936.150390625,17952.150390625,0
2022-09-12 08:45:00+00:00,17933.25,17978.400390625,17930.849609375,17977.849609375,0
2022-09-12 09:45:00+00:00,17931.599609375,17936.349609375,17924.150390625,17932.19921875,0
2022-09-13 03:45:00+00:00,18058.80078125,18062.849609375,18021.349609375,18044.44921875,0
2022-09-13 04:45:00+00:00,18051.75,18065.25,18017.099609375,18058.5,0
2022-09-13 05:45:00+00:00,18070.94921875,18078.849609375,18033.5,18050.69921875,0
2022-09-13 06:45:00+00:00,18067.349609375,18080.69921875,18057.19921875,18070.80078125,0
2022-09-13 07:45:00+00:00,18081.94921875,18087.94921875,18058.900390625,18067.099609375,0
2022-09-13 08:45:00+00:00,18070.0,18084.099609375,18060.55078125,18081.19921875,0
2022-09-13 09:45:00+00:00,18066.5,18070.94921875,18058.44921875,18069.650390625,0
2022-09-14 03:45:00+00:00,17913.5,17945.5,17771.150390625,17771.150390625,0
2022-09-14 04:45:00+00:00,17949.05078125,17957.75,17902.80078125,17913.599609375,0
2022-09-14 05:45:00+00:00,18002.55078125,18014.55078125,17944.849609375,17948.44921875,0
2022-09-14 06:45:00+00:00,18055.900390625,18056.900390625,18001.400390625,18001.400390625,0
2022-09-14 07:45:00+00:00,18072.849609375,18073.5,18003.94921875,18055.30078125,0
2022-09-14 08:45:00+00:00,17980.44921875,18090.650390625,17980.44921875,18072.150390625,0
2022-09-14 09:45:00+00:00,18000.650390625,18003.30078125,17971.099609375,17980.19921875,0
2022-09-15 03:45:00+00:00,17971.55078125,18095.400390625,17941.849609375,18046.349609375,0
2022-09-15 04:45:00+00:00,17887.5,17997.0,17875.69921875,17972.30078125,0
2022-09-15 05:45:00+00:00,17895.400390625,17940.75,17865.650390625,17887.400390625,0
2022-09-15 06:45:00+00:00,17923.25,17941.150390625,17880.150390625,17895.94921875,0
2022-09-15 07:45:00+00:00,17910.650390625,17933.5,17863.19921875,17923.650390625,0
2022-09-15 08:45:00+00:00,17877.599609375,17962.400390625,17873.55078125,17910.599609375,0
2022-09-15 09:45:00+00:00,17872.30078125,17876.900390625,17861.94921875,17876.900390625,0
2022-09-16 03:45:00+00:00,17666.349609375,17815.80078125,17645.44921875,17796.80078125,0
2022-09-16 04:45:00+00:00,17699.849609375,17727.900390625,17643.80078125,17666.80078125,0
2022-09-16 05:45:00+00:00,17657.80078125,17700.400390625,17652.05078125,17700.099609375,0
2022-09-16 06:45:00+00:00,17600.400390625,17684.75,17600.30078125,17658.25,0
2022-09-16 07:45:00+00:00,17531.19921875,17611.80078125,17522.44921875,17600.650390625,0
2022-09-16 08:45:00+00:00,17542.349609375,17618.900390625,17498.69921875,17530.55078125,0
2022-09-16 09:45:00+00:00,17550.099609375,17552.05078125,17512.349609375,17542.349609375,0
2022-09-19 03:45:00+00:00,17625.400390625,17652.099609375,17431.0,17540.650390625,0
2022-09-19 04:45:00+00:00,17650.400390625,17665.94921875,17614.400390625,17625.30078125,0
2022-09-19 05:45:00+00:00,17633.44921875,17662.19921875,17579.349609375,17649.900390625,0
2022-09-19 06:45:00+00:00,17617.150390625,17654.80078125,17606.599609375,17632.44921875,0
2022-09-19 07:45:00+00:00,17654.75,17664.25,17585.55078125,17618.650390625,0
2022-09-19 08:45:00+00:00,17620.80078125,17663.44921875,17587.44921875,17654.099609375,0
2022-09-19 09:45:00+00:00,17631.849609375,17641.75,17617.5,17620.599609375,0
2022-09-20 03:45:00+00:00,17855.30078125,17861.55078125,17761.94921875,17770.400390625,0
2022-09-20 04:45:00+00:00,17871.75,17879.30078125,17846.099609375,17854.94921875,0
2022-09-20 05:45:00+00:00,17882.80078125,17890.19921875,17844.150390625,17871.30078125,0
2022-09-20 06:45:00+00:00,17913.25,17918.44921875,17874.05078125,17882.150390625,0
2022-09-20 07:45:00+00:00,17883.94921875,17916.75,17853.599609375,17912.849609375,0
2022-09-20 08:45:00+00:00,17804.55078125,17887.099609375,17802.849609375,17884.94921875,0
2022-09-20 09:45:00+00:00,17791.25,17814.80078125,17780.5,17804.0,0
2022-09-21 03:45:00+00:00,17794.150390625,17838.69921875,17739.5,17766.349609375,0
2022-09-21 04:45:00+00:00,17805.0,17820.30078125,17781.19921875,17794.150390625,0
2022-09-21 05:45:00+00:00,17690.5,17813.75,17667.30078125,17804.849609375,0
2022-09-21 06:45:00+00:00,17712.099609375,17747.05078125,17663.69921875,17691.05078125,0
2022-09-21 07:45:00+00:00,17785.599609375,17793.900390625,17708.44921875,17713.44921875,0
2022-09-21 08:45:00+00:00,17716.75,17790.849609375,17712.900390625,17786.25,0
2022-09-21 09:45:00+00:00,17715.900390625,17725.599609375,17707.75,17716.80078125,0
2022-09-22 03:45:00+00:00,17665.44921875,17707.55078125,17583.30078125,17609.650390625,0
2022-09-22 04:45:00+00:00,17625.94921875,17666.55078125,17597.599609375,17666.55078125,0
2022-09-22 05:45:00+00:00,17558.30078125,17626.900390625,17545.150390625,17626.650390625,0
2022-09-22 06:45:00+00:00,17608.25,17609.80078125,17532.69921875,17558.849609375,0
2022-09-22 07:45:00+00:00,17690.0,17722.650390625,17607.55078125,17608.0,0
2022-09-22 08:45:00+00:00,17623.30078125,17719.599609375,17612.30078125,17690.30078125,0
2022-09-22 09:45:00+00:00,17635.94921875,17640.19921875,17614.94921875,17623.44921875,0
2022-09-23 03:45:00+00:00,17460.30078125,17640.44921875,17436.400390625,17593.849609375,0
2022-09-23 04:45:00+00:00,17440.30078125,17479.400390625,17421.150390625,17461.099609375,0
2022-09-23 05:45:00+00:00,17432.19921875,17473.44921875,17413.80078125,17439.55078125,0
2022-09-23 06:45:00+00:00,17391.650390625,17444.599609375,17380.80078125,17432.30078125,0
2022-09-23 07:45:00+00:00,17365.19921875,17418.94921875,17342.599609375,17392.150390625,0
2022-09-23 08:45:00+00:00,17322.5,17373.44921875,17293.0,17365.94921875,0
2022-09-23 09:45:00+00:00,17332.25,17339.0,17315.94921875,17322.44921875,0
2022-09-26 03:45:00+00:00,17046.599609375,17195.75,17024.599609375,17156.30078125,0
2022-09-26 04:45:00+00:00,16996.099609375,17066.400390625,16979.099609375,17046.75,0
2022-09-26 05:45:00+00:00,17065.150390625,17073.69921875,16990.5,16996.94921875,0
2022-09-26 06:45:00+00:00,17161.25,17166.44921875,17038.05078125,17078.849609375,0
2022-09-26 07:45:00+00:00,17070.349609375,17167.349609375,17060.75,17161.099609375,0
2022-09-26 08:45:00+00:00,17021.55078125,17142.400390625,16984.05078125,17070.80078125,0
2022-09-26 09:45:00+00:00,17027.849609375,17030.94921875,17012.849609375,17020.05078125,0
2022-09-27 03:45:00+00:00,17033.25,17175.599609375,17022.5,17110.900390625,0
2022-09-27 04:45:00+00:00,16946.30078125,17067.19921875,16943.30078125,17032.05078125,0
2022-09-27 05:45:00+00:00,17054.05078125,17078.0,16945.849609375,16946.80078125,0
2022-09-27 06:45:00+00:00,17083.349609375,17095.599609375,17014.94921875,17055.099609375,0
2022-09-27 07:45:00+00:00,17043.400390625,17118.599609375,17043.099609375,17083.69921875,0
2022-09-27 08:45:00+00:00,16999.30078125,17076.30078125,16965.0,17053.55078125,0
2022-09-27 09:45:00+00:00,17043.44921875,17043.44921875,16999.650390625,16999.650390625,0
2022-09-28 03:45:00+00:00,16959.55078125,16966.650390625,16825.55078125,16870.55078125,0
2022-09-28 04:45:00+00:00,16964.650390625,16976.599609375,16894.400390625,16959.69921875,0
2022-09-28 05:45:00+00:00,17022.05078125,17037.55078125,16955.25,16965.30078125,0
2022-09-28 06:45:00+00:00,16965.19921875,17023.0,16955.25,17022.25,0
2022-09-28 07:45:00+00:00,16942.849609375,17004.75,16934.55078125,16964.900390625,0
2022-09-28 08:45:00+00:00,16861.0,16957.55078125,16860.05078125,16942.650390625,0
2022-09-28 09:45:00+00:00,16826.150390625,16863.19921875,16820.900390625,16860.30078125,0
2022-09-29 03:45:00+00:00,16989.55078125,17025.849609375,16956.55078125,16993.599609375,0
2022-09-29 04:45:00+00:00,16929.099609375,16990.150390625,16924.80078125,16990.099609375,0
2022-09-29 05:45:00+00:00,16894.55078125,16942.650390625,16872.400390625,16929.55078125,0
2022-09-29 06:45:00+00:00,16816.25,16911.650390625,16804.400390625,16894.30078125,0
2022-09-29 07:45:00+00:00,16834.19921875,16849.80078125,16788.94921875,16815.05078125,0
2022-09-29 08:45:00+00:00,16830.05078125,16883.5,16791.900390625,16833.55078125,0
2022-09-29 09:45:00+00:00,16842.900390625,16850.69921875,16810.44921875,16830.44921875,0
2022-09-30 03:45:00+00:00,16851.900390625,16851.900390625,16748.69921875,16798.05078125,0
2022-09-30 04:45:00+00:00,16941.400390625,16969.900390625,16848.400390625,16848.400390625,0
2022-09-30 05:45:00+00:00,16994.25,17005.150390625,16929.099609375,16940.94921875,0
2022-09-30 06:45:00+00:00,17071.94921875,17111.44921875,16994.150390625,16994.150390625,0
2022-09-30 07:45:00+00:00,17162.650390625,17164.25,17071.349609375,17071.349609375,0
2022-09-30 08:45:00+00:00,17066.05078125,17186.80078125,17060.80078125,17163.55078125,0
2022-09-30 09:45:00+00:00,17107.19921875,17123.30078125,17064.900390625,17066.099609375,0
2022-10-03 03:45:00+00:00,16979.349609375,17113.150390625,16948.0,17102.099609375,0
2022-10-03 04:45:00+00:00,16979.80078125,17002.44921875,16946.349609375,16979.599609375,0
2022-10-03 05:45:00+00:00,17015.69921875,17059.75,16980.5,16980.5,0
2022-10-03 06:45:00+00:00,17020.650390625,17045.55078125,16979.349609375,17015.55078125,0
2022-10-03 07:45:00+00:00,16937.30078125,17046.25,16921.5,17020.849609375,0
2022-10-03 08:45:00+00:00,16891.25,16960.30078125,16855.599609375,16937.5,0
2022-10-03 09:45:00+00:00,16876.0,16898.05078125,16874.650390625,16892.849609375,0
2022-10-04 03:45:00+00:00,17223.25,17248.69921875,17126.849609375,17147.44921875,0
2022-10-04 04:45:00+00:00,17218.94921875,17257.5,17191.400390625,17223.69921875,0
2022-10-04 05:45:00+00:00,17237.150390625,17244.30078125,17195.05078125,17218.849609375,0
2022-10-04 06:45:00+00:00,17245.900390625,17262.05078125,17221.55078125,17236.099609375,0
2022-10-04 07:45:00+00:00,17258.900390625,17271.150390625,17233.150390625,17245.69921875,0
2022-10-04 08:45:00+00:00,17273.75,17284.44921875,17232.19921875,17257.849609375,0
2022-10-04 09:45:00+00:00,17277.44921875,17283.5,17269.900390625,17273.400390625,0
2022-10-06 03:45:00+00:00,17401.25,17428.30078125,17345.400390625,17379.25,0
2022-10-06 04:45:00+00:00,17399.650390625,17422.75,17381.75,17401.400390625,0
2022-10-06 05:45:00+00:00,17384.25,17399.349609375,17341.349609375,17399.349609375,0
2022-10-06 06:45:00+00:00,17397.099609375,17409.650390625,17360.05078125,17384.349609375,0
2022-10-06 07:45:00+00:00,17356.349609375,17414.94921875,17351.30078125,17395.400390625,0
2022-10-06 08:45:00+00:00,17331.099609375,17364.099609375,17321.150390625,17356.150390625,0
2022-10-06 09:45:00+00:00,17316.30078125,17334.44921875,17316.30078125,17332.55078125,0
2022-10-07 03:45:00+00:00,17292.099609375,17334.55078125,17239.849609375,17287.19921875,0
2022-10-07 04:45:00+00:00,17267.30078125,17293.849609375,17243.69921875,17292.099609375,0
2022-10-07 05:45:00+00:00,17230.349609375,17273.94921875,17217.5,17268.30078125,0
2022-10-07 06:45:00+00:00,17265.150390625,17284.75,17228.599609375,17230.75,0
2022-10-07 07:45:00+00:00,17284.55078125,17298.650390625,17248.94921875,17265.30078125,0
2022-10-07 08:45:00+00:00,17307.099609375,17337.099609375,17279.44921875,17284.25,0
2022-10-07 09:45:00+00:00,17316.150390625,17322.099609375,17307.150390625,17307.150390625,0
2022-10-10 03:45:00+00:00,17085.900390625,17148.099609375,17065.80078125,17094.349609375,0
2022-10-10 04:45:00+00:00,17125.75,17128.900390625,17078.349609375,17085.75,0
2022-10-10 05:45:00+00:00,17213.25,17215.94921875,17117.650390625,17125.94921875,0
2022-10-10 06:45:00+00:00,17235.44921875,17279.900390625,17195.44921875,17213.150390625,0
2022-10-10 07:45:00+00:00,17159.349609375,17241.55078125,17140.099609375,17235.25,0
2022-10-10 08:45:00+00:00,17253.19921875,17261.69921875,17156.099609375,17160.099609375,0
2022-10-10 09:45:00+00:00,17252.44921875,17257.05078125,17238.80078125,17253.44921875,0
2022-10-11 03:45:00+00:00,17175.25,17256.05078125,17141.30078125,17256.05078125,0
2022-10-11 04:45:00+00:00,17150.650390625,17188.19921875,17120.25,17174.69921875,0
2022-10-11 05:45:00+00:00,17201.349609375,17213.349609375,17147.44921875,17149.94921875,0
2022-10-11 06:45:00+00:00,17124.650390625,17208.599609375,17103.94921875,17201.5,0
2022-10-11 07:45:00+00:00,17135.349609375,17143.44921875,17102.55078125,17123.94921875,0
2022-10-11 08:45:00+00:00,16980.44921875,17140.75,16980.44921875,17134.80078125,0
2022-10-11 09:45:00+00:00,16964.150390625,16983.650390625,16950.650390625,16982.400390625,0
2022-10-12 03:45:00+00:00,17007.599609375,17071.19921875,16978.05078125,17025.55078125,0
2022-10-12 04:45:00+00:00,16995.55078125,17046.0,16960.5,17006.19921875,0
2022-10-12 05:45:00+00:00,17099.650390625,17101.0,16992.44921875,16995.849609375,0
2022-10-12 06:45:00+00:00,17048.05078125,17105.30078125,17043.55078125,17099.650390625,0
2022-10-12 07:45:00+00:00,17091.599609375,17102.05078125,17035.5,17048.0,0
2022-10-12 08:45:00+00:00,17124.849609375,17141.650390625,17086.44921875,17094.44921875,0
2022-10-12 09:45:00+00:00,17129.05078125,17132.75,17115.80078125,17124.25,0
2022-10-13 03:45:00+00:00,17029.05078125,17111.0,17027.0,17087.349609375,0
2022-10-13 04:45:00+00:00,17014.25,17043.80078125,16996.849609375,17029.849609375,0
2022-10-13 05:45:00+00:00,16995.05078125,17016.55078125,16958.150390625,17014.099609375,0
2022-10-13 06:45:00+00:00,17021.599609375,17037.19921875,16968.599609375,16995.849609375,0
2022-10-13 07:45:00+00:00,17022.849609375,17030.900390625,16982.599609375,17020.849609375,0
2022-10-13 08:45:00+00:00,17017.849609375,17080.25,16992.150390625,17023.25,0
2022-10-13 09:45:00+00:00,17017.80078125,17028.650390625,17011.099609375,17016.94921875,0
2022-10-14 03:45:00+00:00,17298.69921875,17328.650390625,17268.400390625,17322.30078125,0
2022-10-14 04:45:00+00:00,17296.25,17308.5,17252.0,17298.75,0
2022-10-14 05:45:00+00:00,17344.400390625,17347.599609375,17291.599609375,17296.400390625,0
2022-10-14 06:45:00+00:00,17289.44921875,17347.650390625,17272.05078125,17343.19921875,0
2022-10-14 07:45:00+00:00,17256.30078125,17311.400390625,17235.849609375,17289.44921875,0
2022-10-14 08:45:00+00:00,17180.5,17257.650390625,17170.05078125,17256.80078125,0
2022-10-14 09:45:00+00:00,17200.349609375,17203.150390625,17171.94921875,17180.099609375,0
2022-10-17 03:45:00+00:00,17219.25,17219.400390625,17098.94921875,17144.80078125,0
2022-10-17 04:45:00+00:00,17263.69921875,17284.05078125,17216.75,17219.349609375,0
2022-10-17 05:45:00+00:00,17271.94921875,17272.94921875,17227.650390625,17264.099609375,0
2022-10-17 06:45:00+00:00,17298.099609375,17306.599609375,17256.19921875,17272.05078125,0
2022-10-17 07:45:00+00:00,17292.19921875,17328.19921875,17269.349609375,17296.94921875,0
2022-10-17 08:45:00+00:00,17298.05078125,17327.599609375,17276.55078125,17291.150390625,0
2022-10-17 09:45:00+00:00,17320.55078125,17327.19921875,17293.30078125,17298.099609375,0
2022-10-18 03:45:00+00:00,17503.599609375,17520.650390625,17438.75,17438.75,0
2022-10-18 04:45:00+00:00,17483.099609375,17527.400390625,17469.150390625,17503.30078125,0
2022-10-18 05:45:00+00:00,17508.19921875,17508.75,17457.19921875,17482.849609375,0
2022-10-18 06:45:00+00:00,17490.19921875,17508.5,17475.05078125,17507.75,0
2022-10-18 07:45:00+00:00,17471.19921875,17494.099609375,17458.849609375,17490.099609375,0
2022-10-18 08:45:00+00:00,17483.650390625,17495.69921875,17443.69921875,17471.25,0
2022-10-18 09:45:00+00:00,17490.599609375,17493.94921875,17482.30078125,17483.55078125,0
2022-10-19 03:45:00+00:00,17571.80078125,17587.5,17538.349609375,17568.150390625,0
2022-10-19 04:45:00+00:00,17579.349609375,17607.150390625,17562.150390625,17572.69921875,0
2022-10-19 05:45:00+00:00,17547.44921875,17592.599609375,17537.5,17579.19921875,0
2022-10-19 06:45:00+00:00,17517.5,17557.25,17493.75,17546.94921875,0
2022-10-19 07:45:00+00:00,17546.44921875,17552.150390625,17505.69921875,17517.75,0
2022-10-19 08:45:00+00:00,17509.349609375,17557.55078125,17472.900390625,17546.69921875,0
2022-10-19 09:45:00+00:00,17518.849609375,17530.849609375,17500.650390625,17509.349609375,0
2022-10-20 03:45:00+00:00,17473.099609375,17478.900390625,17421.5,17423.099609375,0
2022-10-20 04:45:00+00:00,17480.30078125,17518.099609375,17459.30078125,17473.05078125,0
2022-10-20 05:45:00+00:00,17476.099609375,17495.150390625,17465.099609375,17480.69921875,0
2022-10-20 06:45:00+00:00,17506.19921875,17524.400390625,17475.599609375,17475.900390625,0
2022-10-20 07:45:00+00:00,17506.150390625,17515.599609375,17468.75,17505.849609375,0
2022-10-20 08:45:00+00:00,17567.19921875,17567.19921875,17495.150390625,17506.150390625,0
2022-10-20 09:45:00+00:00,17565.25,17584.099609375,17562.650390625,17566.75,0
2022-10-21 03:45:00+00:00,17649.80078125,17657.19921875,17604.75,17622.849609375,0
2022-10-21 04:45:00+00:00,17634.44921875,17650.69921875,17623.849609375,17649.80078125,0
2022-10-21 05:45:00+00:00,17654.69921875,17669.75,17632.349609375,17633.55078125,0
2022-10-21 06:45:00+00:00,17651.75,17659.099609375,17625.349609375,17654.849609375,0
2022-10-21 07:45:00+00:00,17572.150390625,17656.80078125,17550.69921875,17652.30078125,0
2022-10-21 08:45:00+00:00,17574.44921875,17582.400390625,17521.25,17572.25,0
2022-10-21 09:45:00+00:00,17583.75,17596.75,17570.75,17574.80078125,0
2022-10-24 12:45:00+00:00,17740.69921875,17776.5,17733.44921875,17736.349609375,0
2022-10-25 03:45:00+00:00,17757.19921875,17808.30078125,17709.099609375,17808.30078125,0
2022-10-25 04:45:00+00:00,17683.099609375,17758.80078125,17679.150390625,17757.44921875,0
2022-10-25 05:45:00+00:00,17692.05078125,17704.69921875,17665.94921875,17682.80078125,0
2022-10-25 06:45:00+00:00,17661.099609375,17697.30078125,17654.5,17691.80078125,0
2022-10-25 07:45:00+00:00,17708.0,17715.69921875,17660.69921875,17661.099609375,0
2022-10-25 08:45:00+00:00,17651.69921875,17718.80078125,17650.30078125,17707.849609375,0
2022-10-25 09:45:00+00:00,17642.650390625,17656.44921875,17639.5,17652.94921875,0
2022-10-27 03:45:00+00:00,17731.400390625,17783.0,17727.44921875,17771.400390625,0
2022-10-27 04:45:00+00:00,17735.75,17747.900390625,17718.400390625,17730.900390625,0
2022-10-27 05:45:00+00:00,17710.650390625,17739.19921875,17704.599609375,17735.599609375,0
2022-10-27 06:45:00+00:00,17687.599609375,17713.44921875,17676.849609375,17710.55078125,0
2022-10-27 07:45:00+00:00,17703.05078125,17712.900390625,17683.0,17687.75,0
2022-10-27 08:45:00+00:00,17734.94921875,17740.099609375,17654.69921875,17703.05078125,0
2022-10-27 09:45:00+00:00,17758.900390625,17773.30078125,17734.75,17734.75,0
2022-10-28 03:45:00+00:00,17833.19921875,17835.099609375,17748.80078125,17756.400390625,0
2022-10-28 04:45:00+00:00,17785.44921875,17838.69921875,17784.19921875,17832.94921875,0
2022-10-28 05:45:00+00:00,17773.05078125,17788.05078125,17756.349609375,17785.19921875,0
2022-10-28 06:45:00+00:00,17752.650390625,17778.05078125,17736.599609375,17772.900390625,0
2022-10-28 07:45:00+00:00,17733.5,17766.0,17724.0,17752.05078125,0
2022-10-28 08:45:00+00:00,17791.25,17791.349609375,17732.5,17733.650390625,0
2022-10-28 09:45:00+00:00,17795.94921875,17800.5,17788.150390625,17790.55078125,0
2022-10-31 03:45:00+00:00,17958.19921875,17971.69921875,17901.19921875,17910.19921875,0
2022-10-31 04:45:00+00:00,17966.349609375,17968.099609375,17937.650390625,17958.099609375,0
2022-10-31 05:45:00+00:00,17981.900390625,17989.400390625,17962.30078125,17966.25,0
2022-10-31 06:45:00+00:00,17971.0,17990.150390625,17962.5,17982.19921875,0
2022-10-31 07:45:00+00:00,17956.80078125,17985.349609375,17949.5,17970.349609375,0
2022-10-31 08:45:00+00:00,18017.94921875,18021.94921875,17951.5,17957.150390625,0
2022-10-31 09:45:00+00:00,18015.69921875,18022.69921875,18010.19921875,18017.69921875,0
2022-11-01 03:45:00+00:00,18160.94921875,18162.05078125,18088.650390625,18130.69921875,0
2022-11-01 04:45:00+00:00,18154.75,18175.400390625,18144.55078125,18160.650390625,0
2022-11-01 05:45:00+00:00,18124.5,18161.55078125,18123.0,18156.25,0
2022-11-01 06:45:00+00:00,18068.5,18134.05078125,18060.900390625,18124.5,0
2022-11-01 07:45:00+00:00,18108.099609375,18124.5,18064.849609375,18067.650390625,0
2022-11-01 08:45:00+00:00,18148.30078125,18153.44921875,18098.55078125,18107.650390625,0
2022-11-01 09:45:00+00:00,18142.75,18155.599609375,18137.55078125,18148.94921875,0
2022-11-02 03:45:00+00:00,18119.44921875,18177.900390625,18102.05078125,18177.900390625,0
2022-11-02 04:45:00+00:00,18116.650390625,18130.94921875,18092.650390625,18119.19921875,0
2022-11-02 05:45:00+00:00,18088.69921875,18121.69921875,18085.55078125,18117.849609375,0
2022-11-02 06:45:00+00:00,18079.19921875,18097.349609375,18058.099609375,18089.400390625,0
2022-11-02 07:45:00+00:00,18051.25,18099.25,18049.94921875,18080.099609375,0
2022-11-02 08:45:00+00:00,18082.650390625,18092.44921875,18051.900390625,18051.900390625,0
2022-11-02 09:45:00+00:00,18072.099609375,18090.75,18070.69921875,18082.599609375,0
2022-11-03 03:45:00+00:00,18081.30078125,18081.30078125,17964.599609375,17968.349609375,0
2022-11-03 04:45:00+00:00,18085.349609375,18105.69921875,18059.5,18081.69921875,0
2022-11-03 05:45:00+00:00,18040.94921875,18096.55078125,18033.19921875,18085.30078125,0
2022-11-03 06:45:00+00:00,18030.30078125,18044.80078125,18002.849609375,18041.19921875,0
2022-11-03 07:45:00+00:00,18027.19921875,18052.05078125,18011.44921875,18030.19921875,0
2022-11-03 08:45:00+00:00,18050.400390625,18068.25,18008.5,18027.599609375,0
2022-11-03 09:45:00+00:00,18048.05078125,18057.94921875,18042.599609375,18049.900390625,0
2022-11-04 03:45:00+00:00,18034.0,18107.55078125,18027.25,18053.400390625,0
2022-11-04 04:45:00+00:00,18038.099609375,18040.349609375,18017.5,18033.650390625,0
2022-11-04 05:45:00+00:00,18046.30078125,18053.75,18030.900390625,18038.349609375,0
2022-11-04 06:45:00+00:00,18053.0,18064.19921875,18038.400390625,18046.650390625,0
2022-11-04 07:45:00+00:00,18056.599609375,18061.19921875,18041.94921875,18053.25,0
2022-11-04 08:45:00+00:00,18124.099609375,18128.349609375,18047.30078125,18056.44921875,0
2022-11-04 09:45:00+00:00,18127.900390625,18134.19921875,18117.099609375,18123.349609375,0
2022-11-07 03:45:00+00:00,18142.69921875,18254.349609375,18142.69921875,18211.75,0
2022-11-07 04:45:00+00:00,18144.25,18151.5,18116.0,18142.5,0
2022-11-07 05:45:00+00:00,18143.44921875,18159.55078125,18133.80078125,18144.099609375,0
2022-11-07 06:45:00+00:00,18110.05078125,18151.44921875,18102.650390625,18142.94921875,0
2022-11-07 07:45:00+00:00,18126.55078125,18135.400390625,18064.900390625,18109.599609375,0
2022-11-07 08:45:00+00:00,18202.25,18206.94921875,18125.5,18126.30078125,0
2022-11-07 09:45:00+00:00,18203.349609375,18218.599609375,18197.55078125,18202.05078125,0
2022-11-09 03:45:00+00:00,18222.94921875,18288.25,18205.19921875,18288.25,0
2022-11-09 04:45:00+00:00,18189.400390625,18227.05078125,18184.05078125,18223.5,0
2022-11-09 05:45:00+00:00,18174.650390625,18202.849609375,18168.099609375,18189.19921875,0
2022-11-09 06:45:00+00:00,18184.0,18198.0,18172.650390625,18174.5,0
2022-11-09 07:45:00+00:00,18206.69921875,18212.94921875,18166.5,18184.099609375,0
2022-11-09 08:45:00+00:00,18172.44921875,18212.0,18118.650390625,18206.94921875,0
2022-11-09 09:45:00+00:00,18121.05078125,18174.650390625,18119.05078125,18172.69921875,0
2022-11-10 03:45:00+00:00,18025.150390625,18102.94921875,18011.25,18044.349609375,0
2022-11-10 04:45:00+00:00,18035.25,18049.55078125,18020.55078125,18026.0,0
2022-11-10 05:45:00+00:00,18013.44921875,18061.05078125,18013.44921875,18035.75,0
2022-11-10 06:45:00+00:00,17994.55078125,18016.400390625,17973.849609375,18013.5,0
2022-11-10 07:45:00+00:00,18001.94921875,18013.650390625,17990.30078125,17994.75,0
2022-11-10 08:45:00+00:00,18027.400390625,18033.400390625,17969.599609375,18002.05078125,0
2022-11-10 09:45:00+00:00,18036.80078125,18040.349609375,18024.599609375,18028.599609375,0
2022-11-11 03:45:00+00:00,18310.55078125,18330.900390625,18260.25,18272.349609375,0
2022-11-11 04:45:00+00:00,18310.0,18319.05078125,18281.30078125,18308.900390625,0
2022-11-11 05:45:00+00:00,18320.44921875,18327.55078125,18295.349609375,18311.30078125,0
2022-11-11 06:45:00+00:00,18324.900390625,18346.849609375,18308.55078125,18319.849609375,0
2022-11-11 07:45:00+00:00,18347.69921875,18348.400390625,18307.25,18325.0,0
2022-11-11 08:45:00+00:00,18349.400390625,18360.75,18329.55078125,18345.69921875,0
2022-11-11 09:45:00+00:00,18355.30078125,18360.0,18340.849609375,18348.5,0
2022-11-14 03:45:00+00:00,18351.19921875,18399.0,18339.25,18376.400390625,0
2022-11-14 04:45:00+00:00,18345.849609375,18367.80078125,18328.0,18350.900390625,0
2022-11-14 05:45:00+00:00,18336.650390625,18349.80078125,18327.25,18346.0,0
2022-11-14 06:45:00+00:00,18332.69921875,18346.900390625,18311.80078125,18336.94921875,0
2022-11-14 07:45:00+00:00,18373.099609375,18375.05078125,18330.80078125,18332.94921875,0
2022-11-14 08:45:00+00:00,18330.44921875,18374.44921875,18323.099609375,18372.80078125,0
2022-11-14 09:45:00+00:00,18320.25,18335.44921875,18314.69921875,18330.55078125,0
2022-11-15 03:45:00+00:00,18307.5,18376.599609375,18282.849609375,18362.75,0
2022-11-15 04:45:00+00:00,18285.0,18309.44921875,18282.25,18308.0,0
2022-11-15 05:45:00+00:00,18294.05078125,18309.05078125,18284.400390625,18285.0,0
2022-11-15 06:45:00+00:00,18330.44921875,18343.900390625,18287.55078125,18294.099609375,0
2022-11-15 07:45:00+00:00,18320.400390625,18345.05078125,18318.55078125,18330.75,0
2022-11-15 08:45:00+00:00,18406.599609375,18410.150390625,18309.0,18320.44921875,0
2022-11-15 09:45:00+00:00,18421.55078125,18426.55078125,18402.650390625,18406.400390625,0
2022-11-16 03:45:00+00:00,18397.94921875,18414.900390625,18355.30078125,18398.25,0
2022-11-16 04:45:00+00:00,18421.44921875,18438.349609375,18393.849609375,18398.150390625,0
2022-11-16 05:45:00+00:00,18403.599609375,18441.80078125,18386.150390625,18421.349609375,0
2022-11-16 06:45:00+00:00,18409.94921875,18424.650390625,18403.30078125,18404.0,0
2022-11-16 07:45:00+00:00,18385.849609375,18437.599609375,18385.849609375,18409.599609375,0
2022-11-16 08:45:00+00:00,18412.05078125,18423.5,18344.5,18386.400390625,0
2022-11-16 09:45:00+00:00,18404.849609375,18416.150390625,18396.69921875,18412.650390625,0
2022-11-17 03:45:00+00:00,18382.099609375,18417.19921875,18352.5,18358.69921875,0
2022-11-17 04:45:00+00:00,18360.30078125,18389.25,18360.30078125,18381.900390625,0
2022-11-17 05:45:00+00:00,18363.25,18380.099609375,18350.55078125,18361.19921875,0
2022-11-17 06:45:00+00:00,18391.349609375,18398.650390625,18359.599609375,18363.849609375,0
2022-11-17 07:45:00+00:00,18404.849609375,18409.099609375,18384.5,18390.5,0
2022-11-17 08:45:00+00:00,18323.150390625,18406.099609375,18321.650390625,18404.650390625,0
2022-11-17 09:45:00+00:00,18333.94921875,18341.69921875,18313.05078125,18323.75,0
2022-11-18 03:45:00+00:00,18286.94921875,18393.80078125,18284.650390625,18382.94921875,0
2022-11-18 04:45:00+00:00,18226.650390625,18304.349609375,18222.30078125,18286.75,0
2022-11-18 05:45:00+00:00,18245.30078125,18261.650390625,18225.25,18225.25,0
2022-11-18 06:45:00+00:00,18254.75,18260.150390625,18236.69921875,18244.75,0
2022-11-18 07:45:00+00:00,18217.44921875,18273.5,18210.30078125,18254.25,0
2022-11-18 08:45:00+00:00,18322.55078125,18327.349609375,18210.599609375,18218.55078125,0
2022-11-18 09:45:00+00:00,18304.349609375,18326.44921875,18295.19921875,18323.75,0
2022-11-21 03:45:00+00:00,18179.05078125,18253.150390625,18147.19921875,18246.400390625,0
2022-11-21 04:45:00+00:00,18177.69921875,18189.94921875,18151.5,18179.349609375,0
2022-11-21 05:45:00+00:00,18162.44921875,18187.900390625,18157.75,18177.25,0
2022-11-21 06:45:00+00:00,18150.25,18169.650390625,18145.44921875,18162.80078125,0
2022-11-21 07:45:00+00:00,18155.5,18170.400390625,18136.150390625,18149.94921875,0
2022-11-21 08:45:00+00:00,18171.30078125,18172.94921875,18133.900390625,18155.400390625,0
2022-11-21 09:45:00+00:00,18157.94921875,18173.69921875,18146.05078125,18172.5,0
2022-11-22 03:45:00+00:00,18207.19921875,18210.5,18138.5,18179.150390625,0
2022-11-22 04:45:00+00:00,18206.69921875,18215.900390625,18195.30078125,18206.5,0
2022-11-22 05:45:00+00:00,18217.150390625,18220.400390625,18198.349609375,18205.900390625,0
2022-11-22 06:45:00+00:00,18205.900390625,18226.099609375,18202.400390625,18217.599609375,0
2022-11-22 07:45:00+00:00,18208.900390625,18228.599609375,18202.150390625,18206.05078125,0
2022-11-22 08:45:00+00:00,18249.44921875,18249.44921875,18197.599609375,18208.5,0
2022-11-22 09:45:00+00:00,18251.5,18257.400390625,18244.44921875,18249.150390625,0
2022-11-23 03:45:00+00:00,18270.099609375,18325.19921875,18265.650390625,18325.19921875,0
2022-11-23 04:45:00+00:00,18269.5,18275.94921875,18251.80078125,18270.099609375,0
2022-11-23 05:45:00+00:00,18280.19921875,18280.69921875,18265.75,18269.30078125,0
2022-11-23 06:45:00+00:00,18273.849609375,18281.400390625,18264.650390625,18279.849609375,0
2022-11-23 07:45:00+00:00,18289.55078125,18291.650390625,18268.80078125,18273.94921875,0
2022-11-23 08:45:00+00:00,18271.5,18312.650390625,18262.400390625,18289.55078125,0
2022-11-23 09:45:00+00:00,18254.099609375,18272.05078125,18248.25,18271.30078125,0
2022-11-24 03:45:00+00:00,18351.849609375,18357.0,18294.44921875,18326.099609375,0
2022-11-24 04:45:00+00:00,18365.0,18375.55078125,18351.19921875,18352.44921875,0
2022-11-24 05:45:00+00:00,18384.349609375,18386.5,18359.19921875,18365.30078125,0
2022-11-24 06:45:00+00:00,18380.75,18396.69921875,18374.099609375,18384.69921875,0
2022-11-24 07:45:00+00:00,18401.55078125,18402.400390625,18368.30078125,18380.849609375,0
2022-11-24 08:45:00+00:00,18482.75,18484.30078125,18387.349609375,18401.80078125,0
2022-11-24 09:45:00+00:00,18510.849609375,18527.44921875,18482.05078125,18482.25,0
2022-11-25 03:45:00+00:00,18477.05078125,18528.44921875,18445.5,18528.44921875,0
2022-11-25 04:45:00+00:00,18461.5,18499.55078125,18459.55078125,18477.400390625,0
2022-11-25 05:45:00+00:00,18463.05078125,18484.650390625,18451.19921875,18460.25,0
2022-11-25 06:45:00+00:00,18484.75,18495.099609375,18461.05078125,18462.55078125,0
2022-11-25 07:45:00+00:00,18486.94921875,18512.5,18475.75,18483.44921875,0
2022-11-25 08:45:00+00:00,18524.650390625,18534.69921875,18467.900390625,18486.849609375,0
2022-11-25 09:45:00+00:00,18498.400390625,18525.69921875,18494.5,18525.69921875,0
2022-11-28 03:45:00+00:00,18539.75,18549.400390625,18430.55078125,18430.55078125,0
2022-11-28 04:45:00+00:00,18565.19921875,18566.75,18535.05078125,18539.900390625,0
2022-11-28 05:45:00+00:00,18593.75,18594.80078125,18558.25,18564.69921875,0
2022-11-28 06:45:00+00:00,18606.849609375,18610.55078125,18579.0,18593.599609375,0
2022-11-28 07:45:00+00:00,18582.150390625,18614.099609375,18573.69921875,18606.25,0
2022-11-28 08:45:00+00:00,18564.69921875,18608.5,18555.25,18582.94921875,0
2022-11-28 09:45:00+00:00,18553.400390625,18568.900390625,18546.900390625,18565.80078125,0
2022-11-29 03:45:00+00:00,18630.5,18633.650390625,18552.44921875,18552.44921875,0
2022-11-29 04:45:00+00:00,18657.599609375,18662.400390625,18627.94921875,18629.55078125,0
2022-11-29 05:45:00+00:00,18666.94921875,18669.0,18635.349609375,18657.25,0
2022-11-29 06:45:00+00:00,18660.94921875,18672.0,18645.650390625,18667.5,0
2022-11-29 07:45:00+00:00,18656.650390625,18677.69921875,18653.05078125,18660.900390625,0
2022-11-29 08:45:00+00:00,18614.5,18662.099609375,18614.150390625,18657.30078125,0
2022-11-29 09:45:00+00:00,18603.599609375,18620.5,18602.69921875,18615.30078125,0
2022-11-30 03:45:00+00:00,18643.650390625,18679.19921875,18616.650390625,18625.69921875,0
2022-11-30 04:45:00+00:00,18635.349609375,18643.75,18617.55078125,18643.75,0
2022-11-30 05:45:00+00:00,18644.349609375,18664.0,18625.849609375,18635.349609375,0
2022-11-30 06:45:00+00:00,18669.69921875,18670.80078125,18638.900390625,18644.25,0
2022-11-30 07:45:00+00:00,18666.099609375,18675.69921875,18652.94921875,18670.19921875,0
2022-11-30 08:45:00+00:00,18765.19921875,18765.69921875,18660.55078125,18665.849609375,0
2022-11-30 09:45:00+00:00,18776.94921875,18810.94921875,18765.0,18766.150390625,0
2022-12-01 03:45:00+00:00,18843.0,18886.69921875,18829.94921875,18871.94921875,0
2022-12-01 04:45:00+00:00,18840.30078125,18845.94921875,18817.44921875,18843.55078125,0
2022-12-01 05:45:00+00:00,18834.55078125,18842.30078125,18817.650390625,18840.30078125,0
2022-12-01 06:45:00+00:00,18844.150390625,18855.69921875,18832.44921875,18833.94921875,0
2022-12-01 07:45:00+00:00,18824.44921875,18853.099609375,18778.5,18844.150390625,0
2022-12-01 08:45:00+00:00,18808.150390625,18842.0,18795.94921875,18823.599609375,0
2022-12-01 09:45:00+00:00,18800.94921875,18820.599609375,18799.55078125,18808.400390625,0
2022-12-02 03:45:00+00:00,18703.75,18778.55078125,18701.099609375,18752.400390625,0
2022-12-02 04:45:00+00:00,18699.349609375,18711.5,18690.0,18704.05078125,0
2022-12-02 05:45:00+00:00,18646.80078125,18706.099609375,18642.25,18699.30078125,0
2022-12-02 06:45:00+00:00,18681.400390625,18683.849609375,18639.599609375,18646.349609375,0
2022-12-02 07:45:00+00:00,18687.80078125,18697.44921875,18655.900390625,18681.75,0
2022-12-02 08:45:00+00:00,18694.400390625,18705.80078125,18675.94921875,18688.30078125,0
2022-12-02 09:45:00+00:00,18705.19921875,18708.150390625,18691.25,18694.150390625,0
2022-12-05 03:45:00+00:00,18596.80078125,18723.849609375,18591.94921875,18719.55078125,0
2022-12-05 04:45:00+00:00,18638.400390625,18639.94921875,18596.099609375,18597.099609375,0
2022-12-05 05:45:00+00:00,18667.650390625,18668.25,18632.900390625,18638.849609375,0
2022-12-05 06:45:00+00:00,18677.849609375,18718.849609375,18667.55078125,18667.55078125,0
2022-12-05 07:45:00+00:00,18649.400390625,18680.05078125,18629.94921875,18677.349609375,0
2022-12-05 08:45:00+00:00,18716.099609375,18723.599609375,18641.650390625,18649.349609375,0
2022-12-05 09:45:00+00:00,18694.05078125,18718.75,18685.900390625,18715.900390625,0
2022-12-06 03:45:00+00:00,18635.75,18640.150390625,18579.19921875,18600.650390625,0
2022-12-06 04:45:00+00:00,18607.099609375,18648.05078125,18602.400390625,18635.19921875,0
2022-12-06 05:45:00+00:00,18604.5,18624.349609375,18599.30078125,18607.19921875,0
2022-12-06 06:45:00+00:00,18615.150390625,18617.349609375,18585.650390625,18604.400390625,0
2022-12-06 07:45:00+00:00,18616.75,18641.099609375,18596.5,18614.94921875,0
2022-12-06 08:45:00+00:00,18651.55078125,18654.19921875,18601.599609375,18616.650390625,0
2022-12-06 09:45:00+00:00,18647.80078125,18652.400390625,18636.30078125,18651.44921875,0
2022-12-07 03:45:00+00:00,18661.69921875,18665.69921875,18609.0,18638.849609375,0
2022-12-07 04:45:00+00:00,18585.150390625,18668.05078125,18565.0,18662.75,0
2022-12-07 05:45:00+00:00,18594.400390625,18595.849609375,18568.349609375,18584.80078125,0
2022-12-07 06:45:00+00:00,18597.099609375,18607.0,18569.400390625,18594.0,0
2022-12-07 07:45:00+00:00,18570.55078125,18614.80078125,18566.5,18597.5,0
2022-12-07 08:45:00+00:00,18553.599609375,18618.94921875,18550.400390625,18570.900390625,0
2022-12-07 09:45:00+00:00,18551.55078125,18556.650390625,18529.099609375,18554.75,0
2022-12-08 03:45:00+00:00,18601.80078125,18624.55078125,18537.19921875,18570.849609375,0
2022-12-08 04:45:00+00:00,18576.69921875,18612.400390625,18566.55078125,18602.19921875,0
2022-12-08 05:45:00+00:00,18579.69921875,18588.849609375,18568.400390625,18577.349609375,0
2022-12-08 06:45:00+00:00,18584.400390625,18595.849609375,18551.5,18579.599609375,0
2022-12-08 07:45:00+00:00,18588.44921875,18596.05078125,18568.599609375,18584.5,0
2022-12-08 08:45:00+00:00,18614.19921875,18617.25,18578.650390625,18588.94921875,0
2022-12-08 09:45:00+00:00,18614.400390625,18620.0,18606.44921875,18613.099609375,0
2022-12-09 03:45:00+00:00,18611.05078125,18662.400390625,18607.599609375,18662.400390625,0
2022-12-09 04:45:00+00:00,18554.25,18613.5,18548.349609375,18611.099609375,0
2022-12-09 05:45:00+00:00,18564.349609375,18565.69921875,18537.900390625,18554.349609375,0
2022-12-09 06:45:00+00:00,18490.400390625,18568.55078125,18455.650390625,18566.400390625,0
2022-12-09 07:45:00+00:00,18449.30078125,18499.0,18446.650390625,18488.30078125,0
2022-12-09 08:45:00+00:00,18509.5,18510.94921875,18411.150390625,18449.05078125,0
2022-12-09 09:45:00+00:00,18493.25,18512.19921875,18486.150390625,18509.44921875,0
2022-12-12 03:45:00+00:00,18477.94921875,18501.900390625,18347.05078125,18402.150390625,0
2022-12-12 04:45:00+00:00,18512.55078125,18521.0,18474.19921875,18478.650390625,0
2022-12-12 05:45:00+00:00,18487.5,18516.900390625,18475.44921875,18513.099609375,0
2022-12-12 06:45:00+00:00,18481.19921875,18511.150390625,18475.900390625,18486.94921875,0
2022-12-12 07:45:00+00:00,18457.80078125,18481.849609375,18442.5,18481.5,0
2022-12-12 08:45:00+00:00,18497.19921875,18508.05078125,18426.44921875,18458.55078125,0
2022-12-12 09:45:00+00:00,18494.69921875,18510.30078125,18493.75,18497.05078125,0
2022-12-13 03:45:00+00:00,18525.349609375,18539.900390625,18491.69921875,18524.400390625,0
2022-12-13 04:45:00+00:00,18552.849609375,18558.0,18522.099609375,18525.69921875,0
2022-12-13 05:45:00+00:00,18586.5,18592.099609375,18551.94921875,18553.0,0
2022-12-13 06:45:00+00:00,18599.69921875,18608.5,18570.75,18586.150390625,0
2022-12-13 07:45:00+00:00,18575.94921875,18602.849609375,18570.099609375,18599.5,0
2022-12-13 08:45:00+00:00,18605.849609375,18617.099609375,18563.099609375,18575.80078125,0
2022-12-13 09:45:00+00:00,18594.349609375,18612.05078125,18591.19921875,18605.80078125,0
2022-12-14 03:45:00+00:00,18663.349609375,18695.849609375,18652.400390625,18671.25,0
2022-12-14 04:45:00+00:00,18679.75,18680.55078125,18657.55078125,18663.05078125,0
2022-12-14 05:45:00+00:00,18687.44921875,18690.19921875,18676.0,18679.5,0
2022-12-14 06:45:00+00:00,18679.55078125,18692.30078125,18669.44921875,18687.400390625,0
2022-12-14 07:45:00+00:00,18634.400390625,18681.55078125,18633.19921875,18678.099609375,0
2022-12-14 08:45:00+00:00,18667.099609375,18676.349609375,18634.94921875,18634.94921875,0
2022-12-14 09:45:00+00:00,18643.0,18671.349609375,18640.19921875,18667.0,0
2022-12-15 03:45:00+00:00,18565.099609375,18651.44921875,18559.099609375,18614.400390625,0
2022-12-15 04:45:00+00:00,18578.80078125,18593.69921875,18561.0,18565.05078125,0
2022-12-15 05:45:00+00:00,18548.150390625,18580.650390625,18540.30078125,18579.44921875,0
2022-12-15 06:45:00+00:00,18521.80078125,18553.849609375,18515.650390625,18548.599609375,0
2022-12-15 07:45:00+00:00,18521.0,18527.55078125,18497.55078125,18521.44921875,0
2022-12-15 08:45:00+00:00,18406.80078125,18527.5,18406.599609375,18521.25,0
2022-12-15 09:45:00+00:00,18399.75,18415.650390625,18388.400390625,18407.0,0
2022-12-16 03:45:00+00:00,18331.5,18440.5,18300.25,18319.099609375,0
2022-12-16 04:45:00+00:00,18314.55078125,18343.94921875,18271.19921875,18331.55078125,0
2022-12-16 05:45:00+00:00,18328.5,18343.80078125,18301.099609375,18314.099609375,0
2022-12-16 06:45:00+00:00,18376.44921875,18410.80078125,18328.400390625,18328.5,0
2022-12-16 07:45:00+00:00,18328.349609375,18384.25,18309.80078125,18375.80078125,0
2022-12-16 08:45:00+00:00,18260.349609375,18328.30078125,18257.75,18328.30078125,0
2022-12-16 09:45:00+00:00,18270.099609375,18278.30078125,18255.69921875,18261.150390625,0
2022-12-19 03:45:00+00:00,18333.55078125,18346.400390625,18244.650390625,18288.099609375,0
2022-12-19 04:45:00+00:00,18339.44921875,18358.349609375,18322.94921875,18333.75,0
2022-12-19 05:45:00+00:00,18375.150390625,18375.150390625,18336.5,18340.0,0
2022-12-19 06:45:00+00:00,18333.0,18383.400390625,18322.05078125,18375.400390625,0
2022-12-19 07:45:00+00:00,18366.94921875,18375.650390625,18327.55078125,18331.599609375,0
2022-12-19 08:45:00+00:00,18418.69921875,18425.05078125,18352.25,18366.599609375,0
2022-12-19 09:45:00+00:00,18426.19921875,18431.25,18416.599609375,18418.650390625,0
2022-12-20 03:45:00+00:00,18232.599609375,18351.349609375,18210.849609375,18340.30078125,0
2022-12-20 04:45:00+00:00,18228.150390625,18243.900390625,18203.19921875,18231.19921875,0
2022-12-20 05:45:00+00:00,18245.44921875,18247.05078125,18204.44921875,18228.19921875,0
2022-12-20 06:45:00+00:00,18261.0,18291.900390625,18240.44921875,18245.349609375,0
2022-12-20 07:45:00+00:00,18298.849609375,18309.55078125,18247.349609375,18260.55078125,0
2022-12-20 08:45:00+00:00,18399.599609375,18404.650390625,18293.5,18299.0,0
2022-12-20 09:45:00+00:00,18385.849609375,18401.75,18381.55078125,18399.5,0
2022-12-21 03:45:00+00:00,18398.55078125,18472.5,18364.25,18435.150390625,0
2022-12-21 04:45:00+00:00,18361.599609375,18405.5,18339.099609375,18398.19921875,0
2022-12-21 05:45:00+00:00,18329.05078125,18387.05078125,18325.69921875,18361.19921875,0
2022-12-21 06:45:00+00:00,18300.25,18329.099609375,18266.94921875,18329.099609375,0
2022-12-21 07:45:00+00:00,18223.650390625,18301.19921875,18164.0,18299.94921875,0
2022-12-21 08:45:00+00:00,18206.94921875,18284.400390625,18176.94921875,18224.25,0
2022-12-21 09:45:00+00:00,18207.55078125,18209.599609375,18186.55078125,18207.80078125,0
2022-12-22 03:45:00+00:00,18158.94921875,18317.05078125,18158.94921875,18288.80078125,0
2022-12-22 04:45:00+00:00,18142.55078125,18169.849609375,18106.599609375,18161.55078125,0
2022-12-22 05:45:00+00:00,18080.849609375,18157.55078125,18075.94921875,18141.30078125,0
2022-12-22 06:45:00+00:00,18113.80078125,18136.650390625,18068.94921875,18080.25,0
2022-12-22 07:45:00+00:00,18167.400390625,18175.55078125,18100.44921875,18113.55078125,0
2022-12-22 08:45:00+00:00,18142.900390625,18182.75,18093.0,18167.80078125,0
2022-12-22 09:45:00+00:00,18114.69921875,18144.94921875,18108.5,18143.55078125,0
2022-12-23 03:45:00+00:00,17958.099609375,18045.80078125,17936.80078125,17977.650390625,0
2022-12-23 04:45:00+00:00,17951.55078125,17959.80078125,17913.44921875,17955.44921875,0
2022-12-23 05:45:00+00:00,17906.5,17954.25,17857.44921875,17951.349609375,0
2022-12-23 06:45:00+00:00,17897.94921875,17933.400390625,17886.599609375,17906.75,0
2022-12-23 07:45:00+00:00,17834.849609375,17911.80078125,17833.599609375,17898.0,0
2022-12-23 08:45:00+00:00,17810.650390625,17883.599609375,17780.44921875,17835.25,0
2022-12-23 09:45:00+00:00,17824.099609375,17828.5,17796.55078125,17811.150390625,0
2022-12-26 03:45:00+00:00,17933.44921875,17957.400390625,17775.55078125,17830.400390625,0
2022-12-26 04:45:00+00:00,17951.69921875,17963.849609375,17907.44921875,17933.5,0
2022-12-26 05:45:00+00:00,18000.25,18004.80078125,17948.150390625,17951.55078125,0
2022-12-26 06:45:00+00:00,17990.5,18006.25,17963.44921875,18001.099609375,0
2022-12-26 07:45:00+00:00,18011.150390625,18014.55078125,17974.0,17991.400390625,0
2022-12-26 08:45:00+00:00,17994.849609375,18083.5,17984.55078125,18012.650390625,0
2022-12-26 09:45:00+00:00,18009.599609375,18012.849609375,17990.650390625,17995.69921875,0
2022-12-27 03:45:00+00:00,18005.25,18133.400390625,17967.5,18089.80078125,0
2022-12-27 04:45:00+00:00,18049.599609375,18060.19921875,17993.599609375,18006.900390625,0
2022-12-27 05:45:00+00:00,18054.849609375,18065.80078125,18029.19921875,18048.0,0
2022-12-27 06:45:00+00:00,18055.80078125,18071.599609375,18014.849609375,18054.44921875,0
2022-12-27 07:45:00+00:00,18122.19921875,18124.55078125,18048.30078125,18055.69921875,0
2022-12-27 08:45:00+00:00,18132.94921875,18141.25,18073.44921875,18122.80078125,0
2022-12-27 09:45:00+00:00,18136.0,18148.599609375,18128.75,18131.80078125,0
2022-12-28 03:45:00+00:00,18142.5,18146.5,18071.5,18084.75,0
2022-12-28 04:45:00+00:00,18140.099609375,18146.5,18089.5,18142.900390625,0
2022-12-28 05:45:00+00:00,18141.900390625,18150.599609375,18119.05078125,18140.150390625,0
2022-12-28 06:45:00+00:00,18129.849609375,18152.599609375,18124.80078125,18143.099609375,0
2022-12-28 07:45:00+00:00,18164.05078125,18173.05078125,18115.44921875,18129.80078125,0
2022-12-28 08:45:00+00:00,18125.69921875,18165.599609375,18101.849609375,18163.30078125,0
2022-12-28 09:45:00+00:00,18106.900390625,18125.599609375,18106.44921875,18124.5,0
2022-12-29 03:45:00+00:00,18003.55078125,18060.400390625,17995.30078125,18045.69921875,0
2022-12-29 04:45:00+00:00,18019.349609375,18028.650390625,17992.900390625,18003.55078125,0
2022-12-29 05:45:00+00:00,18031.44921875,18050.150390625,18007.94921875,18019.19921875,0
2022-12-29 06:45:00+00:00,18052.349609375,18058.75,18008.349609375,18030.900390625,0
2022-12-29 07:45:00+00:00,18085.05078125,18097.44921875,18033.849609375,18052.599609375,0
2022-12-29 08:45:00+00:00,18195.650390625,18203.099609375,18073.599609375,18084.55078125,0
2022-12-29 09:45:00+00:00,18210.400390625,18210.849609375,18188.69921875,18195.900390625,0
2022-12-30 03:45:00+00:00,18219.099609375,18264.599609375,18211.650390625,18259.099609375,0
2022-12-30 04:45:00+00:00,18234.5,18252.44921875,18217.5,18219.349609375,0
2022-12-30 05:45:00+00:00,18206.19921875,18235.650390625,18185.25,18234.150390625,0
2022-12-30 06:45:00+00:00,18194.94921875,18233.900390625,18184.5,18205.900390625,0
2022-12-30 07:45:00+00:00,18199.44921875,18218.400390625,18164.94921875,18193.400390625,0
2022-12-30 08:45:00+00:00,18098.30078125,18206.69921875,18080.900390625,18198.650390625,0
2022-12-30 09:45:00+00:00,18117.05078125,18120.099609375,18081.05078125,18097.94921875,0
2023-01-02 03:45:00+00:00,18162.900390625,18172.94921875,18087.55078125,18131.69921875,0
2023-01-02 04:45:00+00:00,18186.5,18199.30078125,18155.400390625,18159.400390625,0
2023-01-02 05:45:00+00:00,18192.05078125,18192.94921875,18170.5,18186.099609375,0
2023-01-02 06:45:00+00:00,18182.349609375,18197.30078125,18153.900390625,18190.650390625,0
2023-01-02 07:45:00+00:00,18170.099609375,18193.44921875,18157.94921875,18182.25,0
2023-01-02 08:45:00+00:00,18193.05078125,18205.099609375,18123.19921875,18169.94921875,0
2023-01-02 09:45:00+00:00,18208.94921875,18215.099609375,18192.099609375,18192.099609375,0
2023-01-03 03:45:00+00:00,18230.25,18232.5,18149.94921875,18163.19921875,0
2023-01-03 04:45:00+00:00,18231.25,18238.94921875,18215.94921875,18230.099609375,0
2023-01-03 05:45:00+00:00,18198.19921875,18240.400390625,18195.80078125,18231.099609375,0
2023-01-03 06:45:00+00:00,18184.55078125,18198.94921875,18162.5,18198.349609375,0
2023-01-03 07:45:00+00:00,18205.44921875,18225.099609375,18183.599609375,18185.25,0
2023-01-03 08:45:00+00:00,18240.650390625,18251.849609375,18205.80078125,18205.80078125,0
2023-01-03 09:45:00+00:00,18234.30078125,18241.900390625,18229.400390625,18239.94921875,0
2023-01-04 03:45:00+00:00,18129.599609375,18241.19921875,18114.0,18230.650390625,0
2023-01-04 04:45:00+00:00,18096.849609375,18164.5,18088.599609375,18129.650390625,0
2023-01-04 05:45:00+00:00,18040.25,18112.150390625,18038.0,18096.69921875,0
2023-01-04 06:45:00+00:00,18078.94921875,18085.150390625,18038.400390625,18038.400390625,0
2023-01-04 07:45:00+00:00,18125.599609375,18131.400390625,18066.55078125,18078.599609375,0
2023-01-04 08:45:00+00:00,18052.849609375,18130.150390625,18022.599609375,18126.19921875,0
2023-01-04 09:45:00+00:00,18036.849609375,18054.44921875,18023.30078125,18052.349609375,0
2023-01-05 03:45:00+00:00,18063.25,18119.05078125,18013.900390625,18101.94921875,0
2023-01-05 04:45:00+00:00,18037.099609375,18084.400390625,18023.25,18065.0,0
2023-01-05 05:45:00+00:00,17981.099609375,18045.099609375,17970.05078125,18037.30078125,0
2023-01-05 06:45:00+00:00,17949.150390625,17985.44921875,17931.599609375,17982.900390625,0
2023-01-05 07:45:00+00:00,17912.349609375,17951.400390625,17892.599609375,17950.80078125,0
2023-01-05 08:45:00+00:00,17989.44921875,17999.55078125,17911.25,17912.30078125,0
2023-01-05 09:45:00+00:00,17999.80078125,18007.900390625,17989.30078125,17989.30078125,0
2023-01-06 03:45:00+00:00,17955.0,18046.599609375,17953.900390625,18008.05078125,0
2023-01-06 04:45:00+00:00,17913.69921875,17968.94921875,17909.099609375,17954.650390625,0
2023-01-06 05:45:00+00:00,17922.80078125,17948.75,17904.150390625,17914.099609375,0
2023-01-06 06:45:00+00:00,17830.400390625,17926.599609375,17824.80078125,17923.150390625,0
2023-01-06 07:45:00+00:00,17820.849609375,17853.19921875,17796.150390625,17831.69921875,0
2023-01-06 08:45:00+00:00,17869.849609375,17881.099609375,17797.55078125,17820.599609375,0
2023-01-06 09:45:00+00:00,17865.849609375,17872.150390625,17847.25,17869.44921875,0
2023-01-09 03:45:00+00:00,18059.650390625,18077.150390625,17936.69921875,17952.55078125,0
2023-01-09 04:45:00+00:00,18105.19921875,18108.5,18060.69921875,18060.69921875,0
2023-01-09 05:45:00+00:00,18130.19921875,18139.80078125,18097.69921875,18106.0,0
2023-01-09 06:45:00+00:00,18075.349609375,18141.0,18074.55078125,18130.80078125,0
2023-01-09 07:45:00+00:00,18053.25,18077.349609375,17997.400390625,18074.900390625,0
2023-01-09 08:45:00+00:00,18106.44921875,18107.30078125,18032.69921875,18053.349609375,0
2023-01-09 09:45:00+00:00,18088.75,18115.69921875,18083.900390625,18106.400390625,0
2023-01-10 03:45:00+00:00,17990.80078125,18122.900390625,17966.19921875,18121.30078125,0
2023-01-10 04:45:00+00:00,17954.599609375,18010.55078125,17949.150390625,17990.30078125,0
2023-01-10 05:45:00+00:00,17957.19921875,17964.94921875,17927.25,17954.0,0
2023-01-10 06:45:00+00:00,17890.25,17974.69921875,17878.94921875,17957.599609375,0
2023-01-10 07:45:00+00:00,17904.25,17918.849609375,17861.05078125,17891.25,0
2023-01-10 08:45:00+00:00,17921.849609375,17927.44921875,17857.25,17902.94921875,0
2023-01-10 09:45:00+00:00,17925.349609375,17928.900390625,17912.05078125,17922.5,0
2023-01-11 03:45:00+00:00,17957.05078125,17957.05078125,17825.349609375,17924.25,0
2023-01-11 04:45:00+00:00,17910.19921875,17975.400390625,17876.05078125,17957.55078125,0
2023-01-11 05:45:00+00:00,17904.55078125,17929.150390625,17871.0,17910.25,0
2023-01-11 06:45:00+00:00,17914.349609375,17921.05078125,17881.849609375,17903.94921875,0
2023-01-11 07:45:00+00:00,17876.05078125,17931.849609375,17865.0,17913.44921875,0
2023-01-11 08:45:00+00:00,17891.849609375,17939.69921875,17867.19921875,17874.849609375,0
2023-01-11 09:45:00+00:00,17888.400390625,17896.44921875,17879.30078125,17891.19921875,0
2023-01-12 03:45:00+00:00,17853.849609375,17944.80078125,17841.349609375,17920.849609375,0
2023-01-12 04:45:00+00:00,17800.849609375,17853.94921875,17796.349609375,17853.94921875,0
2023-01-12 05:45:00+00:00,17814.849609375,17827.150390625,17780.69921875,17800.400390625,0
2023-01-12 06:45:00+00:00,17826.849609375,17852.30078125,17810.69921875,17815.099609375,0
2023-01-12 07:45:00+00:00,17829.099609375,17837.900390625,17762.25,17825.5,0
2023-01-12 08:45:00+00:00,17858.349609375,17867.400390625,17813.69921875,17828.349609375,0
2023-01-12 09:45:00+00:00,17866.0,17869.25,17855.69921875,17858.349609375,0
2023-01-13 03:45:00+00:00,17785.0,17869.099609375,17774.55078125,17867.5,0
2023-01-13 04:45:00+00:00,17830.400390625,17835.0,17782.099609375,17784.69921875,0
2023-01-13 05:45:00+00:00,17851.099609375,17853.099609375,17813.69921875,17830.349609375,0
2023-01-13 06:45:00+00:00,17965.05078125,17965.05078125,17849.349609375,17851.150390625,0
2023-01-13 07:45:00+00:00,17989.75,17998.94921875,17945.150390625,17964.349609375,0
2023-01-13 08:45:00+00:00,17957.80078125,17992.5,17934.55078125,17988.19921875,0
2023-01-13 09:45:00+00:00,17950.5,17965.69921875,17947.0,17958.099609375,0
2023-01-16 03:45:00+00:00,17972.69921875,18049.650390625,17943.05078125,18033.150390625,0
2023-01-16 04:45:00+00:00,17956.5,17980.55078125,17956.400390625,17972.900390625,0
2023-01-16 05:45:00+00:00,17914.599609375,17957.099609375,17913.69921875,17957.099609375,0
2023-01-16 06:45:00+00:00,17920.599609375,17923.099609375,17880.19921875,17914.44921875,0
2023-01-16 07:45:00+00:00,17881.44921875,17944.30078125,17854.150390625,17920.80078125,0
2023-01-16 08:45:00+00:00,17894.849609375,17902.75,17858.94921875,17882.650390625,0
2023-01-16 09:45:00+00:00,17891.69921875,17904.44921875,17889.25,17894.69921875,0
2023-01-17 03:45:00+00:00,18004.900390625,18016.150390625,17888.19921875,17922.80078125,0
2023-01-17 04:45:00+00:00,17986.30078125,18029.849609375,17972.30078125,18005.25,0
2023-01-17 05:45:00+00:00,18008.650390625,18018.5,17970.650390625,17986.44921875,0
2023-01-17 06:45:00+00:00,17947.25,18009.55078125,17941.44921875,18009.25,0
2023-01-17 07:45:00+00:00,17989.5,17994.849609375,17926.69921875,17948.0,0
2023-01-17 08:45:00+00:00,18059.0,18062.099609375,17981.5,17990.5,0
2023-01-17 09:45:00+00:00,18056.80078125,18070.5,18052.25,18058.099609375,0
2023-01-18 03:45:00+00:00,18118.900390625,18131.599609375,18032.599609375,18074.30078125,0
2023-01-18 04:45:00+00:00,18141.30078125,18141.30078125,18101.25,18119.75,0
2023-01-18 05:45:00+00:00,18173.94921875,18177.099609375,18140.55078125,18141.19921875,0
2023-01-18 06:45:00+00:00,18146.30078125,18175.849609375,18145.599609375,18173.55078125,0
2023-01-18 07:45:00+00:00,18149.80078125,18180.150390625,18136.80078125,18146.25,0
2023-01-18 08:45:00+00:00,18154.94921875,18183.19921875,18143.55078125,18149.75,0
2023-01-18 09:45:00+00:00,18163.80078125,18169.650390625,18154.80078125,18154.849609375,0
2023-01-19 03:45:00+00:00,18076.75,18139.05078125,18064.30078125,18119.80078125,0
2023-01-19 04:45:00+00:00,18130.650390625,18155.099609375,18070.44921875,18076.099609375,0
2023-01-19 05:45:00+00:00,18133.94921875,18152.19921875,18109.30078125,18131.599609375,0
2023-01-19 06:45:00+00:00,18117.150390625,18144.900390625,18106.099609375,18134.099609375,0
2023-01-19 07:45:00+00:00,18131.349609375,18132.55078125,18104.94921875,18117.30078125,0
2023-01-19 08:45:00+00:00,18103.05078125,18138.19921875,18087.5,18131.55078125,0
2023-01-19 09:45:00+00:00,18089.05078125,18108.349609375,18084.94921875,18102.900390625,0
2023-01-20 03:45:00+00:00,18117.69921875,18119.900390625,18069.44921875,18115.599609375,0
2023-01-20 04:45:00+00:00,18104.30078125,18144.650390625,18103.849609375,18117.900390625,0
2023-01-20 05:45:00+00:00,18096.44921875,18119.25,18084.30078125,18104.80078125,0
2023-01-20 06:45:00+00:00,18095.5,18111.099609375,18079.19921875,18096.69921875,0
2023-01-20 07:45:00+00:00,18060.69921875,18105.94921875,18042.849609375,18096.400390625,0
2023-01-20 08:45:00+00:00,18029.349609375,18064.69921875,18019.099609375,18060.25,0
2023-01-20 09:45:00+00:00,18027.30078125,18032.75,18017.44921875,18029.44921875,0
2023-01-23 03:45:00+00:00,18148.650390625,18161.69921875,18064.75,18118.44921875,0
2023-01-23 04:45:00+00:00,18134.30078125,18156.75,18133.44921875,18148.30078125,0
2023-01-23 05:45:00+00:00,18112.75,18143.900390625,18108.900390625,18134.599609375,0
2023-01-23 06:45:00+00:00,18087.44921875,18116.44921875,18078.599609375,18112.75,0
2023-01-23 07:45:00+00:00,18123.650390625,18128.19921875,18086.25,18087.44921875,0
2023-01-23 08:45:00+00:00,18123.75,18136.349609375,18100.599609375,18123.05078125,0
2023-01-23 09:45:00+00:00,18104.94921875,18125.80078125,18097.5,18124.650390625,0
2023-01-24 03:45:00+00:00,18134.55078125,18200.75,18126.19921875,18183.94921875,0
2023-01-24 04:45:00+00:00,18154.25,18173.099609375,18132.099609375,18135.150390625,0
2023-01-24 05:45:00+00:00,18129.55078125,18154.30078125,18116.75,18154.30078125,0
2023-01-24 06:45:00+00:00,18131.900390625,18143.55078125,18115.0,18129.599609375,0
2023-01-24 07:45:00+00:00,18108.849609375,18138.900390625,18079.150390625,18132.599609375,0
2023-01-24 08:45:00+00:00,18124.19921875,18134.400390625,18095.75,18109.80078125,0
2023-01-24 09:45:00+00:00,18101.150390625,18125.80078125,18099.94921875,18123.5,0
2023-01-25 03:45:00+00:00,17943.599609375,18093.349609375,17939.5,18093.349609375,0
2023-01-25 04:45:00+00:00,17935.30078125,17964.44921875,17909.849609375,17943.69921875,0
2023-01-25 05:45:00+00:00,17901.0,17943.0,17846.599609375,17935.25,0
2023-01-25 06:45:00+00:00,17910.25,17932.400390625,17879.849609375,17901.599609375,0
2023-01-25 07:45:00+00:00,17935.0,17946.849609375,17893.5,17909.19921875,0
2023-01-25 08:45:00+00:00,17896.5,17936.650390625,17871.25,17934.599609375,0
2023-01-25 09:45:00+00:00,17910.05078125,17912.80078125,17891.75,17896.44921875,0
2023-01-27 03:45:00+00:00,17684.650390625,17877.19921875,17682.099609375,17877.19921875,0
2023-01-27 04:45:00+00:00,17680.650390625,17781.19921875,17667.94921875,17685.30078125,0
2023-01-27 05:45:00+00:00,17630.900390625,17699.900390625,17623.69921875,17680.099609375,0
2023-01-27 06:45:00+00:00,17578.650390625,17638.5,17531.650390625,17630.55078125,0
2023-01-27 07:45:00+00:00,17506.25,17606.599609375,17501.19921875,17578.44921875,0
2023-01-27 08:45:00+00:00,17611.599609375,17612.5,17494.19921875,17506.94921875,0
2023-01-27 09:45:00+00:00,17607.900390625,17633.80078125,17604.349609375,17612.5,0
2023-01-30 03:45:00+00:00,17618.5,17708.5,17446.25,17541.94921875,0
2023-01-30 04:45:00+00:00,17551.0,17631.900390625,17538.44921875,17619.099609375,0
2023-01-30 05:45:00+00:00,17594.599609375,17624.650390625,17542.0,17551.25,0
2023-01-30 06:45:00+00:00,17461.75,17602.69921875,17461.150390625,17594.599609375,0
2023-01-30 07:45:00+00:00,17536.849609375,17546.599609375,17406.30078125,17459.55078125,0
2023-01-30 08:45:00+00:00,17656.0,17675.19921875,17511.599609375,17534.30078125,0
2023-01-30 09:45:00+00:00,17667.25,17672.650390625,17640.0,17654.80078125,0
2023-01-31 03:45:00+00:00,17563.150390625,17731.44921875,17539.0,17731.44921875,0
2023-01-31 04:45:00+00:00,17585.44921875,17621.19921875,17553.19921875,17563.099609375,0
2023-01-31 05:45:00+00:00,17609.44921875,17655.05078125,17576.30078125,17586.30078125,0
2023-01-31 06:45:00+00:00,17645.80078125,17650.5,17594.650390625,17609.599609375,0
2023-01-31 07:45:00+00:00,17626.400390625,17684.599609375,17618.349609375,17646.55078125,0
2023-01-31 08:45:00+00:00,17685.0,17685.05078125,17603.19921875,17626.69921875,0
2023-01-31 09:45:00+00:00,17682.55078125,17698.30078125,17664.599609375,17685.400390625,0
2023-02-01 03:45:00+00:00,17788.30078125,17811.599609375,17735.849609375,17811.599609375,0
2023-02-01 04:45:00+00:00,17803.400390625,17836.55078125,17784.0,17789.349609375,0
2023-02-01 05:45:00+00:00,17752.94921875,17818.400390625,17732.150390625,17802.75,0
2023-02-01 06:45:00+00:00,17922.150390625,17971.5,17733.900390625,17753.44921875,0
2023-02-01 07:45:00+00:00,17688.400390625,17926.349609375,17647.099609375,17918.599609375,0
2023-02-01 08:45:00+00:00,17634.599609375,17690.900390625,17353.80078125,17688.5,0
2023-02-01 09:45:00+00:00,17605.400390625,17660.5,17601.650390625,17636.150390625,0
2023-02-02 03:45:00+00:00,17573.19921875,17653.5,17448.0,17517.099609375,0
2023-02-02 04:45:00+00:00,17596.75,17624.25,17513.849609375,17572.349609375,0
2023-02-02 05:45:00+00:00,17619.44921875,17648.900390625,17571.400390625,17596.55078125,0
2023-02-02 06:45:00+00:00,17553.25,17623.0,17528.099609375,17620.150390625,0
2023-02-02 07:45:00+00:00,17543.75,17561.94921875,17491.0,17553.849609375,0
2023-02-02 08:45:00+00:00,17610.849609375,17633.099609375,17541.0,17546.55078125,0
2023-02-02 09:45:00+00:00,17611.75,17630.05078125,17603.5,17610.05078125,0
2023-02-03 03:45:00+00:00,17676.05078125,17725.5,17643.0,17721.75,0
2023-02-03 04:45:00+00:00,17626.599609375,17690.0,17584.349609375,17676.75,0
2023-02-03 05:45:00+00:00,17677.099609375,17680.5,17587.25,17627.19921875,0
2023-02-03 06:45:00+00:00,17707.30078125,17721.349609375,17671.400390625,17677.25,0
2023-02-03 07:45:00+00:00,17747.80078125,17764.94921875,17683.650390625,17707.150390625,0
2023-02-03 08:45:00+00:00,17854.30078125,17869.849609375,17749.0,17749.099609375,0
2023-02-03 09:45:00+00:00,17830.80078125,17861.349609375,17825.75,17855.05078125,0
2023-02-06 03:45:00+00:00,17774.150390625,17818.55078125,17713.19921875,17818.55078125,0
2023-02-06 04:45:00+00:00,17718.80078125,17777.44921875,17698.900390625,17774.099609375,0
2023-02-06 05:45:00+00:00,17728.400390625,17758.150390625,17714.25,17718.849609375,0
2023-02-06 06:45:00+00:00,17721.75,17746.69921875,17717.150390625,17728.400390625,0
2023-02-06 07:45:00+00:00,17773.25,17784.849609375,17717.0,17721.30078125,0
2023-02-06 08:45:00+00:00,17761.75,17780.0,17739.400390625,17773.69921875,0
2023-02-06 09:45:00+00:00,17762.0,17767.5,17756.05078125,17762.19921875,0
2023-02-07 03:45:00+00:00,17750.80078125,17808.94921875,17731.05078125,17790.099609375,0
2023-02-07 04:45:00+00:00,17767.44921875,17787.05078125,17737.55078125,17750.75,0
2023-02-07 05:45:00+00:00,17723.94921875,17770.25,17722.25,17766.44921875,0
2023-02-07 06:45:00+00:00,17654.650390625,17723.05078125,17654.30078125,17723.05078125,0
2023-02-07 07:45:00+00:00,17729.0,17740.5,17654.30078125,17654.599609375,0
2023-02-07 08:45:00+00:00,17720.0,17778.599609375,17709.599609375,17728.05078125,0
2023-02-07 09:45:00+00:00,17720.400390625,17722.69921875,17704.5,17720.80078125,0
2023-02-08 03:45:00+00:00,17861.69921875,17878.400390625,17745.30078125,17750.30078125,0
2023-02-08 04:45:00+00:00,17840.69921875,17867.849609375,17799.94921875,17861.19921875,0
2023-02-08 05:45:00+00:00,17851.75,17880.400390625,17833.349609375,17840.849609375,0
2023-02-08 06:45:00+00:00,17851.80078125,17864.75,17829.44921875,17851.0,0
2023-02-08 07:45:00+00:00,17885.94921875,17888.75,17845.0,17852.099609375,0
2023-02-08 08:45:00+00:00,17871.19921875,17898.55078125,17863.44921875,17885.5,0
2023-02-08 09:45:00+00:00,17862.5,17877.849609375,17857.650390625,17871.5,0
2023-02-09 03:45:00+00:00,17855.80078125,17885.5,17780.5,17885.5,0
2023-02-09 04:45:00+00:00,17865.5,17881.25,17844.650390625,17856.75,0
2023-02-09 05:45:00+00:00,17833.599609375,17885.05078125,17831.0,17865.19921875,0
2023-02-09 06:45:00+00:00,17831.25,17855.55078125,17822.69921875,17833.69921875,0
2023-02-09 07:45:00+00:00,17899.849609375,17915.55078125,17824.44921875,17831.44921875,0
2023-02-09 08:45:00+00:00,17893.55078125,17904.099609375,17876.30078125,17900.0,0
2023-02-09 09:45:00+00:00,17897.099609375,17904.80078125,17890.900390625,17893.099609375,0
2023-02-10 03:45:00+00:00,17829.30078125,17870.099609375,17801.150390625,17847.55078125,0
2023-02-10 04:45:00+00:00,17866.69921875,17867.849609375,17820.599609375,17828.94921875,0
2023-02-10 05:45:00+00:00,17823.75,17876.94921875,17820.349609375,17866.599609375,0
2023-02-10 06:45:00+00:00,17822.69921875,17842.94921875,17815.900390625,17824.150390625,0
2023-02-10 07:45:00+00:00,17850.55078125,17859.25,17815.099609375,17822.849609375,0
2023-02-10 08:45:00+00:00,17861.80078125,17865.150390625,17823.650390625,17850.099609375,0
2023-02-10 09:45:00+00:00,17843.349609375,17864.400390625,17840.0,17862.099609375,0
2023-02-13 03:45:00+00:00,17746.25,17879.80078125,17736.099609375,17859.099609375,0
2023-02-13 04:45:00+00:00,17790.150390625,17792.69921875,17738.44921875,17746.150390625,0
2023-02-13 05:45:00+00:00,17746.849609375,17793.599609375,17741.55078125,17789.5,0
2023-02-13 06:45:00+00:00,17769.349609375,17771.650390625,17720.25,17747.599609375,0
2023-02-13 07:45:00+00:00,17768.69921875,17783.900390625,17754.05078125,17769.0,0
2023-02-13 08:45:00+00:00,17765.05078125,17802.80078125,17763.55078125,17767.30078125,0
2023-02-13 09:45:00+00:00,17764.55078125,17770.849609375,17760.099609375,17765.19921875,0
2023-02-14 03:45:00+00:00,17837.05078125,17857.94921875,17800.44921875,17840.349609375,0
2023-02-14 04:45:00+00:00,17853.19921875,17859.69921875,17827.900390625,17836.400390625,0
2023-02-14 05:45:00+00:00,17897.349609375,17902.30078125,17849.150390625,17853.25,0
2023-02-14 06:45:00+00:00,17916.599609375,17925.150390625,17893.0,17897.099609375,0
2023-02-14 07:45:00+00:00,17941.900390625,17954.44921875,17895.650390625,17916.150390625,0
2023-02-14 08:45:00+00:00,17924.849609375,17949.900390625,17924.349609375,17940.849609375,0
2023-02-14 09:45:00+00:00,17921.849609375,17930.55078125,17918.94921875,17925.0,0
2023-02-15 03:45:00+00:00,17923.75,17929.30078125,17853.900390625,17896.599609375,0
2023-02-15 04:45:00+00:00,17940.75,17942.650390625,17912.19921875,17923.25,0
2023-02-15 05:45:00+00:00,17915.19921875,17959.0,17906.400390625,17941.0,0
2023-02-15 06:45:00+00:00,17923.80078125,17944.05078125,17904.30078125,17915.5,0
2023-02-15 07:45:00+00:00,17935.94921875,17940.55078125,17905.05078125,17923.69921875,0
2023-02-15 08:45:00+00:00,18015.099609375,18019.30078125,17930.30078125,17935.75,0
2023-02-15 09:45:00+00:00,18023.19921875,18033.80078125,18013.55078125,18014.599609375,0
2023-02-16 03:45:00+00:00,18108.650390625,18134.0,18063.400390625,18094.75,0
2023-02-16 04:45:00+00:00,18114.30078125,18124.80078125,18091.099609375,18107.849609375,0
2023-02-16 05:45:00+00:00,18089.349609375,18121.25,18084.0,18114.05078125,0
2023-02-16 06:45:00+00:00,18083.900390625,18094.19921875,18052.75,18088.599609375,0
2023-02-16 07:45:00+00:00,18082.69921875,18100.75,18064.5,18083.25,0
2023-02-16 08:45:00+00:00,18034.099609375,18090.19921875,18033.5,18082.55078125,0
2023-02-16 09:45:00+00:00,18015.25,18035.5,18001.05078125,18033.0,0
2023-02-17 03:45:00+00:00,17976.44921875,18033.69921875,17928.94921875,17974.849609375,0
2023-02-17 04:45:00+00:00,17985.0,18004.69921875,17967.75,17976.849609375,0
2023-02-17 05:45:00+00:00,17974.05078125,17999.849609375,17971.099609375,17984.150390625,0
2023-02-17 06:45:00+00:00,17921.05078125,17972.94921875,17912.849609375,17972.5,0
2023-02-17 07:45:00+00:00,17910.150390625,17937.19921875,17885.94921875,17920.75,0
2023-02-17 08:45:00+00:00,17949.44921875,17952.05078125,17894.55078125,17910.44921875,0
2023-02-17 09:45:00+00:00,17942.599609375,17953.349609375,17939.849609375,17949.0,0
2023-02-20 03:45:00+00:00,17959.05078125,18003.94921875,17903.599609375,17965.55078125,0
2023-02-20 04:45:00+00:00,17964.75,17981.75,17942.05078125,17959.05078125,0
2023-02-20 05:45:00+00:00,17916.5,17969.5,17915.400390625,17965.25,0
2023-02-20 06:45:00+00:00,17903.5,17933.099609375,17883.55078125,17915.650390625,0
2023-02-20 07:45:00+00:00,17842.05078125,17908.05078125,17837.44921875,17903.69921875,0
2023-02-20 08:45:00+00:00,17843.849609375,17864.150390625,17818.75,17841.650390625,0
2023-02-20 09:45:00+00:00,17847.69921875,17856.650390625,17836.150390625,17845.650390625,0
2023-02-21 03:45:00+00:00,17904.05078125,17906.80078125,17839.150390625,17905.80078125,0
2023-02-21 04:45:00+00:00,17908.19921875,17924.400390625,17892.55078125,17904.80078125,0
2023-02-21 05:45:00+00:00,17862.900390625,17916.650390625,17851.69921875,17908.44921875,0
2023-02-21 06:45:00+00:00,17853.80078125,17866.44921875,17818.0,17862.19921875,0
2023-02-21 07:45:00+00:00,17870.75,17891.150390625,17844.19921875,17855.349609375,0
2023-02-21 08:45:00+00:00,17819.150390625,17874.55078125,17800.599609375,17870.349609375,0
2023-02-21 09:45:00+00:00,17842.099609375,17845.25,17817.150390625,17819.25,0
2023-02-22 03:45:00+00:00,17683.30078125,17771.849609375,17671.69921875,17755.349609375,0
2023-02-22 04:45:00+00:00,17670.05078125,17683.650390625,17652.19921875,17683.0,0
2023-02-22 05:45:00+00:00,17651.650390625,17677.400390625,17639.099609375,17670.05078125,0
2023-02-22 06:45:00+00:00,17608.849609375,17656.849609375,17606.650390625,17651.05078125,0
2023-02-22 07:45:00+00:00,17538.19921875,17616.349609375,17535.55078125,17607.349609375,0
2023-02-22 08:45:00+00:00,17557.69921875,17593.55078125,17529.55078125,17537.150390625,0
2023-02-22 09:45:00+00:00,17552.5,17559.849609375,17543.05078125,17556.30078125,0
2023-02-23 03:45:00+00:00,17582.150390625,17608.900390625,17456.69921875,17574.650390625,0
2023-02-23 04:45:00+00:00,17580.55078125,17618.80078125,17547.099609375,17581.75,0
2023-02-23 05:45:00+00:00,17552.25,17595.349609375,17544.55078125,17580.349609375,0
2023-02-23 06:45:00+00:00,17576.05078125,17585.80078125,17526.55078125,17551.30078125,0
2023-02-23 07:45:00+00:00,17569.099609375,17592.0,17542.30078125,17576.19921875,0
2023-02-23 08:45:00+00:00,17503.30078125,17581.19921875,17490.400390625,17569.75,0
2023-02-23 09:45:00+00:00,17523.80078125,17524.150390625,17499.05078125,17503.349609375,0
2023-02-24 03:45:00+00:00,17548.94921875,17599.75,17514.150390625,17591.349609375,0
2023-02-24 04:45:00+00:00,17519.44921875,17565.69921875,17501.94921875,17549.19921875,0
2023-02-24 05:45:00+00:00,17490.0,17534.849609375,17487.0,17519.75,0
2023-02-24 06:45:00+00:00,17431.55078125,17489.69921875,17423.650390625,17489.69921875,0
2023-02-24 07:45:00+00:00,17444.80078125,17485.44921875,17426.80078125,17431.849609375,0
2023-02-24 08:45:00+00:00,17474.150390625,17481.19921875,17422.55078125,17444.849609375,0
2023-02-24 09:45:00+00:00,17465.44921875,17476.80078125,17458.099609375,17474.400390625,0
2023-02-27 03:45:00+00:00,17306.400390625,17450.75,17304.400390625,17428.599609375,0
2023-02-27 04:45:00+00:00,17376.650390625,17377.349609375,17301.69921875,17306.349609375,0
2023-02-27 05:45:00+00:00,17329.05078125,17395.150390625,17323.80078125,17376.44921875,0
2023-02-27 06:45:00+00:00,17308.5,17347.900390625,17299.900390625,17328.69921875,0
2023-02-27 07:45:00+00:00,17354.19921875,17374.150390625,17304.0,17306.94921875,0
2023-02-27 08:45:00+00:00,17402.5,17405.30078125,17336.099609375,17354.05078125,0
2023-02-27 09:45:00+00:00,17406.349609375,17411.05078125,17388.55078125,17401.75,0
2023-02-28 03:45:00+00:00,17380.44921875,17440.19921875,17368.80078125,17383.25,0
2023-02-28 04:45:00+00:00,17375.05078125,17415.69921875,17346.400390625,17380.94921875,0
2023-02-28 05:45:00+00:00,17385.0,17386.349609375,17343.75,17374.75,0
2023-02-28 06:45:00+00:00,17348.599609375,17401.150390625,17339.94921875,17384.849609375,0
2023-02-28 07:45:00+00:00,17261.19921875,17360.900390625,17255.900390625,17348.25,0
2023-02-28 08:45:00+00:00,17313.55078125,17342.099609375,17260.900390625,17260.94921875,0
2023-02-28 09:45:00+00:00,17317.19921875,17322.80078125,17296.05078125,17313.30078125,0
2023-03-01 03:45:00+00:00,17404.150390625,17421.75,17353.44921875,17360.099609375,0
2023-03-01 04:45:00+00:00,17430.5,17430.55078125,17389.55078125,17404.599609375,0
2023-03-01 05:45:00+00:00,17407.80078125,17441.19921875,17406.69921875,17430.849609375,0
2023-03-01 06:45:00+00:00,17414.75,17429.75,17393.599609375,17407.55078125,0
2023-03-01 07:45:00+00:00,17442.900390625,17445.05078125,17401.80078125,17415.19921875,0
2023-03-01 08:45:00+00:00,17447.099609375,17467.5,17428.25,17442.400390625,0
2023-03-01 09:45:00+00:00,17457.25,17459.400390625,17445.900390625,17447.150390625,0
2023-03-02 03:45:00+00:00,17354.349609375,17444.55078125,17344.44921875,17421.5,0
2023-03-02 04:45:00+00:00,17376.099609375,17388.0,17345.69921875,17354.5,0
2023-03-02 05:45:00+00:00,17390.849609375,17401.80078125,17363.0,17376.05078125,0
2023-03-02 06:45:00+00:00,17350.599609375,17391.80078125,17350.599609375,17380.80078125,0
2023-03-02 07:45:00+00:00,17334.30078125,17368.150390625,17306.5,17350.75,0
2023-03-02 08:45:00+00:00,17329.400390625,17345.400390625,17314.349609375,17334.44921875,0
2023-03-02 09:45:00+00:00,17318.650390625,17330.650390625,17311.44921875,17329.94921875,0
2023-03-03 03:45:00+00:00,17512.650390625,17514.30078125,17430.5,17451.25,0
2023-03-03 04:45:00+00:00,17547.849609375,17555.849609375,17508.55078125,17513.900390625,0
2023-03-03 05:45:00+00:00,17570.55078125,17578.44921875,17534.900390625,17547.5,0
2023-03-03 06:45:00+00:00,17561.650390625,17575.25,17535.900390625,17570.55078125,0
2023-03-03 07:45:00+00:00,17609.75,17613.75,17560.55078125,17561.05078125,0
2023-03-03 08:45:00+00:00,17591.900390625,17644.69921875,17587.19921875,17609.69921875,0
2023-03-03 09:45:00+00:00,17592.30078125,17598.349609375,17585.0,17592.44921875,0
2023-03-06 03:45:00+00:00,17775.150390625,17779.150390625,17680.349609375,17680.349609375,0
2023-03-06 04:45:00+00:00,17779.349609375,17798.349609375,17758.25,17775.19921875,0
2023-03-06 05:45:00+00:00,17779.599609375,17786.849609375,17750.05078125,17779.75,0
2023-03-06 06:45:00+00:00,17770.5,17785.94921875,17739.400390625,17779.69921875,0
2023-03-06 07:45:00+00:00,17723.25,17773.80078125,17717.44921875,17770.099609375,0
2023-03-06 08:45:00+00:00,17709.349609375,17747.099609375,17704.0,17722.599609375,0
2023-03-06 09:45:00+00:00,17719.849609375,17727.25,17703.44921875,17709.30078125,0
2023-03-08 03:45:00+00:00,17697.19921875,17710.400390625,17603.55078125,17665.75,0
2023-03-08 04:45:00+00:00,17682.19921875,17711.69921875,17681.55078125,17697.599609375,0
2023-03-08 05:45:00+00:00,17650.75,17694.599609375,17647.900390625,17682.80078125,0
2023-03-08 06:45:00+00:00,17670.94921875,17684.75,17645.900390625,17650.69921875,0
2023-03-08 07:45:00+00:00,17708.650390625,17717.30078125,17671.0,17671.0,0
2023-03-08 08:45:00+00:00,17756.599609375,17764.05078125,17693.69921875,17708.30078125,0
2023-03-08 09:45:00+00:00,17751.5,17766.400390625,17747.25,17756.150390625,0
2023-03-09 03:45:00+00:00,17675.30078125,17772.05078125,17670.650390625,17772.05078125,0
2023-03-09 04:45:00+00:00,17703.55078125,17704.69921875,17668.94921875,17674.55078125,0
2023-03-09 05:45:00+00:00,17680.650390625,17723.400390625,17674.69921875,17703.44921875,0
2023-03-09 06:45:00+00:00,17658.19921875,17680.94921875,17644.849609375,17680.30078125,0
2023-03-09 07:45:00+00:00,17627.650390625,17670.94921875,17613.0,17658.5,0
2023-03-09 08:45:00+00:00,17586.400390625,17630.599609375,17586.400390625,17627.75,0
2023-03-09 09:45:00+00:00,17582.80078125,17587.80078125,17576.900390625,17587.19921875,0
2023-03-10 03:45:00+00:00,17392.650390625,17443.80078125,17325.75,17443.80078125,0
2023-03-10 04:45:00+00:00,17418.19921875,17428.19921875,17381.900390625,17393.099609375,0
2023-03-10 05:45:00+00:00,17395.5,17435.05078125,17395.30078125,17419.19921875,0
2023-03-10 06:45:00+00:00,17417.849609375,17429.150390625,17376.69921875,17394.94921875,0
2023-03-10 07:45:00+00:00,17394.349609375,17418.900390625,17373.44921875,17418.099609375,0
2023-03-10 08:45:00+00:00,17409.900390625,17418.650390625,17367.150390625,17394.349609375,0
2023-03-10 09:45:00+00:00,17418.599609375,17425.94921875,17408.80078125,17410.150390625,0
2023-03-13 03:45:00+00:00,17455.599609375,17529.05078125,17388.5,17421.900390625,0
2023-03-13 04:45:00+00:00,17393.94921875,17470.349609375,17383.75,17455.400390625,0
2023-03-13 05:45:00+00:00,17342.099609375,17409.94921875,17330.0,17393.150390625,0
2023-03-13 06:45:00+00:00,17269.30078125,17357.80078125,17258.349609375,17341.849609375,0
2023-03-13 07:45:00+00:00,17190.30078125,17294.69921875,17186.599609375,17275.650390625,0
2023-03-13 08:45:00+00:00,17141.0,17197.25,17114.75,17190.05078125,0
2023-03-13 09:45:00+00:00,17184.599609375,17198.05078125,17142.30078125,17142.30078125,0
2023-03-14 03:45:00+00:00,17127.5,17224.099609375,17112.849609375,17160.55078125,0
2023-03-14 04:45:00+00:00,17055.599609375,17126.849609375,17049.599609375,17126.849609375,0
2023-03-14 05:45:00+00:00,17069.19921875,17088.900390625,17038.900390625,17055.25,0
2023-03-14 06:45:00+00:00,17036.5,17185.69921875,17027.099609375,17068.900390625,0
2023-03-14 07:45:00+00:00,17008.69921875,17064.150390625,16999.0,17034.80078125,0
2023-03-14 08:45:00+00:00,17059.44921875,17075.94921875,16987.5,17009.5,0
2023-03-14 09:45:00+00:00,17068.650390625,17068.650390625,17037.80078125,17060.0,0
2023-03-15 03:45:00+00:00,17155.69921875,17210.599609375,17125.349609375,17166.44921875,0
2023-03-15 04:45:00+00:00,17113.349609375,17170.849609375,17094.900390625,17155.69921875,0
2023-03-15 05:45:00+00:00,17097.099609375,17159.30078125,17096.94921875,17113.75,0
2023-03-15 06:45:00+00:00,17049.150390625,17107.900390625,17044.400390625,17097.75,0
2023-03-15 07:45:00+00:00,17047.69921875,17081.349609375,17026.400390625,17049.349609375,0
2023-03-15 08:45:00+00:00,16964.44921875,17062.0,16960.900390625,17048.849609375,0
2023-03-15 09:45:00+00:00,16973.849609375,16975.55078125,16940.349609375,16965.05078125,0
2023-03-16 03:45:00+00:00,16877.650390625,16994.650390625,16850.400390625,16994.650390625,0
2023-03-16 04:45:00+00:00,17027.849609375,17046.150390625,16869.900390625,16877.94921875,0
2023-03-16 05:45:00+00:00,16929.400390625,17044.19921875,16927.44921875,17027.94921875,0
2023-03-16 06:45:00+00:00,16972.150390625,16972.19921875,16910.400390625,16929.400390625,0
2023-03-16 07:45:00+00:00,17035.94921875,17039.5,16936.69921875,16972.849609375,0
2023-03-16 08:45:00+00:00,16976.900390625,17062.19921875,16950.19921875,17037.19921875,0
2023-03-16 09:45:00+00:00,17010.400390625,17014.650390625,16973.30078125,16977.349609375,0
2023-03-17 03:45:00+00:00,17081.0,17144.400390625,17049.25,17111.80078125,0
2023-03-17 04:45:00+00:00,17028.55078125,17100.44921875,17027.349609375,17080.94921875,0
2023-03-17 05:45:00+00:00,16985.849609375,17057.25,16980.099609375,17028.05078125,0
2023-03-17 06:45:00+00:00,16985.5,17009.900390625,16958.44921875,16985.5,0
2023-03-17 07:45:00+00:00,17058.19921875,17082.150390625,16975.849609375,16984.900390625,0
2023-03-17 08:45:00+00:00,17113.849609375,17124.94921875,17008.69921875,17058.650390625,0
2023-03-17 09:45:00+00:00,17123.69921875,17125.900390625,17082.900390625,17112.94921875,0
2023-03-20 03:45:00+00:00,16910.150390625,17066.599609375,16904.0,17066.599609375,0
2023-03-20 04:45:00+00:00,16945.25,16963.599609375,16882.25,16909.849609375,0
2023-03-20 05:45:00+00:00,16865.650390625,16949.849609375,16865.55078125,16945.30078125,0
2023-03-20 06:45:00+00:00,16869.75,16886.44921875,16830.75,16867.400390625,0
2023-03-20 07:45:00+00:00,16891.349609375,16901.349609375,16842.80078125,16868.900390625,0
2023-03-20 08:45:00+00:00,16987.30078125,16996.349609375,16874.30078125,16891.349609375,0
2023-03-20 09:45:00+00:00,17003.44921875,17008.44921875,16987.349609375,16987.349609375,0
2023-03-21 03:45:00+00:00,17066.05078125,17080.55078125,17016.650390625,17060.400390625,0
2023-03-21 04:45:00+00:00,17065.400390625,17085.75,17046.19921875,17065.80078125,0
2023-03-21 05:45:00+00:00,17030.94921875,17079.099609375,17022.55078125,17065.099609375,0
2023-03-21 06:45:00+00:00,17098.650390625,17100.25,17028.349609375,17031.55078125,0
2023-03-21 07:45:00+00:00,17088.400390625,17110.69921875,17065.55078125,17095.25,0
2023-03-21 08:45:00+00:00,17104.19921875,17127.099609375,17085.75,17088.5,0
2023-03-21 09:45:00+00:00,17106.94921875,17112.44921875,17095.5,17103.349609375,0
2023-03-22 03:45:00+00:00,17140.80078125,17207.150390625,17132.400390625,17177.44921875,0
2023-03-22 04:45:00+00:00,17129.849609375,17151.55078125,17108.80078125,17141.599609375,0
2023-03-22 05:45:00+00:00,17138.5,17153.900390625,17119.69921875,17129.900390625,0
2023-03-22 06:45:00+00:00,17134.650390625,17165.400390625,17130.599609375,17138.75,0
2023-03-22 07:45:00+00:00,17142.05078125,17156.05078125,17116.69921875,17135.25,0
2023-03-22 08:45:00+00:00,17159.94921875,17160.80078125,17110.94921875,17144.099609375,0
2023-03-22 09:45:00+00:00,17142.75,17164.599609375,17142.75,17160.0,0
2023-03-23 03:45:00+00:00,17136.69921875,17142.349609375,17046.099609375,17097.400390625,0
2023-03-23 04:45:00+00:00,17136.349609375,17171.900390625,17125.55078125,17137.5,0
2023-03-23 05:45:00+00:00,17168.0,17171.30078125,17132.75,17136.5,0
2023-03-23 06:45:00+00:00,17176.69921875,17205.05078125,17156.400390625,17167.44921875,0
2023-03-23 07:45:00+00:00,17129.5,17193.400390625,17129.5,17177.05078125,0
2023-03-23 08:45:00+00:00,17070.099609375,17138.599609375,17057.400390625,17128.75,0
2023-03-23 09:45:00+00:00,17068.44921875,17078.30078125,17061.75,17069.900390625,0
2023-03-24 03:45:00+00:00,17064.150390625,17108.55078125,16995.400390625,17076.19921875,0
2023-03-24 04:45:00+00:00,17061.900390625,17087.80078125,17010.80078125,17064.80078125,0
2023-03-24 05:45:00+00:00,17082.5,17087.849609375,17039.94921875,17061.44921875,0
2023-03-24 06:45:00+00:00,17080.55078125,17097.94921875,17040.0,17083.25,0
2023-03-24 07:45:00+00:00,17024.55078125,17091.599609375,17008.099609375,17081.94921875,0
2023-03-24 08:45:00+00:00,16954.5,17025.55078125,16951.0,17025.5,0
2023-03-24 09:45:00+00:00,16932.599609375,16961.05078125,16918.5,16956.05078125,0
2023-03-27 03:45:00+00:00,17030.55078125,17038.0,16919.400390625,16984.30078125,0
2023-03-27 04:45:00+00:00,16996.94921875,17044.849609375,16982.25,17031.150390625,0
2023-03-27 05:45:00+00:00,17034.650390625,17051.849609375,16975.75,16997.0,0
2023-03-27 06:45:00+00:00,17010.349609375,17061.19921875,17010.349609375,17035.05078125,0
2023-03-27 07:45:00+00:00,17039.849609375,17049.25,16982.599609375,17009.599609375,0
2023-03-27 08:45:00+00:00,16982.44921875,17090.75,16974.349609375,17040.19921875,0
2023-03-27 09:45:00+00:00,16963.44921875,16986.900390625,16953.94921875,16982.400390625,0
2023-03-28 03:45:00+00:00,16992.5,17061.5,16971.349609375,17031.75,0
2023-03-28 04:45:00+00:00,16945.849609375,17000.900390625,16930.349609375,16992.150390625,0
2023-03-28 05:45:00+00:00,16951.099609375,16991.75,16944.55078125,16946.75,0
2023-03-28 06:45:00+00:00,16979.849609375,16985.44921875,16939.05078125,16950.349609375,0
2023-03-28 07:45:00+00:00,16923.69921875,16985.650390625,16914.19921875,16980.5,0
2023-03-28 08:45:00+00:00,16943.19921875,16969.75,16913.80078125,16924.05078125,0
2023-03-28 09:45:00+00:00,16956.849609375,16966.0,16943.05078125,16943.05078125,0
2023-03-29 03:45:00+00:00,17016.44921875,17032.69921875,16977.30078125,16977.30078125,0
2023-03-29 04:45:00+00:00,16977.69921875,17048.55078125,16968.400390625,17016.0,0
2023-03-29 05:45:00+00:00,16952.0,16997.25,16942.650390625,16976.0,0
2023-03-29 06:45:00+00:00,16979.94921875,16989.19921875,16941.150390625,16952.44921875,0
2023-03-29 07:45:00+00:00,17045.349609375,17051.75,16979.55078125,16979.94921875,0
2023-03-29 08:45:00+00:00,17094.849609375,17096.599609375,16990.400390625,17045.30078125,0
2023-03-29 09:45:00+00:00,17115.55078125,17125.900390625,17087.150390625,17096.25,0
2023-03-31 03:45:00+00:00,17256.900390625,17289.099609375,17209.44921875,17210.349609375,0
2023-03-31 04:45:00+00:00,17245.5,17269.599609375,17234.900390625,17256.349609375,0
2023-03-31 05:45:00+00:00,17278.69921875,17291.94921875,17242.099609375,17245.099609375,0
2023-03-31 06:45:00+00:00,17316.650390625,17325.19921875,17268.650390625,17279.0,0
2023-03-31 07:45:00+00:00,17360.80078125,17365.55078125,17312.400390625,17317.5,0
2023-03-31 08:45:00+00:00,17363.19921875,17381.30078125,17344.150390625,17361.75,0
2023-03-31 09:45:00+00:00,17356.849609375,17367.5,17337.69921875,17362.650390625,0
2023-04-03 03:45:00+00:00,17367.900390625,17427.94921875,17325.80078125,17427.94921875,0
2023-04-03 04:45:00+00:00,17324.30078125,17378.44921875,17321.900390625,17368.19921875,0
2023-04-03 05:45:00+00:00,17351.650390625,17363.599609375,17312.900390625,17324.25,0
2023-04-03 06:45:00+00:00,17348.25,17368.75,17336.150390625,17351.599609375,0
2023-04-03 07:45:00+00:00,17371.75,17372.599609375,17338.44921875,17348.150390625,0
2023-04-03 08:45:00+00:00,17404.099609375,17404.55078125,17356.75,17371.25,0
2023-04-03 09:45:00+00:00,17399.69921875,17410.25,17393.55078125,17403.849609375,0
2023-04-05 03:45:00+00:00,17491.650390625,17492.5,17412.150390625,17422.30078125,0
2023-04-05 04:45:00+00:00,17485.94921875,17513.80078125,17478.150390625,17491.150390625,0
2023-04-05 05:45:00+00:00,17509.849609375,17515.55078125,17482.25,17485.75,0
2023-04-05 06:45:00+00:00,17537.44921875,17544.900390625,17499.05078125,17510.30078125,0
2023-04-05 07:45:00+00:00,17536.80078125,17544.69921875,17513.900390625,17537.349609375,0
2023-04-05 08:45:00+00:00,17552.55078125,17561.94921875,17527.55078125,17536.55078125,0
2023-04-05 09:45:00+00:00,17561.0,17570.0,17549.849609375,17554.150390625,0
2023-04-06 03:45:00+00:00,17588.5,17600.55078125,17503.599609375,17533.849609375,0
2023-04-06 04:45:00+00:00,17618.25,17619.55078125,17577.599609375,17588.80078125,0
2023-04-06 05:45:00+00:00,17602.30078125,17621.349609375,17580.80078125,17617.5,0
2023-04-06 06:45:00+00:00,17618.44921875,17637.69921875,17597.650390625,17602.5,0
2023-04-06 07:45:00+00:00,17575.599609375,17621.349609375,17552.0,17618.349609375,0
2023-04-06 08:45:00+00:00,17591.349609375,17613.0,17568.69921875,17576.0,0
2023-04-06 09:45:00+00:00,17602.0,17608.349609375,17590.650390625,17591.900390625,0
2023-04-10 03:45:00+00:00,17630.0,17660.44921875,17608.900390625,17634.900390625,0
2023-04-10 04:45:00+00:00,17640.0,17641.80078125,17606.19921875,17630.5,0
2023-04-10 05:45:00+00:00,17672.099609375,17678.30078125,17626.80078125,17639.05078125,0
2023-04-10 06:45:00+00:00,17667.5,17693.30078125,17666.94921875,17672.0,0
2023-04-10 07:45:00+00:00,17626.5,17674.150390625,17622.94921875,17667.80078125,0
2023-04-10 08:45:00+00:00,17621.30078125,17637.69921875,17598.25,17626.75,0
2023-04-10 09:45:00+00:00,17613.05078125,17627.849609375,17608.650390625,17621.349609375,0
2023-04-11 03:45:00+00:00,17741.55078125,17748.599609375,17669.0,17704.80078125,0
2023-04-11 04:45:00+00:00,17704.25,17745.30078125,17701.75,17743.400390625,0
2023-04-11 05:45:00+00:00,17675.650390625,17714.849609375,17668.349609375,17705.0,0
2023-04-11 06:45:00+00:00,17667.599609375,17688.599609375,17655.30078125,17675.25,0
2023-04-11 07:45:00+00:00,17713.650390625,17720.69921875,17665.44921875,17668.349609375,0
2023-04-11 08:45:00+00:00,17728.150390625,17729.849609375,17700.44921875,17713.650390625,0
2023-04-11 09:45:00+00:00,17722.25,17733.94921875,17713.05078125,17727.900390625,0
2023-04-12 03:45:00+00:00,17751.55078125,17779.400390625,17717.80078125,17759.55078125,0
2023-04-12 04:45:00+00:00,17754.349609375,17764.25,17735.19921875,17751.80078125,0
2023-04-12 05:45:00+00:00,17761.75,17773.25,17750.69921875,17753.900390625,0
2023-04-12 06:45:00+00:00,17792.349609375,17795.30078125,17760.80078125,17760.80078125,0
2023-04-12 07:45:00+00:00,17807.05078125,17819.05078125,17792.150390625,17792.25,0
2023-04-12 08:45:00+00:00,17812.25,17814.30078125,17767.25,17806.650390625,0
2023-04-12 09:45:00+00:00,17817.900390625,17824.30078125,17809.19921875,17812.349609375,0
2023-04-13 03:45:00+00:00,17792.400390625,17827.25,17771.400390625,17807.30078125,0
2023-04-13 04:45:00+00:00,17747.599609375,17805.69921875,17740.80078125,17792.30078125,0
2023-04-13 05:45:00+00:00,17746.599609375,17770.099609375,17736.75,17746.900390625,0
2023-04-13 06:45:00+00:00,17750.0,17777.599609375,17729.69921875,17745.599609375,0
2023-04-13 07:45:00+00:00,17780.599609375,17793.5,17744.900390625,17749.900390625,0
2023-04-13 08:45:00+00:00,17836.55078125,17837.400390625,17779.94921875,17780.55078125,0
2023-04-13 09:45:00+00:00,17828.150390625,17841.5,17826.400390625,17836.599609375,0
2023-04-17 03:45:00+00:00,17610.30078125,17863.0,17574.349609375,17863.0,0
2023-04-17 04:45:00+00:00,17640.94921875,17676.55078125,17609.44921875,17609.900390625,0
2023-04-17 05:45:00+00:00,17657.19921875,17666.94921875,17639.849609375,17640.94921875,0
2023-04-17 06:45:00+00:00,17671.25,17693.349609375,17654.650390625,17656.69921875,0
2023-04-17 07:45:00+00:00,17688.19921875,17689.150390625,17654.150390625,17671.05078125,0
2023-04-17 08:45:00+00:00,17711.30078125,17716.900390625,17670.30078125,17688.150390625,0
2023-04-17 09:45:00+00:00,17704.099609375,17714.849609375,17699.30078125,17711.650390625,0
2023-04-18 03:45:00+00:00,17670.349609375,17766.599609375,17663.19921875,17766.599609375,0
2023-04-18 04:45:00+00:00,17681.80078125,17696.349609375,17651.150390625,17670.25,0
2023-04-18 05:45:00+00:00,17682.150390625,17688.25,17659.400390625,17681.900390625,0
2023-04-18 06:45:00+00:00,17690.099609375,17709.849609375,17679.19921875,17682.599609375,0
2023-04-18 07:45:00+00:00,17636.400390625,17690.150390625,17610.75,17690.150390625,0
2023-04-18 08:45:00+00:00,17656.099609375,17673.599609375,17623.900390625,17636.30078125,0
2023-04-18 09:45:00+00:00,17661.55078125,17663.30078125,17650.05078125,17655.900390625,0
2023-04-19 03:45:00+00:00,17628.94921875,17658.349609375,17612.55078125,17653.349609375,0
2023-04-19 04:45:00+00:00,17649.599609375,17652.05078125,17626.75,17629.5,0
2023-04-19 05:45:00+00:00,17654.25,17662.900390625,17631.05078125,17648.05078125,0
2023-04-19 06:45:00+00:00,17633.650390625,17665.599609375,17631.5,17654.55078125,0
2023-04-19 07:45:00+00:00,17595.55078125,17635.94921875,17580.0,17633.80078125,0
2023-04-19 08:45:00+00:00,17628.599609375,17632.849609375,17588.44921875,17594.900390625,0
2023-04-19 09:45:00+00:00,17610.19921875,17629.349609375,17606.44921875,17628.099609375,0
2023-04-20 03:45:00+00:00,17628.19921875,17683.75,17615.19921875,17638.599609375,0
2023-04-20 04:45:00+00:00,17610.94921875,17642.900390625,17590.349609375,17628.19921875,0
2023-04-20 05:45:00+00:00,17620.55078125,17632.80078125,17610.94921875,17611.349609375,0
2023-04-20 06:45:00+00:00,17597.849609375,17627.94921875,17586.30078125,17619.94921875,0
2023-04-20 07:45:00+00:00,17594.75,17609.400390625,17584.5,17597.94921875,0
2023-04-20 08:45:00+00:00,17634.19921875,17634.19921875,17593.650390625,17594.599609375,0
2023-04-20 09:45:00+00:00,17623.900390625,17634.400390625,17620.05078125,17633.900390625,0
2023-04-21 03:45:00+00:00,17617.650390625,17662.5,17605.69921875,17639.75,0
2023-04-21 04:45:00+00:00,17609.25,17620.0,17589.5,17616.75,0
2023-04-21 05:45:00+00:00,17595.349609375,17612.900390625,17591.19921875,17609.75,0
2023-04-21 06:45:00+00:00,17561.05078125,17598.30078125,17554.099609375,17595.44921875,0
2023-04-21 07:45:00+00:00,17599.849609375,17614.150390625,17561.25,17561.75,0
2023-04-21 08:45:00+00:00,17632.5,17637.55078125,17596.650390625,17600.69921875,0
2023-04-21 09:45:00+00:00,17618.900390625,17631.55078125,17611.150390625,17631.55078125,0
2023-04-24 03:45:00+00:00,17633.150390625,17707.55078125,17620.400390625,17707.55078125,0
2023-04-24 04:45:00+00:00,17638.80078125,17644.94921875,17621.150390625,17631.19921875,0
2023-04-24 05:45:00+00:00,17637.349609375,17646.94921875,17612.69921875,17638.599609375,0
2023-04-24 06:45:00+00:00,17687.0,17687.69921875,17630.650390625,17637.25,0
2023-04-24 07:45:00+00:00,17716.75,17720.19921875,17687.599609375,17687.75,0
2023-04-24 08:45:00+00:00,17747.75,17748.900390625,17701.80078125,17716.80078125,0
2023-04-24 09:45:00+00:00,17748.0,17754.25,17740.599609375,17747.650390625,0
2023-04-25 03:45:00+00:00,17753.849609375,17766.05078125,17717.69921875,17761.55078125,0
2023-04-25 04:45:00+00:00,17774.900390625,17782.849609375,17752.05078125,17754.650390625,0
2023-04-25 05:45:00+00:00,17776.900390625,17791.900390625,17769.80078125,17774.19921875,0
2023-04-25 06:45:00+00:00,17777.5,17782.05078125,17748.900390625,17777.30078125,0
2023-04-25 07:45:00+00:00,17791.19921875,17791.80078125,17753.349609375,17777.150390625,0
2023-04-25 08:45:00+00:00,17776.44921875,17807.25,17765.75,17791.5,0
2023-04-25 09:45:00+00:00,17761.94921875,17776.599609375,17754.150390625,17776.5,0
2023-04-26 03:45:00+00:00,17751.55078125,17773.900390625,17711.94921875,17767.30078125,0
2023-04-26 04:45:00+00:00,17774.05078125,17778.25,17751.5,17752.0,0
2023-04-26 05:45:00+00:00,17778.900390625,17791.44921875,17770.19921875,17773.849609375,0
2023-04-26 06:45:00+00:00,17781.30078125,17809.55078125,17775.80078125,17778.30078125,0
2023-04-26 07:45:00+00:00,17794.69921875,17795.0,17767.19921875,17780.80078125,0
2023-04-26 08:45:00+00:00,17816.400390625,17820.69921875,17770.349609375,17795.0,0
2023-04-26 09:45:00+00:00,17817.94921875,17826.80078125,17810.25,17816.0,0
2023-04-27 03:45:00+00:00,17832.80078125,17846.05078125,17798.19921875,17813.099609375,0
2023-04-27 04:45:00+00:00,17827.19921875,17849.30078125,17824.55078125,17832.75,0
2023-04-27 05:45:00+00:00,17848.349609375,17858.94921875,17824.55078125,17828.30078125,0
2023-04-27 06:45:00+00:00,17852.0,17856.0,17836.75,17848.150390625,0
2023-04-27 07:45:00+00:00,17884.400390625,17891.400390625,17851.849609375,17851.849609375,0
2023-04-27 08:45:00+00:00,17920.94921875,17920.94921875,17859.5,17884.099609375,0
2023-04-27 09:45:00+00:00,17923.19921875,17931.25,17914.05078125,17920.19921875,0
2023-04-28 03:45:00+00:00,17889.19921875,17956.900390625,17885.80078125,17950.400390625,0
2023-04-28 04:45:00+00:00,17946.19921875,17948.599609375,17887.44921875,17889.0,0
2023-04-28 05:45:00+00:00,17963.900390625,17971.150390625,17935.349609375,17946.099609375,0
2023-04-28 06:45:00+00:00,17973.30078125,17977.25,17955.94921875,17963.69921875,0
2023-04-28 07:45:00+00:00,17981.80078125,17989.349609375,17966.349609375,17973.05078125,0
2023-04-28 08:45:00+00:00,18064.05078125,18070.75,17962.94921875,17981.55078125,0
2023-04-28 09:45:00+00:00,18049.55078125,18088.80078125,18046.349609375,18063.69921875,0
2023-05-02 03:45:00+00:00,18164.650390625,18179.80078125,18106.19921875,18124.80078125,0
2023-05-02 04:45:00+00:00,18136.5,18169.05078125,18131.19921875,18166.400390625,0
2023-05-02 05:45:00+00:00,18163.44921875,18164.400390625,18132.75,18136.849609375,0
2023-05-02 06:45:00+00:00,18171.0,18175.55078125,18143.44921875,18163.099609375,0
2023-05-02 07:45:00+00:00,18168.150390625,18179.5,18155.19921875,18170.80078125,0
2023-05-02 08:45:00+00:00,18142.94921875,18176.25,18135.599609375,18168.05078125,0
2023-05-02 09:45:00+00:00,18136.05078125,18147.55078125,18130.55078125,18142.30078125,0
2023-05-03 03:45:00+00:00,18083.75,18113.80078125,18050.80078125,18113.80078125,0
2023-05-03 04:45:00+00:00,18078.900390625,18116.25,18078.55078125,18083.650390625,0
2023-05-03 05:45:00+00:00,18069.55078125,18087.55078125,18063.400390625,18078.900390625,0
2023-05-03 06:45:00+00:00,18078.849609375,18094.94921875,18061.30078125,18069.099609375,0
2023-05-03 07:45:00+00:00,18069.0,18100.55078125,18043.349609375,18077.900390625,0
2023-05-03 08:45:00+00:00,18098.0,18101.05078125,18064.349609375,18069.349609375,0
2023-05-03 09:45:00+00:00,18082.69921875,18102.599609375,18077.650390625,18098.099609375,0
2023-05-04 03:45:00+00:00,18126.25,18134.44921875,18071.25,18081.0,0
2023-05-04 04:45:00+00:00,18152.400390625,18152.80078125,18122.5,18126.75,0
2023-05-04 05:45:00+00:00,18153.900390625,18167.69921875,18144.55078125,18152.05078125,0
2023-05-04 06:45:00+00:00,18179.400390625,18192.349609375,18151.44921875,18153.099609375,0
2023-05-04 07:45:00+00:00,18180.650390625,18194.5,18170.900390625,18180.44921875,0
2023-05-04 08:45:00+00:00,18263.150390625,18267.099609375,18176.94921875,18180.900390625,0
2023-05-04 09:45:00+00:00,18238.599609375,18264.19921875,18236.849609375,18263.150390625,0
2023-05-05 03:45:00+00:00,18199.849609375,18204.94921875,18117.30078125,18117.30078125,0
2023-05-05 04:45:00+00:00,18160.69921875,18216.94921875,18142.05078125,18199.400390625,0
2023-05-05 05:45:00+00:00,18137.099609375,18162.05078125,18085.44921875,18162.05078125,0
2023-05-05 06:45:00+00:00,18153.69921875,18168.400390625,18126.94921875,18137.099609375,0
2023-05-05 07:45:00+00:00,18140.75,18160.75,18102.94921875,18154.05078125,0
2023-05-05 08:45:00+00:00,18071.94921875,18146.599609375,18061.19921875,18140.75,0
2023-05-05 09:45:00+00:00,18069.94921875,18079.25,18055.69921875,18071.0,0
2023-05-08 03:45:00+00:00,18193.75,18218.25,18102.400390625,18120.599609375,0
2023-05-08 04:45:00+00:00,18233.55078125,18252.0,18192.75,18194.0,0
2023-05-08 05:45:00+00:00,18269.900390625,18277.80078125,18228.400390625,18234.05078125,0
2023-05-08 06:45:00+00:00,18270.349609375,18277.30078125,18257.55078125,18269.349609375,0
2023-05-08 07:45:00+00:00,18274.30078125,18286.69921875,18260.5,18270.400390625,0
2023-05-08 08:45:00+00:00,18266.099609375,18278.400390625,18246.849609375,18274.80078125,0
2023-05-08 09:45:00+00:00,18269.75,18283.69921875,18257.30078125,18265.099609375,0
2023-05-09 03:45:00+00:00,18331.19921875,18332.0,18277.599609375,18303.400390625,0
2023-05-09 04:45:00+00:00,18330.55078125,18343.900390625,18318.55078125,18331.19921875,0
2023-05-09 05:45:00+00:00,18328.25,18337.75,18315.849609375,18330.150390625,0
2023-05-09 06:45:00+00:00,18292.849609375,18332.19921875,18290.75,18329.30078125,0
2023-05-09 07:45:00+00:00,18260.849609375,18305.25,18230.44921875,18292.599609375,0
2023-05-09 08:45:00+00:00,18268.349609375,18281.900390625,18249.19921875,18260.150390625,0
2023-05-09 09:45:00+00:00,18258.30078125,18269.44921875,18253.94921875,18269.150390625,0
2023-05-10 03:45:00+00:00,18226.30078125,18322.30078125,18212.400390625,18313.599609375,0
2023-05-10 04:45:00+00:00,18256.599609375,18272.80078125,18225.099609375,18226.44921875,0
2023-05-10 05:45:00+00:00,18276.099609375,18290.25,18253.5,18257.400390625,0
2023-05-10 06:45:00+00:00,18292.400390625,18297.25,18272.80078125,18275.69921875,0
2023-05-10 07:45:00+00:00,18288.55078125,18298.94921875,18244.30078125,18292.80078125,0
2023-05-10 08:45:00+00:00,18319.400390625,18324.94921875,18268.55078125,18288.5,0
2023-05-10 09:45:00+00:00,18311.0,18326.30078125,18307.75,18319.650390625,0
2023-05-11 03:45:00+00:00,18323.19921875,18357.80078125,18290.400390625,18357.80078125,0
2023-05-11 04:45:00+00:00,18326.55078125,18350.30078125,18311.599609375,18323.650390625,0
2023-05-11 05:45:00+00:00,18307.5,18342.099609375,18298.05078125,18327.400390625,0
2023-05-11 06:45:00+00:00,18320.25,18330.0,18304.30078125,18306.80078125,0
2023-05-11 07:45:00+00:00,18321.75,18331.75,18305.0,18320.900390625,0
2023-05-11 08:45:00+00:00,18298.94921875,18343.25,18270.80078125,18322.80078125,0
2023-05-11 09:45:00+00:00,18304.5,18312.80078125,18289.900390625,18298.849609375,0
2023-05-12 03:45:00+00:00,18244.19921875,18273.75,18194.849609375,18273.75,0
2023-05-12 04:45:00+00:00,18285.0,18289.30078125,18238.349609375,18244.94921875,0
2023-05-12 05:45:00+00:00,18277.80078125,18290.5,18265.0,18284.849609375,0
2023-05-12 06:45:00+00:00,18301.19921875,18312.650390625,18276.30078125,18277.5,0
2023-05-12 07:45:00+00:00,18329.150390625,18342.0,18295.849609375,18301.650390625,0
2023-05-12 08:45:00+00:00,18315.900390625,18338.44921875,18308.349609375,18329.30078125,0
2023-05-12 09:45:00+00:00,18312.19921875,18320.30078125,18308.69921875,18315.849609375,0
2023-05-15 03:45:00+00:00,18383.44921875,18386.75,18291.5,18339.30078125,0
2023-05-15 04:45:00+00:00,18397.849609375,18402.19921875,18367.80078125,18383.75,0
2023-05-15 05:45:00+00:00,18420.0,18422.900390625,18397.349609375,18397.650390625,0
2023-05-15 06:45:00+00:00,18433.80078125,18437.349609375,18414.400390625,18420.150390625,0
2023-05-15 07:45:00+00:00,18451.900390625,18454.19921875,18427.400390625,18433.19921875,0
2023-05-15 08:45:00+00:00,18390.0,18458.25,18389.0,18451.900390625,0
2023-05-15 09:45:00+00:00,18384.599609375,18397.69921875,18384.599609375,18389.599609375,0
2023-05-16 03:45:00+00:00,18401.650390625,18432.349609375,18360.30078125,18432.349609375,0
2023-05-16 04:45:00+00:00,18379.150390625,18406.150390625,18363.650390625,18401.900390625,0
2023-05-16 05:45:00+00:00,18357.900390625,18380.900390625,18347.599609375,18380.30078125,0
2023-05-16 06:45:00+00:00,18363.849609375,18368.650390625,18346.19921875,18357.900390625,0
2023-05-16 07:45:00+00:00,18341.150390625,18377.44921875,18336.80078125,18363.55078125,0
2023-05-16 08:45:00+00:00,18283.19921875,18353.599609375,18279.30078125,18340.849609375,0
2023-05-16 09:45:00+00:00,18276.75,18290.400390625,18265.05078125,18283.25,0
2023-05-17 03:45:00+00:00,18268.75,18307.400390625,18249.5,18300.44921875,0
2023-05-17 04:45:00+00:00,18231.0,18269.44921875,18213.099609375,18267.849609375,0
2023-05-17 05:45:00+00:00,18147.69921875,18232.30078125,18134.599609375,18231.19921875,0
2023-05-17 06:45:00+00:00,18132.69921875,18169.80078125,18132.150390625,18148.05078125,0
2023-05-17 07:45:00+00:00,18138.80078125,18152.25,18115.69921875,18131.650390625,0
2023-05-17 08:45:00+00:00,18184.0,18185.650390625,18132.349609375,18138.69921875,0
2023-05-17 09:45:00+00:00,18197.94921875,18197.94921875,18182.650390625,18183.900390625,0
2023-05-18 03:45:00+00:00,18222.25,18296.44921875,18214.05078125,18287.5,0
2023-05-18 04:45:00+00:00,18242.44921875,18249.900390625,18219.30078125,18221.900390625,0
2023-05-18 05:45:00+00:00,18229.5,18258.75,18221.25,18241.69921875,0
2023-05-18 06:45:00+00:00,18191.75,18230.150390625,18183.25,18229.44921875,0
2023-05-18 07:45:00+00:00,18171.900390625,18213.44921875,18166.30078125,18192.05078125,0
2023-05-18 08:45:00+00:00,18135.19921875,18186.150390625,18105.400390625,18172.099609375,0
2023-05-18 09:45:00+00:00,18134.650390625,18142.0,18123.349609375,18135.05078125,0
2023-05-19 03:45:00+00:00,18082.5,18186.150390625,18066.80078125,18186.150390625,0
2023-05-19 04:45:00+00:00,18114.80078125,18116.55078125,18060.849609375,18083.349609375,0
2023-05-19 05:45:00+00:00,18137.900390625,18158.400390625,18111.30078125,18115.25,0
2023-05-19 06:45:00+00:00,18121.150390625,18149.75,18098.44921875,18137.900390625,0
2023-05-19 07:45:00+00:00,18164.69921875,18168.55078125,18116.349609375,18121.19921875,0
2023-05-19 08:45:00+00:00,18204.25,18217.0,18160.80078125,18164.349609375,0
2023-05-19 09:45:00+00:00,18205.44921875,18217.69921875,18201.44921875,18205.25,0
2023-05-22 03:45:00+00:00,18270.599609375,18294.099609375,18179.55078125,18201.099609375,0
2023-05-22 04:45:00+00:00,18296.94921875,18309.0,18262.150390625,18270.5,0
2023-05-22 05:45:00+00:00,18316.94921875,18318.0,18287.69921875,18296.599609375,0
2023-05-22 06:45:00+00:00,18295.349609375,18325.05078125,18280.400390625,18317.099609375,0
2023-05-22 07:45:00+00:00,18303.349609375,18307.80078125,18250.75,18295.599609375,0
2023-05-22 08:45:00+00:00,18309.599609375,18334.80078125,18286.30078125,18304.25,0
2023-05-22 09:45:00+00:00,18303.30078125,18318.099609375,18297.80078125,18308.900390625,0
2023-05-23 03:45:00+00:00,18391.400390625,18408.69921875,18353.25,18362.900390625,0
2023-05-23 04:45:00+00:00,18411.849609375,18412.69921875,18381.150390625,18391.55078125,0
2023-05-23 05:45:00+00:00,18406.44921875,18413.69921875,18390.69921875,18411.69921875,0
2023-05-23 06:45:00+00:00,18398.599609375,18419.650390625,18394.80078125,18406.19921875,0
2023-05-23 07:45:00+00:00,18400.349609375,18409.55078125,18388.900390625,18399.30078125,0
2023-05-23 08:45:00+00:00,18343.900390625,18410.19921875,18343.900390625,18400.80078125,0
2023-05-23 09:45:00+00:00,18333.75,18346.849609375,18324.44921875,18344.25,0
2023-05-24 03:45:00+00:00,18362.80078125,18365.44921875,18270.400390625,18294.80078125,0
2023-05-24 04:45:00+00:00,18374.099609375,18387.400390625,18350.0,18363.44921875,0
2023-05-24 05:45:00+00:00,18341.05078125,18392.5,18341.0,18374.55078125,0
2023-05-24 06:45:00+00:00,18302.349609375,18343.849609375,18301.849609375,18341.75,0
2023-05-24 07:45:00+00:00,18312.55078125,18323.5,18292.599609375,18302.80078125,0
2023-05-24 08:45:00+00:00,18289.30078125,18325.80078125,18263.900390625,18312.55078125,0
2023-05-24 09:45:00+00:00,18287.0,18295.25,18285.19921875,18289.69921875,0
2023-05-25 03:45:00+00:00,18261.849609375,18303.55078125,18236.5,18268.900390625,0
2023-05-25 04:45:00+00:00,18252.94921875,18271.69921875,18242.599609375,18262.55078125,0
2023-05-25 05:45:00+00:00,18243.900390625,18255.19921875,18213.349609375,18253.19921875,0
2023-05-25 06:45:00+00:00,18225.44921875,18257.0,18214.0,18244.099609375,0
2023-05-25 07:45:00+00:00,18241.099609375,18242.05078125,18202.80078125,18225.25,0
2023-05-25 08:45:00+00:00,18328.69921875,18337.0,18236.05078125,18241.69921875,0
2023-05-25 09:45:00+00:00,18335.900390625,18336.599609375,18324.599609375,18328.19921875,0
2023-05-26 03:45:00+00:00,18378.400390625,18389.69921875,18333.25,18368.349609375,0
2023-05-26 04:45:00+00:00,18413.849609375,18416.25,18373.650390625,18377.75,0
2023-05-26 05:45:00+00:00,18433.55078125,18443.25,18409.349609375,18413.599609375,0
2023-05-26 06:45:00+00:00,18434.55078125,18449.599609375,18422.099609375,18432.05078125,0
2023-05-26 07:45:00+00:00,18486.150390625,18487.900390625,18428.55078125,18434.30078125,0
2023-05-26 08:45:00+00:00,18505.0,18508.349609375,18480.19921875,18486.099609375,0
2023-05-26 09:45:00+00:00,18491.900390625,18505.69921875,18491.849609375,18505.099609375,0
2023-05-29 03:45:00+00:00,18588.44921875,18640.80078125,18584.80078125,18619.150390625,0
2023-05-29 04:45:00+00:00,18632.80078125,18633.650390625,18585.05078125,18589.05078125,0
2023-05-29 05:45:00+00:00,18617.599609375,18638.44921875,18613.900390625,18632.44921875,0
2023-05-29 06:45:00+00:00,18595.80078125,18622.44921875,18587.400390625,18618.900390625,0
2023-05-29 07:45:00+00:00,18622.80078125,18625.650390625,18595.30078125,18595.69921875,0
2023-05-29 08:45:00+00:00,18599.349609375,18623.900390625,18581.75,18622.650390625,0
2023-05-29 09:45:00+00:00,18601.099609375,18601.099609375,18583.19921875,18599.5,0
2023-05-30 03:45:00+00:00,18652.19921875,18653.75,18577.55078125,18606.650390625,0
2023-05-30 04:45:00+00:00,18606.900390625,18661.80078125,18591.25,18653.150390625,0
2023-05-30 05:45:00+00:00,18620.80078125,18625.099609375,18598.349609375,18606.19921875,0
2023-05-30 06:45:00+00:00,18611.900390625,18626.94921875,18587.650390625,18620.25,0
2023-05-30 07:45:00+00:00,18627.400390625,18628.55078125,18606.349609375,18611.75,0
2023-05-30 08:45:00+00:00,18633.5,18646.69921875,18616.75,18627.94921875,0
2023-05-30 09:45:00+00:00,18639.94921875,18647.349609375,18630.75,18634.0,0
2023-05-31 03:45:00+00:00,18569.150390625,18602.400390625,18543.69921875,18594.19921875,0
2023-05-31 04:45:00+00:00,18550.44921875,18569.69921875,18532.75,18568.19921875,0
2023-05-31 05:45:00+00:00,18498.69921875,18558.80078125,18490.349609375,18550.650390625,0
2023-05-31 06:45:00+00:00,18495.5,18515.900390625,18484.05078125,18498.650390625,0
2023-05-31 07:45:00+00:00,18509.94921875,18526.05078125,18491.0,18494.80078125,0
2023-05-31 08:45:00+00:00,18525.900390625,18556.94921875,18506.80078125,18509.650390625,0
2023-05-31 09:45:00+00:00,18521.30078125,18566.69921875,18509.55078125,18525.05078125,0
2023-06-01 03:45:00+00:00,18559.30078125,18579.400390625,18514.75,18579.400390625,0
2023-06-01 04:45:00+00:00,18569.0,18576.599609375,18549.900390625,18558.0,0
2023-06-01 05:45:00+00:00,18555.150390625,18580.05078125,18553.400390625,18568.849609375,0
2023-06-01 06:45:00+00:00,18550.80078125,18555.900390625,18543.19921875,18554.44921875,0
2023-06-01 07:45:00+00:00,18524.0,18565.30078125,18519.94921875,18551.25,0
2023-06-01 08:45:00+00:00,18491.349609375,18531.400390625,18491.30078125,18524.19921875,0
2023-06-01 09:45:00+00:00,18486.099609375,18491.849609375,18465.19921875,18491.849609375,0
2023-06-02 03:45:00+00:00,18492.30078125,18573.25,18485.849609375,18550.849609375,0
2023-06-02 04:45:00+00:00,18515.25,18519.69921875,18478.5,18492.400390625,0
2023-06-02 05:45:00+00:00,18528.150390625,18537.75,18503.75,18515.150390625,0
2023-06-02 06:45:00+00:00,18545.30078125,18553.25,18515.19921875,18527.55078125,0
2023-06-02 07:45:00+00:00,18540.80078125,18567.5,18535.150390625,18544.900390625,0
2023-06-02 08:45:00+00:00,18537.25,18556.099609375,18495.55078125,18540.94921875,0
2023-06-02 09:45:00+00:00,18525.849609375,18538.5,18511.94921875,18537.55078125,0
2023-06-05 03:45:00+00:00,18618.30078125,18635.05078125,18583.30078125,18612.0,0
2023-06-05 04:45:00+00:00,18631.5,18636.349609375,18609.19921875,18617.75,0
2023-06-05 05:45:00+00:00,18625.900390625,18639.400390625,18616.19921875,18631.30078125,0
2023-06-05 06:45:00+00:00,18606.55078125,18629.30078125,18602.94921875,18626.400390625,0
2023-06-05 07:45:00+00:00,18617.900390625,18629.650390625,18605.25,18606.400390625,0
2023-06-05 08:45:00+00:00,18593.25,18624.55078125,18585.94921875,18618.599609375,0
2023-06-05 09:45:00+00:00,18599.900390625,18603.599609375,18585.44921875,18593.55078125,0
2023-06-06 03:45:00+00:00,18580.599609375,18617.75,18571.5,18600.80078125,0
2023-06-06 04:45:00+00:00,18551.400390625,18581.5,18545.69921875,18580.599609375,0
2023-06-06 05:45:00+00:00,18541.599609375,18560.0,18531.94921875,18550.80078125,0
2023-06-06 06:45:00+00:00,18556.650390625,18559.25,18534.30078125,18541.099609375,0
2023-06-06 07:45:00+00:00,18551.55078125,18566.69921875,18542.94921875,18556.94921875,0
2023-06-06 08:45:00+00:00,18608.599609375,18613.150390625,18549.5,18551.150390625,0
2023-06-06 09:45:00+00:00,18617.099609375,18622.05078125,18604.25,18609.30078125,0
2023-06-07 03:45:00+00:00,18661.19921875,18675.400390625,18637.05078125,18665.599609375,0
2023-06-07 04:45:00+00:00,18661.599609375,18666.400390625,18639.55078125,18660.900390625,0
2023-06-07 05:45:00+00:00,18657.69921875,18667.94921875,18647.25,18661.25,0
2023-06-07 06:45:00+00:00,18682.650390625,18685.400390625,18655.400390625,18656.849609375,0
2023-06-07 07:45:00+00:00,18685.650390625,18693.19921875,18664.05078125,18682.30078125,0
2023-06-07 08:45:00+00:00,18726.94921875,18729.94921875,18684.25,18685.849609375,0
2023-06-07 09:45:00+00:00,18730.349609375,18738.75,18718.55078125,18727.099609375,0
2023-06-08 03:45:00+00:00,18753.30078125,18760.650390625,18724.599609375,18725.349609375,0
2023-06-08 04:45:00+00:00,18765.849609375,18777.80078125,18752.80078125,18753.349609375,0
2023-06-08 05:45:00+00:00,18701.349609375,18770.650390625,18685.25,18766.0,0
2023-06-08 06:45:00+00:00,18684.400390625,18708.900390625,18676.599609375,18700.900390625,0
2023-06-08 07:45:00+00:00,18692.650390625,18723.75,18680.94921875,18684.69921875,0
2023-06-08 08:45:00+00:00,18624.599609375,18695.69921875,18624.25,18692.5,0
2023-06-08 09:45:00+00:00,18646.900390625,18651.599609375,18615.94921875,18624.5,0
2023-06-09 03:45:00+00:00,18641.19921875,18676.25,18609.75,18655.900390625,0
2023-06-09 04:45:00+00:00,18612.05078125,18641.80078125,18600.5,18640.400390625,0
2023-06-09 05:45:00+00:00,18634.75,18638.44921875,18612.099609375,18612.099609375,0
2023-06-09 06:45:00+00:00,18610.5,18646.099609375,18596.099609375,18634.650390625,0
2023-06-09 07:45:00+00:00,18575.349609375,18615.5,18570.599609375,18609.650390625,0
2023-06-09 08:45:00+00:00,18564.30078125,18592.650390625,18555.69921875,18573.849609375,0
2023-06-09 09:45:00+00:00,18567.30078125,18571.349609375,18557.25,18568.650390625,0
2023-06-12 03:45:00+00:00,18578.349609375,18622.94921875,18560.80078125,18595.05078125,0
2023-06-12 04:45:00+00:00,18610.30078125,18612.099609375,18575.0,18579.0,0
2023-06-12 05:45:00+00:00,18605.900390625,18620.75,18599.0,18610.55078125,0
2023-06-12 06:45:00+00:00,18600.75,18607.5,18578.849609375,18605.900390625,0
2023-06-12 07:45:00+00:00,18620.650390625,18620.650390625,18600.80078125,18600.849609375,0
2023-06-12 08:45:00+00:00,18596.69921875,18625.099609375,18591.400390625,18620.599609375,0
2023-06-12 09:45:00+00:00,18614.900390625,18615.55078125,18593.80078125,18597.25,0
2023-06-13 03:45:00+00:00,18698.55078125,18703.400390625,18631.80078125,18631.80078125,0
2023-06-13 04:45:00+00:00,18707.5,18711.400390625,18690.05078125,18698.19921875,0
2023-06-13 05:45:00+00:00,18709.44921875,18718.400390625,18699.849609375,18707.05078125,0
2023-06-13 06:45:00+00:00,18712.599609375,18714.75,18702.150390625,18709.849609375,0
2023-06-13 07:45:00+00:00,18694.900390625,18715.05078125,18683.400390625,18711.80078125,0
2023-06-13 08:45:00+00:00,18719.349609375,18722.44921875,18686.400390625,18694.19921875,0
2023-06-13 09:45:00+00:00,18718.650390625,18727.75,18714.0,18718.69921875,0
2023-06-14 03:45:00+00:00,18707.55078125,18745.69921875,18690.599609375,18744.599609375,0
2023-06-14 04:45:00+00:00,18726.400390625,18741.349609375,18702.5,18707.75,0
2023-06-14 05:45:00+00:00,18743.94921875,18745.599609375,18723.650390625,18727.099609375,0
2023-06-14 06:45:00+00:00,18757.599609375,18758.599609375,18737.44921875,18744.150390625,0
2023-06-14 07:45:00+00:00,18766.05078125,18767.900390625,18751.19921875,18757.400390625,0
2023-06-14 08:45:00+00:00,18758.25,18769.5,18748.25,18766.75,0
2023-06-14 09:45:00+00:00,18749.650390625,18760.69921875,18745.099609375,18758.55078125,0
2023-06-15 03:45:00+00:00,18776.400390625,18783.19921875,18722.25,18774.44921875,0
2023-06-15 04:45:00+00:00,18762.30078125,18793.900390625,18759.900390625,18775.650390625,0
2023-06-15 05:45:00+00:00,18727.099609375,18762.599609375,18710.650390625,18762.400390625,0
2023-06-15 06:45:00+00:00,18723.30078125,18746.349609375,18715.400390625,18726.55078125,0
2023-06-15 07:45:00+00:00,18705.80078125,18757.349609375,18703.849609375,18723.5,0
2023-06-15 08:45:00+00:00,18682.650390625,18714.099609375,18669.19921875,18705.150390625,0
2023-06-15 09:45:00+00:00,18682.150390625,18690.25,18678.849609375,18684.099609375,0
2023-06-16 03:45:00+00:00,18765.05078125,18775.19921875,18712.69921875,18723.30078125,0
2023-06-16 04:45:00+00:00,18762.30078125,18785.30078125,18759.099609375,18765.05078125,0
2023-06-16 05:45:00+00:00,18765.19921875,18777.900390625,18747.75,18762.900390625,0
2023-06-16 06:45:00+00:00,18764.400390625,18768.349609375,18747.349609375,18765.150390625,0
2023-06-16 07:45:00+00:00,18789.849609375,18789.900390625,18756.0,18764.05078125,0
2023-06-16 08:45:00+00:00,18823.0,18863.94921875,18790.05078125,18790.05078125,0
2023-06-16 09:45:00+00:00,18823.599609375,18827.5,18807.400390625,18823.05078125,0
2023-06-19 03:45:00+00:00,18827.05078125,18879.0,18816.05078125,18873.30078125,0
2023-06-19 04:45:00+00:00,18779.25,18828.349609375,18767.69921875,18827.05078125,0
2023-06-19 05:45:00+00:00,18780.44921875,18786.599609375,18762.19921875,18779.349609375,0
2023-06-19 06:45:00+00:00,18759.25,18796.5,18756.099609375,18780.099609375,0
2023-06-19 07:45:00+00:00,18734.099609375,18762.150390625,18719.30078125,18759.0,0
2023-06-19 08:45:00+00:00,18760.5,18786.0,18728.94921875,18734.19921875,0
2023-06-19 09:45:00+00:00,18754.19921875,18763.650390625,18746.849609375,18761.099609375,0
2023-06-20 03:45:00+00:00,18695.55078125,18758.650390625,18669.400390625,18752.349609375,0
2023-06-20 04:45:00+00:00,18699.900390625,18701.75,18661.150390625,18695.05078125,0
2023-06-20 05:45:00+00:00,18717.25,18731.25,18696.0,18699.099609375,0
2023-06-20 06:45:00+00:00,18743.44921875,18753.80078125,18712.5,18716.650390625,0
2023-06-20 07:45:00+00:00,18752.5,18763.400390625,18733.25,18743.05078125,0
2023-06-20 08:45:00+00:00,18820.099609375,18825.25,18743.900390625,18752.0,0
2023-06-20 09:45:00+00:00,18833.69921875,18838.349609375,18820.30078125,18820.44921875,0
2023-06-21 03:45:00+00:00,18869.5,18875.650390625,18809.150390625,18849.400390625,0
2023-06-21 04:45:00+00:00,18800.900390625,18870.75,18800.099609375,18870.75,0
2023-06-21 05:45:00+00:00,18830.150390625,18835.94921875,18794.900390625,18801.55078125,0
2023-06-21 06:45:00+00:00,18853.400390625,18856.80078125,18820.0,18830.30078125,0
2023-06-21 07:45:00+00:00,18865.25,18868.30078125,18844.150390625,18853.55078125,0
2023-06-21 08:45:00+00:00,18861.150390625,18866.099609375,18826.94921875,18865.80078125,0
2023-06-21 09:45:00+00:00,18862.099609375,18865.900390625,18849.69921875,18861.69921875,0
2023-06-22 03:45:00+00:00,18862.75,18881.5,18833.349609375,18853.599609375,0
2023-06-22 04:45:00+00:00,18852.30078125,18886.05078125,18845.44921875,18863.849609375,0
2023-06-22 05:45:00+00:00,18811.849609375,18856.80078125,18806.55078125,18852.05078125,0
2023-06-22 06:45:00+00:00,18803.30078125,18833.099609375,18779.400390625,18812.0,0
2023-06-22 07:45:00+00:00,18835.94921875,18862.55078125,18798.80078125,18803.25,0
2023-06-22 08:45:00+00:00,18766.400390625,18836.69921875,18763.19921875,18836.69921875,0
2023-06-22 09:45:00+00:00,18779.349609375,18779.650390625,18760.599609375,18766.30078125,0
2023-06-23 03:45:00+00:00,18690.5,18751.19921875,18647.44921875,18741.849609375,0
2023-06-23 04:45:00+00:00,18708.400390625,18729.19921875,18681.650390625,18691.19921875,0
2023-06-23 05:45:00+00:00,18717.0,18728.650390625,18690.099609375,18708.80078125,0
2023-06-23 06:45:00+00:00,18718.0,18747.94921875,18703.900390625,18717.349609375,0
2023-06-23 07:45:00+00:00,18689.599609375,18725.0,18683.94921875,18718.69921875,0
2023-06-23 08:45:00+00:00,18666.849609375,18706.150390625,18666.849609375,18688.94921875,0
2023-06-23 09:45:00+00:00,18668.55078125,18671.099609375,18652.349609375,18666.69921875,0
2023-06-26 03:45:00+00:00,18672.05078125,18721.75,18657.900390625,18682.349609375,0
2023-06-26 04:45:00+00:00,18667.0,18682.05078125,18653.05078125,18672.099609375,0
2023-06-26 05:45:00+00:00,18685.5,18691.44921875,18661.900390625,18667.55078125,0
2023-06-26 06:45:00+00:00,18662.599609375,18692.44921875,18647.650390625,18685.30078125,0
2023-06-26 07:45:00+00:00,18666.150390625,18678.75,18649.150390625,18662.349609375,0
2023-06-26 08:45:00+00:00,18696.349609375,18706.150390625,18649.19921875,18667.150390625,0
2023-06-26 09:45:00+00:00,18694.69921875,18702.349609375,18675.25,18696.650390625,0
2023-06-27 03:45:00+00:00,18730.69921875,18762.94921875,18724.25,18748.55078125,0
2023-06-27 04:45:00+00:00,18722.30078125,18736.5,18714.5,18730.849609375,0
2023-06-27 05:45:00+00:00,18750.599609375,18752.150390625,18721.099609375,18722.30078125,0
2023-06-27 06:45:00+00:00,18742.94921875,18752.30078125,18729.30078125,18750.349609375,0
2023-06-27 07:45:00+00:00,18775.400390625,18775.55078125,18740.44921875,18743.099609375,0
2023-06-27 08:45:00+00:00,18824.80078125,18829.150390625,18770.349609375,18774.94921875,0
2023-06-27 09:45:00+00:00,18818.599609375,18825.44921875,18811.099609375,18824.94921875,0
2023-06-28 03:45:00+00:00,18888.30078125,18908.150390625,18861.44921875,18908.150390625,0
2023-06-28 04:45:00+00:00,18939.5,18940.19921875,18883.5,18888.30078125,0
2023-06-28 05:45:00+00:00,18956.599609375,18981.150390625,18933.849609375,18939.30078125,0
2023-06-28 06:45:00+00:00,18994.900390625,18994.900390625,18953.349609375,18957.0,0
2023-06-28 07:45:00+00:00,18979.55078125,19010.400390625,18977.94921875,18994.19921875,0
2023-06-28 08:45:00+00:00,18972.94921875,19007.94921875,18944.75,18979.75,0
2023-06-28 09:45:00+00:00,18993.0,18995.900390625,18965.55078125,18973.5,0
2023-06-30 03:45:00+00:00,19090.25,19107.44921875,19028.150390625,19076.849609375,0
2023-06-30 04:45:00+00:00,19095.80078125,19102.599609375,19075.400390625,19090.75,0
2023-06-30 05:45:00+00:00,19118.30078125,19121.05078125,19092.349609375,19094.75,0
2023-06-30 06:45:00+00:00,19145.400390625,19151.05078125,19111.05078125,19118.150390625,0
2023-06-30 07:45:00+00:00,19144.75,19159.599609375,19137.69921875,19145.69921875,0
2023-06-30 08:45:00+00:00,19194.25,19194.599609375,19141.19921875,19145.19921875,0
2023-06-30 09:45:00+00:00,19183.19921875,19201.099609375,19181.19921875,19194.44921875,0
2023-07-03 03:45:00+00:00,19324.0,19330.25,19242.19921875,19246.5,0
2023-07-03 04:45:00+00:00,19267.099609375,19335.650390625,19265.650390625,19323.400390625,0
2023-07-03 05:45:00+00:00,19303.30078125,19307.05078125,19253.55078125,19267.5,0
2023-07-03 06:45:00+00:00,19319.30078125,19329.19921875,19299.599609375,19304.349609375,0
2023-07-03 07:45:00+00:00,19304.599609375,19327.099609375,19300.75,19320.30078125,0
2023-07-03 08:45:00+00:00,19316.19921875,19329.849609375,19288.599609375,19304.19921875,0
2023-07-03 09:45:00+00:00,19330.650390625,19344.599609375,19314.75,19316.55078125,0
2023-07-04 03:45:00+00:00,19325.349609375,19412.349609375,19300.25,19406.599609375,0
2023-07-04 04:45:00+00:00,19340.75,19349.599609375,19314.94921875,19326.80078125,0
2023-07-04 05:45:00+00:00,19377.0,19378.5,19333.30078125,19341.599609375,0
2023-07-04 06:45:00+00:00,19392.900390625,19402.150390625,19375.0,19376.19921875,0
2023-07-04 07:45:00+00:00,19372.650390625,19433.55078125,19372.30078125,19393.0,0
2023-07-04 08:45:00+00:00,19388.900390625,19400.5,19358.69921875,19372.0,0
2023-07-04 09:45:00+00:00,19385.55078125,19395.900390625,19378.69921875,19391.80078125,0
2023-07-05 03:45:00+00:00,19389.05078125,19421.25,19349.55078125,19405.94921875,0
2023-07-05 04:45:00+00:00,19374.0,19393.0,19360.650390625,19389.150390625,0
2023-07-05 05:45:00+00:00,19392.650390625,19404.5,19367.849609375,19373.150390625,0
2023-07-05 06:45:00+00:00,19388.55078125,19396.150390625,19373.099609375,19392.599609375,0
2023-07-05 07:45:00+00:00,19380.849609375,19390.349609375,19349.650390625,19388.849609375,0
2023-07-05 08:45:00+00:00,19410.650390625,19410.650390625,19340.55078125,19381.0,0
2023-07-05 09:45:00+00:00,19415.30078125,19420.05078125,19404.400390625,19409.94921875,0
2023-07-06 03:45:00+00:00,19449.849609375,19452.900390625,19374.900390625,19385.69921875,0
2023-07-06 04:45:00+00:00,19457.69921875,19466.599609375,19433.099609375,19449.69921875,0
2023-07-06 05:45:00+00:00,19450.19921875,19472.05078125,19447.349609375,19457.19921875,0
2023-07-06 06:45:00+00:00,19450.19921875,19465.900390625,19437.25,19450.099609375,0
2023-07-06 07:45:00+00:00,19458.0,19464.05078125,19440.099609375,19450.94921875,0
2023-07-06 08:45:00+00:00,19505.44921875,19511.94921875,19447.80078125,19458.900390625,0
2023-07-06 09:45:00+00:00,19486.25,19506.150390625,19483.25,19505.80078125,0
2023-07-07 03:45:00+00:00,19496.55078125,19523.44921875,19422.80078125,19422.80078125,0
2023-07-07 04:45:00+00:00,19426.75,19496.5,19406.400390625,19496.099609375,0
2023-07-07 05:45:00+00:00,19380.5,19440.75,19362.55078125,19426.75,0
2023-07-07 06:45:00+00:00,19355.900390625,19385.849609375,19350.400390625,19380.650390625,0
2023-07-07 07:45:00+00:00,19372.099609375,19384.099609375,19345.5,19355.900390625,0
2023-07-07 08:45:00+00:00,19325.650390625,19418.900390625,19324.30078125,19372.400390625,0
2023-07-07 09:45:00+00:00,19324.650390625,19327.55078125,19304.94921875,19325.650390625,0
2023-07-10 03:45:00+00:00,19413.150390625,19416.150390625,19347.30078125,19400.349609375,0
2023-07-10 04:45:00+00:00,19389.80078125,19435.75,19387.0,19413.25,0
2023-07-10 05:45:00+00:00,19350.400390625,19389.80078125,19332.75,19389.80078125,0
2023-07-10 06:45:00+00:00,19393.05078125,19394.099609375,19349.150390625,19351.25,0
2023-07-10 07:45:00+00:00,19397.0,19405.400390625,19378.05078125,19394.099609375,0
2023-07-10 08:45:00+00:00,19355.80078125,19398.55078125,19327.400390625,19398.55078125,0
2023-07-10 09:45:00+00:00,19367.849609375,19372.150390625,19353.75,19356.349609375,0
2023-07-11 03:45:00+00:00,19473.150390625,19487.650390625,19408.80078125,19427.099609375,0
2023-07-11 04:45:00+00:00,19500.55078125,19501.30078125,19463.0,19472.69921875,0
2023-07-11 05:45:00+00:00,19493.349609375,19513.94921875,19486.75,19500.650390625,0
2023-07-11 06:45:00+00:00,19486.650390625,19498.55078125,19474.099609375,19492.0,0
2023-07-11 07:45:00+00:00,19459.0,19492.55078125,19454.30078125,19486.400390625,0
2023-07-11 08:45:00+00:00,19428.150390625,19460.099609375,19419.30078125,19458.150390625,0
2023-07-11 09:45:00+00:00,19448.150390625,19453.05078125,19427.099609375,19428.30078125,0
2023-07-12 03:45:00+00:00,19464.94921875,19497.44921875,19434.849609375,19497.44921875,0
2023-07-12 04:45:00+00:00,19454.900390625,19479.19921875,19423.55078125,19464.650390625,0
2023-07-12 05:45:00+00:00,19419.75,19458.900390625,19401.80078125,19454.400390625,0
2023-07-12 06:45:00+00:00,19453.099609375,19454.849609375,19402.650390625,19419.30078125,0
2023-07-12 07:45:00+00:00,19443.05078125,19462.150390625,19432.30078125,19452.099609375,0
2023-07-12 08:45:00+00:00,19371.69921875,19462.0,19366.75,19442.599609375,0
2023-07-12 09:45:00+00:00,19384.75,19386.5,19362.650390625,19371.44921875,0
2023-07-13 03:45:00+00:00,19560.400390625,19566.0,19451.599609375,19495.19921875,0
2023-07-13 04:45:00+00:00,19553.650390625,19566.44921875,19536.900390625,19559.849609375,0
2023-07-13 05:45:00+00:00,19548.849609375,19566.400390625,19542.599609375,19554.650390625,0
2023-07-13 06:45:00+00:00,19545.94921875,19555.900390625,19527.05078125,19549.55078125,0
2023-07-13 07:45:00+00:00,19450.30078125,19549.150390625,19444.80078125,19546.75,0
2023-07-13 08:45:00+00:00,19418.44921875,19481.0,19386.599609375,19450.30078125,0
2023-07-13 09:45:00+00:00,19443.19921875,19445.30078125,19415.400390625,19418.44921875,0
2023-07-14 03:45:00+00:00,19451.900390625,19519.599609375,19441.44921875,19493.44921875,0
2023-07-14 04:45:00+00:00,19472.5,19475.400390625,19434.150390625,19452.349609375,0
2023-07-14 05:45:00+00:00,19485.30078125,19494.44921875,19452.599609375,19472.0,0
2023-07-14 06:45:00+00:00,19501.400390625,19503.25,19468.900390625,19485.400390625,0
2023-07-14 07:45:00+00:00,19512.19921875,19520.05078125,19467.30078125,19501.55078125,0
2023-07-14 08:45:00+00:00,19566.44921875,19567.849609375,19482.94921875,19512.30078125,0
2023-07-14 09:45:00+00:00,19587.349609375,19594.55078125,19563.80078125,19567.400390625,0
2023-07-17 03:45:00+00:00,19631.400390625,19631.650390625,19563.69921875,19612.150390625,0
2023-07-17 04:45:00+00:00,19620.150390625,19641.05078125,19601.150390625,19632.599609375,0
2023-07-17 05:45:00+00:00,19628.94921875,19634.5,19598.849609375,19619.80078125,0
2023-07-17 06:45:00+00:00,19646.900390625,19655.5,19618.849609375,19629.25,0
2023-07-17 07:45:00+00:00,19648.30078125,19673.05078125,19637.55078125,19647.44921875,0
2023-07-17 08:45:00+00:00,19730.150390625,19730.150390625,19648.599609375,19649.30078125,0
2023-07-17 09:45:00+00:00,19719.099609375,19731.55078125,19712.900390625,19730.25,0
2023-07-18 03:45:00+00:00,19763.599609375,19810.19921875,19741.0,19787.5,0
2023-07-18 04:45:00+00:00,19806.94921875,19817.75,19758.80078125,19762.5,0
2023-07-18 05:45:00+00:00,19702.900390625,19807.94921875,19690.25,19807.400390625,0
2023-07-18 06:45:00+00:00,19717.900390625,19761.30078125,19691.75,19704.0,0
2023-07-18 07:45:00+00:00,19760.30078125,19778.599609375,19706.69921875,19718.150390625,0
2023-07-18 08:45:00+00:00,19743.55078125,19763.69921875,19714.05078125,19760.19921875,0
2023-07-18 09:45:00+00:00,19751.55078125,19759.94921875,19741.599609375,19742.55078125,0
2023-07-19 03:45:00+00:00,19826.150390625,19841.150390625,19787.94921875,19802.94921875,0
2023-07-19 04:45:00+00:00,19746.150390625,19827.900390625,19745.25,19825.849609375,0
2023-07-19 05:45:00+00:00,19736.599609375,19761.150390625,19727.55078125,19745.69921875,0
2023-07-19 06:45:00+00:00,19788.94921875,19790.900390625,19735.900390625,19736.80078125,0
2023-07-19 07:45:00+00:00,19781.099609375,19801.5,19763.900390625,19788.5,0
2023-07-19 08:45:00+00:00,19833.19921875,19838.19921875,19758.75,19780.80078125,0
2023-07-19 09:45:00+00:00,19847.150390625,19849.19921875,19832.19921875,19833.400390625,0
2023-07-20 03:45:00+00:00,19787.349609375,19840.44921875,19758.44921875,19831.69921875,0
2023-07-20 04:45:00+00:00,19830.80078125,19847.25,19782.69921875,19786.94921875,0
2023-07-20 05:45:00+00:00,19860.150390625,19869.400390625,19814.900390625,19831.099609375,0
2023-07-20 06:45:00+00:00,19899.30078125,19902.44921875,19851.900390625,19860.5,0
2023-07-20 07:45:00+00:00,19942.25,19947.19921875,19887.69921875,19898.05078125,0
2023-07-20 08:45:00+00:00,19987.05078125,19990.80078125,19935.44921875,19943.150390625,0
2023-07-20 09:45:00+00:00,19969.94921875,19987.55078125,19965.400390625,19987.19921875,0
2023-07-21 03:45:00+00:00,19843.69921875,19886.349609375,19780.69921875,19800.44921875,0
2023-07-21 04:45:00+00:00,19780.0,19844.599609375,19778.75,19844.599609375,0
2023-07-21 05:45:00+00:00,19767.900390625,19800.150390625,19759.25,19779.900390625,0
2023-07-21 06:45:00+00:00,19791.349609375,19791.94921875,19733.400390625,19768.099609375,0
2023-07-21 07:45:00+00:00,19779.400390625,19821.94921875,19766.150390625,19791.150390625,0
2023-07-21 08:45:00+00:00,19743.25,19786.30078125,19700.099609375,19779.75,0
2023-07-21 09:45:00+00:00,19780.900390625,19780.900390625,19740.05078125,19743.30078125,0
2023-07-24 03:45:00+00:00,19748.55078125,19755.0,19705.19921875,19748.44921875,0
2023-07-24 04:45:00+00:00,19764.19921875,19782.150390625,19747.80078125,19748.55078125,0
2023-07-24 05:45:00+00:00,19709.150390625,19768.30078125,19670.94921875,19764.150390625,0
2023-07-24 06:45:00+00:00,19760.69921875,19768.900390625,19707.05078125,19708.400390625,0
2023-07-24 07:45:00+00:00,19749.650390625,19776.0,19731.25,19761.30078125,0
2023-07-24 08:45:00+00:00,19670.900390625,19750.55078125,19664.5,19750.55078125,0
2023-07-24 09:45:00+00:00,19663.69921875,19677.05078125,19659.599609375,19671.349609375,0
2023-07-25 03:45:00+00:00,19678.05078125,19729.349609375,19663.55078125,19729.349609375,0
2023-07-25 04:45:00+00:00,19673.150390625,19685.650390625,19652.30078125,19678.75,0
2023-07-25 05:45:00+00:00,19676.69921875,19678.599609375,19648.30078125,19673.400390625,0
2023-07-25 06:45:00+00:00,19667.25,19707.44921875,19666.75,19676.25,0
2023-07-25 07:45:00+00:00,19659.69921875,19669.849609375,19616.650390625,19667.099609375,0
2023-07-25 08:45:00+00:00,19674.650390625,19706.05078125,19660.650390625,19660.94921875,0
2023-07-25 09:45:00+00:00,19678.849609375,19683.05078125,19669.0,19674.05078125,0
2023-07-26 03:45:00+00:00,19815.69921875,19819.099609375,19716.75,19733.349609375,0
2023-07-26 04:45:00+00:00,19804.400390625,19825.099609375,19796.400390625,19815.849609375,0
2023-07-26 05:45:00+00:00,19812.400390625,19817.80078125,19788.25,19804.849609375,0
2023-07-26 06:45:00+00:00,19790.94921875,19819.05078125,19777.900390625,19812.5,0
2023-07-26 07:45:00+00:00,19792.69921875,19811.349609375,19788.19921875,19790.25,0
2023-07-26 08:45:00+00:00,19784.69921875,19824.900390625,19747.400390625,19791.849609375,0
2023-07-26 09:45:00+00:00,19773.099609375,19785.75,19769.400390625,19784.349609375,0
2023-07-27 03:45:00+00:00,19806.650390625,19867.5,19798.80078125,19850.900390625,0
2023-07-27 04:45:00+00:00,19780.599609375,19820.599609375,19778.69921875,19807.30078125,0
2023-07-27 05:45:00+00:00,19740.05078125,19781.05078125,19719.099609375,19781.05078125,0
2023-07-27 06:45:00+00:00,19731.25,19745.80078125,19699.099609375,19739.80078125,0
2023-07-27 07:45:00+00:00,19696.099609375,19746.0,19681.94921875,19731.80078125,0
2023-07-27 08:45:00+00:00,19664.69921875,19705.94921875,19603.849609375,19697.849609375,0
2023-07-27 09:45:00+00:00,19700.19921875,19708.650390625,19657.19921875,19664.650390625,0
2023-07-28 03:45:00+00:00,19618.5,19692.05078125,19599.44921875,19659.75,0
2023-07-28 04:45:00+00:00,19607.69921875,19642.25,19596.05078125,19618.650390625,0
2023-07-28 05:45:00+00:00,19579.94921875,19616.30078125,19573.849609375,19607.5,0
2023-07-28 06:45:00+00:00,19607.75,19611.19921875,19565.25,19579.599609375,0
2023-07-28 07:45:00+00:00,19597.44921875,19608.05078125,19563.599609375,19608.05078125,0
2023-07-28 08:45:00+00:00,19651.80078125,19663.55078125,19581.599609375,19597.69921875,0
2023-07-28 09:45:00+00:00,19638.0,19656.25,19634.0,19650.94921875,0
2023-07-31 03:45:00+00:00,19672.94921875,19676.05078125,19599.150390625,19666.349609375,0
2023-07-31 04:45:00+00:00,19693.5,19699.19921875,19660.0,19673.150390625,0
2023-07-31 05:45:00+00:00,19707.599609375,19719.69921875,19686.150390625,19692.94921875,0
2023-07-31 06:45:00+00:00,19700.55078125,19711.44921875,19674.25,19708.099609375,0
2023-07-31 07:45:00+00:00,19703.599609375,19726.900390625,19696.849609375,19700.30078125,0
2023-07-31 08:45:00+00:00,19760.0,19767.25,19703.25,19703.80078125,0
2023-07-31 09:45:00+00:00,19740.75,19772.25,19737.5,19759.75,0
2023-08-01 03:45:00+00:00,19779.55078125,19793.69921875,19750.900390625,19784.0,0
2023-08-01 04:45:00+00:00,19730.400390625,19782.099609375,19715.05078125,19780.25,0
2023-08-01 05:45:00+00:00,19729.30078125,19753.400390625,19722.150390625,19730.900390625,0
2023-08-01 06:45:00+00:00,19738.0,19738.0,19704.849609375,19728.19921875,0
2023-08-01 07:45:00+00:00,19737.55078125,19765.75,19730.650390625,19738.900390625,0
2023-08-01 08:45:00+00:00,19736.150390625,19762.80078125,19721.05078125,19737.80078125,0
2023-08-01 09:45:00+00:00,19736.099609375,19742.69921875,19727.400390625,19735.80078125,0
2023-08-02 03:45:00+00:00,19610.69921875,19673.400390625,19609.099609375,19655.400390625,0
2023-08-02 04:45:00+00:00,19555.05078125,19614.150390625,19524.599609375,19609.55078125,0
2023-08-02 05:45:00+00:00,19540.55078125,19558.0,19517.900390625,19555.44921875,0
2023-08-02 06:45:00+00:00,19512.05078125,19556.900390625,19511.19921875,19540.19921875,0
2023-08-02 07:45:00+00:00,19429.849609375,19512.5,19424.69921875,19511.650390625,0
2023-08-02 08:45:00+00:00,19542.599609375,19543.25,19425.099609375,19429.94921875,0
2023-08-02 09:45:00+00:00,19514.80078125,19545.650390625,19514.44921875,19542.5,0
2023-08-03 03:45:00+00:00,19479.80078125,19536.80078125,19439.25,19463.75,0
2023-08-03 04:45:00+00:00,19499.400390625,19515.80078125,19462.5,19481.44921875,0
2023-08-03 05:45:00+00:00,19458.55078125,19506.80078125,19458.44921875,19498.80078125,0
2023-08-03 06:45:00+00:00,19359.44921875,19458.94921875,19345.650390625,19458.94921875,0
2023-08-03 07:45:00+00:00,19310.900390625,19366.650390625,19297.849609375,19359.650390625,0
2023-08-03 08:45:00+00:00,19390.099609375,19390.099609375,19303.25,19311.400390625,0
2023-08-03 09:45:00+00:00,19394.44921875,19406.5,19386.44921875,19389.55078125,0
2023-08-04 03:45:00+00:00,19478.400390625,19498.099609375,19436.44921875,19462.80078125,0
2023-08-04 04:45:00+00:00,19471.650390625,19490.94921875,19439.69921875,19479.05078125,0
2023-08-04 05:45:00+00:00,19525.650390625,19531.69921875,19469.849609375,19472.5,0
2023-08-04 06:45:00+00:00,19514.94921875,19538.44921875,19493.25,19526.849609375,0
2023-08-04 07:45:00+00:00,19482.44921875,19524.5,19450.69921875,19515.44921875,0
2023-08-04 08:45:00+00:00,19530.900390625,19532.25,19464.44921875,19482.44921875,0
2023-08-04 09:45:00+00:00,19510.05078125,19537.650390625,19507.150390625,19531.650390625,0
2023-08-07 03:45:00+00:00,19565.349609375,19582.44921875,19525.55078125,19576.849609375,0
2023-08-07 04:45:00+00:00,19538.19921875,19585.349609375,19532.349609375,19566.05078125,0
2023-08-07 05:45:00+00:00,19535.25,19554.599609375,19529.099609375,19537.30078125,0
2023-08-07 06:45:00+00:00,19584.55078125,19593.94921875,19532.599609375,19535.900390625,0
2023-08-07 07:45:00+00:00,19585.69921875,19619.849609375,19576.900390625,19584.849609375,0
2023-08-07 08:45:00+00:00,19598.099609375,19607.650390625,19572.75,19585.900390625,0
2023-08-07 09:45:00+00:00,19597.94921875,19605.0,19592.94921875,19598.0,0
2023-08-08 03:45:00+00:00,19590.5,19631.55078125,19576.599609375,19627.19921875,0
2023-08-08 04:45:00+00:00,19560.849609375,19610.849609375,19559.849609375,19590.400390625,0
2023-08-08 05:45:00+00:00,19575.5,19576.099609375,19533.44921875,19560.94921875,0
2023-08-08 06:45:00+00:00,19579.55078125,19580.099609375,19557.30078125,19575.0,0
2023-08-08 07:45:00+00:00,19576.599609375,19588.0,19566.349609375,19579.849609375,0
2023-08-08 08:45:00+00:00,19566.099609375,19597.25,19552.349609375,19576.69921875,0
2023-08-08 09:45:00+00:00,19570.80078125,19576.69921875,19564.80078125,19566.5,0
2023-08-09 03:45:00+00:00,19508.80078125,19578.80078125,19496.650390625,19578.80078125,0
2023-08-09 04:45:00+00:00,19480.19921875,19509.80078125,19468.25,19508.80078125,0
2023-08-09 05:45:00+00:00,19489.05078125,19492.099609375,19474.55078125,19479.05078125,0
2023-08-09 06:45:00+00:00,19505.650390625,19510.900390625,19478.650390625,19487.80078125,0
2023-08-09 07:45:00+00:00,19527.94921875,19529.55078125,19489.0,19504.75,0
2023-08-09 08:45:00+00:00,19639.0,19641.05078125,19517.599609375,19527.099609375,0
2023-08-09 09:45:00+00:00,19630.94921875,19645.19921875,19623.55078125,19638.599609375,0
2023-08-10 03:45:00+00:00,19617.80078125,19621.94921875,19568.349609375,19605.55078125,0
2023-08-10 04:45:00+00:00,19534.599609375,19621.94921875,19496.30078125,19617.349609375,0
2023-08-10 05:45:00+00:00,19551.150390625,19581.75,19529.349609375,19533.80078125,0
2023-08-10 06:45:00+00:00,19585.0,19588.19921875,19542.900390625,19550.55078125,0
2023-08-10 07:45:00+00:00,19543.75,19599.0,19503.099609375,19586.05078125,0
2023-08-10 08:45:00+00:00,19545.94921875,19558.19921875,19517.94921875,19543.55078125,0
2023-08-10 09:45:00+00:00,19549.19921875,19554.75,19535.30078125,19546.349609375,0
2023-08-11 03:45:00+00:00,19459.599609375,19555.150390625,19453.349609375,19554.25,0
2023-08-11 04:45:00+00:00,19463.94921875,19479.05078125,19442.0,19459.44921875,0
2023-08-11 05:45:00+00:00,19449.94921875,19472.5,19435.25,19463.349609375,0
2023-08-11 06:45:00+00:00,19482.19921875,19488.30078125,19436.25,19449.349609375,0
2023-08-11 07:45:00+00:00,19470.69921875,19492.650390625,19457.349609375,19482.599609375,0
2023-08-11 08:45:00+00:00,19415.849609375,19486.0,19415.150390625,19470.80078125,0
2023-08-11 09:45:00+00:00,19424.25,19439.099609375,19413.80078125,19415.900390625,0
2023-08-14 03:45:00+00:00,19319.80078125,19389.80078125,19258.19921875,19383.94921875,0
2023-08-14 04:45:00+00:00,19316.44921875,19323.55078125,19301.0,19320.5,0
2023-08-14 05:45:00+00:00,19379.0,19379.80078125,19316.0,19317.05078125,0
2023-08-14 06:45:00+00:00,19362.150390625,19385.349609375,19345.94921875,19379.80078125,0
2023-08-14 07:45:00+00:00,19430.349609375,19434.150390625,19351.599609375,19361.75,0
2023-08-14 08:45:00+00:00,19430.94921875,19465.30078125,19407.05078125,19429.849609375,0
2023-08-14 09:45:00+00:00,19413.650390625,19437.099609375,19408.400390625,19431.150390625,0
2023-08-16 03:45:00+00:00,19377.94921875,19384.349609375,19319.25,19369.0,0
2023-08-16 04:45:00+00:00,19378.900390625,19407.69921875,19376.0,19378.150390625,0
2023-08-16 05:45:00+00:00,19387.19921875,19394.349609375,19359.900390625,19378.599609375,0
2023-08-16 06:45:00+00:00,19425.599609375,19426.900390625,19379.69921875,19388.150390625,0
2023-08-16 07:45:00+00:00,19422.900390625,19438.05078125,19413.75,19425.150390625,0
2023-08-16 08:45:00+00:00,19461.75,19482.099609375,19416.94921875,19423.05078125,0
2023-08-16 09:45:00+00:00,19447.0,19473.349609375,19442.349609375,19462.55078125,0
2023-08-17 03:45:00+00:00,19399.30078125,19455.5,19377.55078125,19450.55078125,0
2023-08-17 04:45:00+00:00,19400.44921875,19415.25,19385.44921875,19398.94921875,0
2023-08-17 05:45:00+00:00,19356.099609375,19401.05078125,19344.25,19401.05078125,0
2023-08-17 06:45:00+00:00,19329.94921875,19364.69921875,19326.650390625,19355.849609375,0
2023-08-17 07:45:00+00:00,19364.099609375,19372.80078125,19327.349609375,19329.55078125,0
2023-08-17 08:45:00+00:00,19362.19921875,19387.349609375,19346.150390625,19363.5,0
2023-08-17 09:45:00+00:00,19346.19921875,19366.05078125,19342.599609375,19361.94921875,0
2023-08-18 03:45:00+00:00,19266.349609375,19329.650390625,19258.55078125,19301.75,0
2023-08-18 04:45:00+00:00,19276.650390625,19286.94921875,19253.599609375,19265.75,0
2023-08-18 05:45:00+00:00,19304.55078125,19315.75,19271.849609375,19276.94921875,0
2023-08-18 06:45:00+00:00,19268.55078125,19307.25,19266.650390625,19305.150390625,0
2023-08-18 07:45:00+00:00,19353.80078125,19356.69921875,19260.349609375,19269.0,0
2023-08-18 08:45:00+00:00,19316.349609375,19373.44921875,19306.5,19353.349609375,0
2023-08-18 09:45:00+00:00,19281.5,19316.75,19277.0,19316.75,0
2023-08-21 03:45:00+00:00,19303.849609375,19367.55078125,19296.55078125,19320.650390625,0
2023-08-21 04:45:00+00:00,19374.400390625,19379.650390625,19301.19921875,19302.75,0
2023-08-21 05:45:00+00:00,19373.30078125,19388.400390625,19357.5,19374.400390625,0
2023-08-21 06:45:00+00:00,19403.25,19407.44921875,19369.650390625,19373.55078125,0
2023-08-21 07:45:00+00:00,19389.400390625,19414.900390625,19384.80078125,19403.650390625,0
2023-08-21 08:45:00+00:00,19397.80078125,19425.400390625,19386.75,19389.80078125,0
2023-08-21 09:45:00+00:00,19380.150390625,19397.75,19376.44921875,19396.650390625,0
2023-08-22 03:45:00+00:00,19400.599609375,19443.05078125,19382.19921875,19417.099609375,0
2023-08-22 04:45:00+00:00,19414.94921875,19425.900390625,19401.19921875,19401.19921875,0
2023-08-22 05:45:00+00:00,19431.80078125,19440.44921875,19410.150390625,19415.75,0
2023-08-22 06:45:00+00:00,19424.150390625,19434.94921875,19413.69921875,19432.94921875,0
2023-08-22 07:45:00+00:00,19413.94921875,19430.650390625,19399.80078125,19424.44921875,0
2023-08-22 08:45:00+00:00,19391.44921875,19417.400390625,19382.25,19413.19921875,0
2023-08-22 09:45:00+00:00,19390.05078125,19406.400390625,19384.94921875,19390.650390625,0
2023-08-23 03:45:00+00:00,19388.30078125,19441.599609375,19366.849609375,19439.19921875,0
2023-08-23 04:45:00+00:00,19408.5,19412.650390625,19370.349609375,19388.19921875,0
2023-08-23 05:45:00+00:00,19421.94921875,19430.55078125,19406.349609375,19409.30078125,0
2023-08-23 06:45:00+00:00,19439.44921875,19461.05078125,19417.650390625,19422.650390625,0
2023-08-23 07:45:00+00:00,19461.099609375,19471.44921875,19433.150390625,19439.650390625,0
2023-08-23 08:45:00+00:00,19442.75,19467.05078125,19437.0,19461.5,0
2023-08-23 09:45:00+00:00,19442.30078125,19448.900390625,19436.25,19443.400390625,0
2023-08-24 03:45:00+00:00,19562.099609375,19584.0,19510.150390625,19535.150390625,0
2023-08-24 04:45:00+00:00,19487.05078125,19566.75,19479.900390625,19562.94921875,0
2023-08-24 05:45:00+00:00,19457.900390625,19489.30078125,19440.849609375,19487.30078125,0
2023-08-24 06:45:00+00:00,19430.19921875,19470.349609375,19426.650390625,19456.69921875,0
2023-08-24 07:45:00+00:00,19440.75,19441.849609375,19406.80078125,19430.19921875,0
2023-08-24 08:45:00+00:00,19397.05078125,19441.0,19384.400390625,19439.25,0
2023-08-24 09:45:00+00:00,19380.400390625,19397.44921875,19369.349609375,19397.05078125,0
2023-08-25 03:45:00+00:00,19304.5,19338.849609375,19264.19921875,19264.19921875,0
2023-08-25 04:45:00+00:00,19265.44921875,19305.599609375,19230.650390625,19305.0,0
2023-08-25 05:45:00+00:00,19283.599609375,19328.80078125,19251.30078125,19264.650390625,0
2023-08-25 06:45:00+00:00,19294.30078125,19311.0,19278.75,19284.19921875,0
2023-08-25 07:45:00+00:00,19273.650390625,19311.900390625,19272.650390625,19295.30078125,0
2023-08-25 08:45:00+00:00,19263.150390625,19300.150390625,19256.75,19274.19921875,0
2023-08-25 09:45:00+00:00,19244.30078125,19267.349609375,19235.0,19263.650390625,0
2023-08-28 03:45:00+00:00,19291.599609375,19326.69921875,19250.25,19298.349609375,0
2023-08-28 04:45:00+00:00,19316.55078125,19324.0,19290.69921875,19291.25,0
2023-08-28 05:45:00+00:00,19315.69921875,19328.69921875,19303.400390625,19316.44921875,0
2023-08-28 06:45:00+00:00,19333.5,19345.150390625,19311.099609375,19315.5,0
2023-08-28 07:45:00+00:00,19336.05078125,19366.80078125,19324.55078125,19333.400390625,0
2023-08-28 08:45:00+00:00,19300.849609375,19340.349609375,19295.55078125,19335.44921875,0
2023-08-28 09:45:00+00:00,19302.650390625,19309.94921875,19290.05078125,19300.75,0
2023-08-29 03:45:00+00:00,19340.25,19374.849609375,19321.05078125,19374.849609375,0
2023-08-29 04:45:00+00:00,19326.400390625,19344.19921875,19314.25,19340.30078125,0
2023-08-29 05:45:00+00:00,19345.099609375,19348.55078125,19322.400390625,19326.30078125,0
2023-08-29 06:45:00+00:00,19352.75,19361.0,19332.44921875,19344.900390625,0
2023-08-29 07:45:00+00:00,19330.400390625,19361.849609375,19328.44921875,19352.44921875,0
2023-08-29 08:45:00+00:00,19341.400390625,19344.099609375,19309.94921875,19330.099609375,0
2023-08-29 09:45:00+00:00,19352.94921875,19357.30078125,19336.650390625,19342.150390625,0
2023-08-30 03:45:00+00:00,19440.55078125,19443.150390625,19412.650390625,19433.44921875,0
2023-08-30 04:45:00+00:00,19447.69921875,19450.150390625,19430.599609375,19440.25,0
2023-08-30 05:45:00+00:00,19448.05078125,19451.94921875,19440.69921875,19447.44921875,0
2023-08-30 06:45:00+00:00,19443.55078125,19448.599609375,19427.69921875,19447.900390625,0
2023-08-30 07:45:00+00:00,19412.849609375,19445.849609375,19410.69921875,19443.5,0
2023-08-30 08:45:00+00:00,19344.5,19413.650390625,19335.650390625,19412.099609375,0
2023-08-30 09:45:00+00:00,19342.0,19352.5,19334.849609375,19345.650390625,0
2023-08-31 03:45:00+00:00,19347.30078125,19388.0,19318.400390625,19375.55078125,0
2023-08-31 04:45:00+00:00,19313.55078125,19360.55078125,19305.400390625,19347.44921875,0
2023-08-31 05:45:00+00:00,19305.25,19339.099609375,19301.0,19314.099609375,0
2023-08-31 06:45:00+00:00,19279.400390625,19317.94921875,19278.599609375,19305.150390625,0
2023-08-31 07:45:00+00:00,19284.099609375,19320.05078125,19272.80078125,19278.80078125,0
2023-08-31 08:45:00+00:00,19280.55078125,19286.25,19233.400390625,19283.25,0
2023-08-31 09:45:00+00:00,19279.55078125,19288.599609375,19224.599609375,19281.0,0
2023-09-01 03:45:00+00:00,19304.5,19333.5,19258.150390625,19258.150390625,0
2023-09-01 04:45:00+00:00,19327.94921875,19350.150390625,19302.25,19303.849609375,0
2023-09-01 05:45:00+00:00,19333.80078125,19345.150390625,19326.400390625,19328.599609375,0
2023-09-01 06:45:00+00:00,19391.150390625,19400.349609375,19323.5,19333.19921875,0
2023-09-01 07:45:00+00:00,19435.94921875,19439.94921875,19384.400390625,19392.099609375,0
2023-09-01 08:45:00+00:00,19435.150390625,19458.5,19425.19921875,19436.05078125,0
2023-09-01 09:45:00+00:00,19423.349609375,19441.349609375,19421.900390625,19435.150390625,0
2023-09-04 03:45:00+00:00,19458.05078125,19525.05078125,19453.599609375,19525.05078125,0
2023-09-04 04:45:00+00:00,19473.05078125,19473.05078125,19433.150390625,19458.400390625,0
2023-09-04 05:45:00+00:00,19490.25,19493.349609375,19457.80078125,19472.599609375,0
2023-09-04 06:45:00+00:00,19512.849609375,19519.30078125,19489.400390625,19490.44921875,0
2023-09-04 07:45:00+00:00,19508.05078125,19520.099609375,19494.69921875,19513.44921875,0
2023-09-04 08:45:00+00:00,19530.44921875,19535.25,19495.94921875,19508.900390625,0
2023-09-04 09:45:00+00:00,19534.80078125,19543.75,19521.55078125,19530.05078125,0
2023-09-05 03:45:00+00:00,19580.75,19583.150390625,19533.099609375,19564.650390625,0
2023-09-05 04:45:00+00:00,19577.900390625,19583.69921875,19550.5,19580.099609375,0
2023-09-05 05:45:00+00:00,19568.599609375,19586.900390625,19560.5,19578.599609375,0
2023-09-05 06:45:00+00:00,19555.650390625,19576.19921875,19532.05078125,19567.69921875,0
2023-09-05 07:45:00+00:00,19550.69921875,19560.400390625,19526.69921875,19556.55078125,0
2023-09-05 08:45:00+00:00,19577.0,19579.150390625,19545.44921875,19551.05078125,0
2023-09-05 09:45:00+00:00,19577.650390625,19584.099609375,19569.94921875,19576.75,0
2023-09-06 03:45:00+00:00,19573.25,19604.099609375,19557.400390625,19581.19921875,0
2023-09-06 04:45:00+00:00,19570.900390625,19589.150390625,19560.19921875,19572.69921875,0
2023-09-06 05:45:00+00:00,19552.05078125,19573.349609375,19534.400390625,19571.19921875,0
2023-09-06 06:45:00+00:00,19509.75,19554.55078125,19500.30078125,19553.0,0
2023-09-06 07:45:00+00:00,19506.0,19518.150390625,19491.80078125,19510.55078125,0
2023-09-06 08:45:00+00:00,19615.25,19625.599609375,19504.849609375,19505.849609375,0
2023-09-06 09:45:00+00:00,19618.900390625,19636.05078125,19605.55078125,19615.0,0
2023-09-07 03:45:00+00:00,19592.400390625,19608.55078125,19550.25,19598.650390625,0
2023-09-07 04:45:00+00:00,19638.0,19638.80078125,19583.19921875,19593.599609375,0
2023-09-07 05:45:00+00:00,19613.849609375,19641.80078125,19591.44921875,19638.19921875,0
2023-09-07 06:45:00+00:00,19618.349609375,19631.599609375,19601.44921875,19613.44921875,0
2023-09-07 07:45:00+00:00,19672.599609375,19674.75,19617.94921875,19618.75,0
2023-09-07 08:45:00+00:00,19712.900390625,19736.900390625,19671.650390625,19672.349609375,0
2023-09-07 09:45:00+00:00,19723.25,19730.94921875,19712.30078125,19713.0,0
2023-09-08 03:45:00+00:00,19777.80078125,19791.099609375,19741.5,19774.80078125,0
2023-09-08 04:45:00+00:00,19746.80078125,19781.44921875,19728.69921875,19777.0,0
2023-09-08 05:45:00+00:00,19820.05078125,19823.19921875,19741.69921875,19746.75,0
2023-09-08 06:45:00+00:00,19810.400390625,19838.25,19802.5,19820.599609375,0
2023-09-08 07:45:00+00:00,19840.849609375,19841.849609375,19794.849609375,19810.69921875,0
2023-09-08 08:45:00+00:00,19817.25,19866.75,19802.349609375,19841.30078125,0
2023-09-08 09:45:00+00:00,19820.5,19832.44921875,19816.05078125,19817.349609375,0
2023-09-11 03:45:00+00:00,19929.0,19939.0,19873.69921875,19890.0,0
2023-09-11 04:45:00+00:00,19929.44921875,19945.599609375,19916.900390625,19929.44921875,0
2023-09-11 05:45:00+00:00,19939.30078125,19947.349609375,19929.44921875,19929.44921875,0
2023-09-11 06:45:00+00:00,19949.099609375,19960.44921875,19935.900390625,19939.55078125,0
2023-09-11 07:45:00+00:00,19944.55078125,19956.0,19930.900390625,19948.099609375,0
2023-09-11 08:45:00+00:00,19997.650390625,20001.75,19943.650390625,19946.0,0
2023-09-11 09:45:00+00:00,20000.0,20007.69921875,19996.5,19997.69921875,0
2023-09-12 03:45:00+00:00,19969.75,20110.150390625,19914.80078125,20110.150390625,0
2023-09-12 04:45:00+00:00,20001.5,20008.650390625,19932.69921875,19969.400390625,0
2023-09-12 05:45:00+00:00,20010.0,20039.69921875,19991.599609375,20000.94921875,0
2023-09-12 06:45:00+00:00,19986.150390625,20013.5,19949.69921875,20011.400390625,0
2023-09-12 07:45:00+00:00,20011.19921875,20013.94921875,19978.849609375,19985.599609375,0
2023-09-12 08:45:00+00:00,19985.099609375,20019.19921875,19977.19921875,20011.69921875,0
2023-09-12 09:45:00+00:00,19985.650390625,19998.55078125,19980.5,19984.900390625,0
2023-09-13 03:45:00+00:00,19978.099609375,20019.099609375,19945.5,19989.5,0
2023-09-13 04:45:00+00:00,20006.900390625,20009.94921875,19955.0,19978.05078125,0
2023-09-13 05:45:00+00:00,20043.150390625,20047.94921875,19994.44921875,20006.69921875,0
2023-09-13 06:45:00+00:00,20084.400390625,20092.599609375,20037.099609375,20042.69921875,0
2023-09-13 07:45:00+00:00,20080.0,20090.94921875,20056.69921875,20084.94921875,0
2023-09-13 08:45:00+00:00,20067.650390625,20096.05078125,20066.75,20081.19921875,0
2023-09-13 09:45:00+00:00,20063.349609375,20071.05078125,20053.400390625,20068.19921875,0
2023-09-14 03:45:00+00:00,20111.849609375,20167.0,20096.69921875,20127.94921875,0
2023-09-14 04:45:00+00:00,20097.5,20123.80078125,20064.30078125,20113.099609375,0
2023-09-14 05:45:00+00:00,20096.19921875,20105.900390625,20069.25,20097.0,0
2023-09-14 06:45:00+00:00,20091.099609375,20102.44921875,20050.599609375,20098.349609375,0
2023-09-14 07:45:00+00:00,20067.5,20107.650390625,20044.69921875,20091.80078125,0
2023-09-14 08:45:00+00:00,20102.099609375,20114.69921875,20061.94921875,20067.5,0
2023-09-14 09:45:00+00:00,20101.849609375,20113.19921875,20099.75,20101.55078125,0
2023-09-15 03:45:00+00:00,20160.849609375,20173.150390625,20130.0,20156.44921875,0
2023-09-15 04:45:00+00:00,20182.5,20186.25,20142.30078125,20160.44921875,0
2023-09-15 05:45:00+00:00,20188.150390625,20195.900390625,20170.349609375,20182.94921875,0
2023-09-15 06:45:00+00:00,20169.0,20190.650390625,20134.150390625,20188.349609375,0
2023-09-15 07:45:00+00:00,20181.5,20187.69921875,20151.55078125,20168.849609375,0
2023-09-15 08:45:00+00:00,20185.75,20221.25,20175.25,20181.75,0
2023-09-15 09:45:00+00:00,20169.0,20186.94921875,20165.400390625,20186.349609375,0
2023-09-18 03:45:00+00:00,20178.650390625,20187.80078125,20123.349609375,20155.94921875,0
2023-09-18 04:45:00+00:00,20174.849609375,20187.0,20161.900390625,20178.44921875,0
2023-09-18 05:45:00+00:00,20174.650390625,20194.349609375,20172.349609375,20175.19921875,0
2023-09-18 06:45:00+00:00,20169.349609375,20180.0,20160.400390625,20174.5,0
2023-09-18 07:45:00+00:00,20154.849609375,20177.25,20143.849609375,20171.150390625,0
2023-09-18 08:45:00+00:00,20127.25,20162.55078125,20127.25,20155.349609375,0
2023-09-18 09:45:00+00:00,20123.650390625,20134.19921875,20117.80078125,20126.94921875,0
2023-09-20 03:45:00+00:00,19969.349609375,20049.5,19962.80078125,19980.75,0
2023-09-20 04:45:00+00:00,19958.30078125,19977.650390625,19945.69921875,19968.44921875,0
2023-09-20 05:45:00+00:00,19956.30078125,19964.099609375,19928.30078125,19958.44921875,0
2023-09-20 06:45:00+00:00,19934.44921875,19957.94921875,19931.69921875,19956.099609375,0
2023-09-20 07:45:00+00:00,19908.0,19939.0,19879.55078125,19935.30078125,0
2023-09-20 08:45:00+00:00,19902.55078125,19921.150390625,19885.75,19909.44921875,0
2023-09-20 09:45:00+00:00,19909.55078125,19913.349609375,19898.75,19902.849609375,0
2023-09-21 03:45:00+00:00,19749.0,19842.599609375,19739.69921875,19840.55078125,0
2023-09-21 04:45:00+00:00,19785.25,19787.25,19745.44921875,19750.80078125,0
2023-09-21 05:45:00+00:00,19733.400390625,19787.25,19726.650390625,19785.25,0
2023-09-21 06:45:00+00:00,19745.0,19750.599609375,19721.05078125,19732.19921875,0
2023-09-21 07:45:00+00:00,19733.0,19760.05078125,19728.650390625,19745.80078125,0
2023-09-21 08:45:00+00:00,19747.0,19747.0,19711.0,19730.599609375,0
2023-09-21 09:45:00+00:00,19748.849609375,19754.75,19741.349609375,19744.400390625,0
2023-09-22 03:45:00+00:00,19684.19921875,19791.349609375,19665.44921875,19744.849609375,0
2023-09-22 04:45:00+00:00,19763.25,19769.30078125,19672.0,19684.75,0
2023-09-22 05:45:00+00:00,19782.5,19788.75,19736.599609375,19762.650390625,0
2023-09-22 06:45:00+00:00,19769.150390625,19798.19921875,19754.650390625,19783.0,0
2023-09-22 07:45:00+00:00,19709.5,19776.599609375,19688.94921875,19768.849609375,0
2023-09-22 08:45:00+00:00,19663.650390625,19722.599609375,19661.5,19708.69921875,0
2023-09-22 09:45:00+00:00,19684.599609375,19690.94921875,19658.5,19664.349609375,0
2023-09-25 03:45:00+00:00,19619.0,19703.150390625,19618.25,19678.19921875,0
2023-09-25 04:45:00+00:00,19612.099609375,19644.69921875,19611.69921875,19618.900390625,0
2023-09-25 05:45:00+00:00,19653.25,19654.55078125,19602.05078125,19613.69921875,0
2023-09-25 06:45:00+00:00,19714.5,19733.900390625,19652.19921875,19653.5,0
2023-09-25 07:45:00+00:00,19637.599609375,19729.94921875,19636.94921875,19714.19921875,0
2023-09-25 08:45:00+00:00,19679.80078125,19704.650390625,19627.0,19637.900390625,0
2023-09-25 09:45:00+00:00,19674.849609375,19681.650390625,19666.44921875,19679.349609375,0
2023-09-26 03:45:00+00:00,19692.30078125,19698.80078125,19650.099609375,19682.80078125,0
2023-09-26 04:45:00+00:00,19688.05078125,19696.400390625,19664.44921875,19692.599609375,0
2023-09-26 05:45:00+00:00,19681.900390625,19691.94921875,19663.099609375,19687.44921875,0
2023-09-26 06:45:00+00:00,19661.55078125,19685.0,19637.849609375,19681.80078125,0
2023-09-26 07:45:00+00:00,19673.94921875,19686.0,19653.150390625,19661.150390625,0
2023-09-26 08:45:00+00:00,19665.44921875,19681.69921875,19657.25,19674.849609375,0
2023-09-26 09:45:00+00:00,19673.599609375,19673.599609375,19661.849609375,19666.099609375,0
2023-09-27 03:45:00+00:00,19562.25,19647.0,19559.150390625,19637.05078125,0
2023-09-27 04:45:00+00:00,19627.400390625,19630.80078125,19554.55078125,19561.94921875,0
2023-09-27 05:45:00+00:00,19648.900390625,19663.30078125,19617.0,19628.849609375,0
2023-09-27 06:45:00+00:00,19683.349609375,19686.0,19646.400390625,19648.94921875,0
2023-09-27 07:45:00+00:00,19692.599609375,19714.599609375,19674.94921875,19683.75,0
2023-09-27 08:45:00+00:00,19709.349609375,19730.44921875,19675.349609375,19693.849609375,0
2023-09-27 09:45:00+00:00,19727.650390625,19730.05078125,19708.150390625,19709.69921875,0
2023-09-28 03:45:00+00:00,19732.19921875,19766.150390625,19674.69921875,19761.80078125,0
2023-09-28 04:45:00+00:00,19659.05078125,19749.900390625,19659.05078125,19732.19921875,0
2023-09-28 05:45:00+00:00,19629.80078125,19668.55078125,19620.349609375,19659.69921875,0
2023-09-28 06:45:00+00:00,19591.400390625,19636.650390625,19587.099609375,19629.69921875,0
2023-09-28 07:45:00+00:00,19551.400390625,19592.849609375,19540.19921875,19591.05078125,0
2023-09-28 08:45:00+00:00,19499.25,19578.44921875,19493.099609375,19551.25,0
2023-09-28 09:45:00+00:00,19553.30078125,19557.5,19499.80078125,19499.849609375,0
2023-09-29 03:45:00+00:00,19596.75,19607.75,19551.30078125,19581.19921875,0
2023-09-29 04:45:00+00:00,19608.19921875,19610.599609375,19574.25,19597.44921875,0
2023-09-29 05:45:00+00:00,19666.75,19676.69921875,19602.19921875,19607.75,0
2023-09-29 06:45:00+00:00,19667.599609375,19684.19921875,19652.19921875,19666.05078125,0
2023-09-29 07:45:00+00:00,19710.55078125,19718.25,19658.94921875,19667.849609375,0
2023-09-29 08:45:00+00:00,19623.80078125,19725.94921875,19623.75,19709.55078125,0
2023-09-29 09:45:00+00:00,19638.19921875,19641.55078125,19618.55078125,19624.349609375,0
2023-10-03 03:45:00+00:00,19488.650390625,19622.400390625,19480.099609375,19622.400390625,0
2023-10-03 04:45:00+00:00,19510.349609375,19529.599609375,19488.099609375,19489.25,0
2023-10-03 05:45:00+00:00,19522.849609375,19538.44921875,19504.150390625,19510.94921875,0
2023-10-03 06:45:00+00:00,19550.55078125,19552.599609375,19520.75,19523.400390625,0
2023-10-03 07:45:00+00:00,19518.849609375,19567.5,19517.69921875,19550.900390625,0
2023-10-03 08:45:00+00:00,19528.650390625,19542.900390625,19505.69921875,19521.05078125,0
2023-10-03 09:45:00+00:00,19522.94921875,19532.19921875,19514.900390625,19529.69921875,0
2023-10-04 03:45:00+00:00,19392.94921875,19450.75,19375.69921875,19446.30078125,0
2023-10-04 04:45:00+00:00,19420.25,19429.099609375,19385.30078125,19392.599609375,0
2023-10-04 05:45:00+00:00,19370.69921875,19424.55078125,19355.599609375,19420.849609375,0
2023-10-04 06:45:00+00:00,19357.0,19378.94921875,19334.55078125,19370.80078125,0
2023-10-04 07:45:00+00:00,19383.69921875,19388.099609375,19343.099609375,19357.30078125,0
2023-10-04 08:45:00+00:00,19444.55078125,19446.69921875,19379.19921875,19383.400390625,0
2023-10-04 09:45:00+00:00,19446.150390625,19452.150390625,19435.0,19444.349609375,0
2023-10-05 03:45:00+00:00,19525.05078125,19547.55078125,19510.849609375,19521.849609375,0
2023-10-05 04:45:00+00:00,19571.55078125,19573.349609375,19487.94921875,19524.55078125,0
2023-10-05 05:45:00+00:00,19554.80078125,19576.44921875,19545.30078125,19571.69921875,0
2023-10-05 06:45:00+00:00,19529.349609375,19554.19921875,19519.69921875,19554.05078125,0
2023-10-05 07:45:00+00:00,19551.599609375,19560.349609375,19523.0,19529.150390625,0
2023-10-05 08:45:00+00:00,19540.19921875,19564.75,19532.400390625,19550.05078125,0
2023-10-05 09:45:00+00:00,19546.599609375,19553.900390625,19538.30078125,19539.349609375,0
2023-10-06 03:45:00+00:00,19603.44921875,19621.19921875,19589.69921875,19621.19921875,0
2023-10-06 04:45:00+00:00,19642.44921875,19658.0,19593.19921875,19602.44921875,0
2023-10-06 05:45:00+00:00,19624.75,19644.150390625,19604.349609375,19643.55078125,0
2023-10-06 06:45:00+00:00,19648.400390625,19649.94921875,19613.25,19624.349609375,0
2023-10-06 07:45:00+00:00,19664.80078125,19668.400390625,19645.25,19647.44921875,0
2023-10-06 08:45:00+00:00,19660.44921875,19674.900390625,19647.650390625,19664.900390625,0
2023-10-06 09:45:00+00:00,19649.900390625,19662.150390625,19640.5,19661.150390625,0
2023-10-09 03:45:00+00:00,19574.69921875,19587.349609375,19480.900390625,19539.44921875,0
2023-10-09 04:45:00+00:00,19558.19921875,19588.599609375,19544.55078125,19573.94921875,0
2023-10-09 05:45:00+00:00,19551.650390625,19569.44921875,19548.19921875,19558.599609375,0
2023-10-09 06:45:00+00:00,19510.55078125,19553.849609375,19503.25,19551.5,0
2023-10-09 07:45:00+00:00,19513.19921875,19534.25,19507.150390625,19510.150390625,0
2023-10-09 08:45:00+00:00,19512.69921875,19540.900390625,19498.19921875,19514.400390625,0
2023-10-09 09:45:00+00:00,19497.5,19513.30078125,19495.650390625,19512.349609375,0
2023-10-10 03:45:00+00:00,19617.69921875,19619.099609375,19565.599609375,19565.599609375,0
2023-10-10 04:45:00+00:00,19622.80078125,19627.0,19608.25,19618.150390625,0
2023-10-10 05:45:00+00:00,19652.44921875,19657.0,19611.69921875,19622.80078125,0
2023-10-10 06:45:00+00:00,19676.5,19685.75,19644.349609375,19652.5,0
2023-10-10 07:45:00+00:00,19696.05078125,19707.44921875,19673.25,19676.650390625,0
2023-10-10 08:45:00+00:00,19688.30078125,19717.099609375,19683.69921875,19696.400390625,0
2023-10-10 09:45:00+00:00,19691.5,19695.75,19682.900390625,19689.099609375,0
2023-10-11 03:45:00+00:00,19810.400390625,19831.5,19762.44921875,19767.0,0
2023-10-11 04:45:00+00:00,19808.349609375,19838.900390625,19802.0,19810.30078125,0
2023-10-11 05:45:00+00:00,19809.849609375,19823.150390625,19800.19921875,19806.75,0
2023-10-11 06:45:00+00:00,19814.849609375,19818.599609375,19782.05078125,19810.349609375,0
2023-10-11 07:45:00+00:00,19803.19921875,19815.94921875,19788.69921875,19814.25,0
2023-10-11 08:45:00+00:00,19809.849609375,19828.44921875,19796.400390625,19803.900390625,0
2023-10-11 09:45:00+00:00,19808.5,19812.150390625,19803.099609375,19809.80078125,0
2023-10-12 03:45:00+00:00,19794.94921875,19841.80078125,19773.650390625,19822.69921875,0
2023-10-12 04:45:00+00:00,19824.44921875,19827.44921875,19778.30078125,19795.44921875,0
2023-10-12 05:45:00+00:00,19819.849609375,19833.349609375,19803.44921875,19824.5,0
2023-10-12 06:45:00+00:00,19802.30078125,19825.599609375,19796.75,19820.599609375,0
2023-10-12 07:45:00+00:00,19803.05078125,19817.849609375,19793.69921875,19801.849609375,0
2023-10-12 08:45:00+00:00,19799.19921875,19807.30078125,19777.099609375,19801.69921875,0
2023-10-12 09:45:00+00:00,19782.900390625,19802.5,19779.75,19799.849609375,0
2023-10-13 03:45:00+00:00,19692.55078125,19736.25,19648.69921875,19654.55078125,0
2023-10-13 04:45:00+00:00,19678.849609375,19704.0,19670.55078125,19693.30078125,0
2023-10-13 05:45:00+00:00,19683.19921875,19702.650390625,19675.599609375,19678.349609375,0
2023-10-13 06:45:00+00:00,19743.94921875,19749.0,19682.900390625,19685.5,0
2023-10-13 07:45:00+00:00,19776.599609375,19783.75,19729.80078125,19746.099609375,0
2023-10-13 08:45:00+00:00,19755.599609375,19804.900390625,19745.650390625,19779.69921875,0
2023-10-13 09:45:00+00:00,19733.75,19756.099609375,19729.349609375,19755.55078125,0
2023-10-16 03:45:00+00:00,19749.30078125,19754.0,19694.75,19737.25,0
2023-10-16 04:45:00+00:00,19742.44921875,19767.55078125,19726.25,19750.0,0
2023-10-16 05:45:00+00:00,19762.0,19780.5,19731.30078125,19742.349609375,0
2023-10-16 06:45:00+00:00,19754.69921875,19781.19921875,19751.650390625,19761.05078125,0
2023-10-16 07:45:00+00:00,19754.19921875,19771.94921875,19744.400390625,19753.69921875,0
2023-10-16 08:45:00+00:00,19730.44921875,19771.5,19730.44921875,19754.44921875,0
2023-10-16 09:45:00+00:00,19730.94921875,19731.80078125,19718.80078125,19730.849609375,0
2023-10-17 03:45:00+00:00,19821.349609375,19843.19921875,19812.099609375,19843.19921875,0
2023-10-17 04:45:00+00:00,19834.55078125,19841.5,19814.5,19821.75,0
2023-10-17 05:45:00+00:00,19833.650390625,19836.19921875,19821.0,19834.0,0
2023-10-17 06:45:00+00:00,19841.599609375,19848.0,19823.650390625,19833.0,0
2023-10-17 07:45:00+00:00,19782.30078125,19848.05078125,19775.849609375,19841.25,0
2023-10-17 08:45:00+00:00,19810.400390625,19821.75,19779.650390625,19781.599609375,0
2023-10-17 09:45:00+00:00,19818.349609375,19823.349609375,19804.80078125,19810.099609375,0
2023-10-18 03:45:00+00:00,19832.69921875,19840.19921875,19775.349609375,19820.44921875,0
2023-10-18 04:45:00+00:00,19724.900390625,19836.900390625,19717.75,19832.69921875,0
2023-10-18 05:45:00+00:00,19700.80078125,19751.05078125,19690.0,19725.25,0
2023-10-18 06:45:00+00:00,19709.650390625,19710.55078125,19681.25,19700.599609375,0
2023-10-18 07:45:00+00:00,19719.44921875,19725.400390625,19690.19921875,19708.80078125,0
2023-10-18 08:45:00+00:00,19672.05078125,19719.75,19660.599609375,19719.349609375,0
2023-10-18 09:45:00+00:00,19668.44921875,19672.099609375,19661.599609375,19672.05078125,0
2023-10-19 03:45:00+00:00,19575.400390625,19592.849609375,19513.349609375,19545.19921875,0
2023-10-19 04:45:00+00:00,19574.849609375,19591.30078125,19555.0,19574.30078125,0
2023-10-19 05:45:00+00:00,19661.30078125,19664.650390625,19574.19921875,19574.19921875,0
2023-10-19 06:45:00+00:00,19643.69921875,19664.150390625,19633.849609375,19661.0,0
2023-10-19 07:45:00+00:00,19657.650390625,19681.75,19618.349609375,19643.05078125,0
2023-10-19 08:45:00+00:00,19622.099609375,19660.599609375,19621.099609375,19657.69921875,0
2023-10-19 09:45:00+00:00,19611.900390625,19631.25,19601.599609375,19621.94921875,0
2023-10-20 03:45:00+00:00,19570.599609375,19593.650390625,19520.0,19542.150390625,0
2023-10-20 04:45:00+00:00,19567.25,19578.900390625,19545.349609375,19572.349609375,0
2023-10-20 05:45:00+00:00,19546.94921875,19575.25,19526.80078125,19567.650390625,0
2023-10-20 06:45:00+00:00,19533.599609375,19557.80078125,19525.75,19546.75,0
2023-10-20 07:45:00+00:00,19541.05078125,19566.30078125,19531.650390625,19533.099609375,0
2023-10-20 08:45:00+00:00,19546.400390625,19555.05078125,19529.099609375,19540.849609375,0
2023-10-20 09:45:00+00:00,19541.75,19546.5,19526.5,19546.44921875,0
2023-10-23 03:45:00+00:00,19484.849609375,19556.349609375,19482.55078125,19521.599609375,0
2023-10-23 04:45:00+00:00,19484.44921875,19490.400390625,19460.75,19485.69921875,0
2023-10-23 05:45:00+00:00,19459.44921875,19488.099609375,19444.94921875,19484.849609375,0
2023-10-23 06:45:00+00:00,19432.80078125,19469.80078125,19430.0,19460.599609375,0
2023-10-23 07:45:00+00:00,19437.75,19446.69921875,19405.5,19433.349609375,0
2023-10-23 08:45:00+00:00,19272.69921875,19437.75,19269.55078125,19436.80078125,0
2023-10-23 09:45:00+00:00,19278.44921875,19283.150390625,19257.94921875,19273.55078125,0
2023-10-25 03:45:00+00:00,19315.30078125,19346.69921875,19260.5,19286.44921875,0
2023-10-25 04:45:00+00:00,19274.05078125,19320.400390625,19261.44921875,19314.05078125,0
2023-10-25 05:45:00+00:00,19228.400390625,19279.69921875,19210.44921875,19273.69921875,0
2023-10-25 06:45:00+00:00,19080.80078125,19234.75,19080.80078125,19229.44921875,0
2023-10-25 07:45:00+00:00,19174.349609375,19175.44921875,19075.099609375,19080.650390625,0
2023-10-25 08:45:00+00:00,19129.5,19177.19921875,19118.099609375,19173.849609375,0
2023-10-25 09:45:00+00:00,19125.650390625,19135.599609375,19102.30078125,19129.30078125,0
2023-10-26 03:45:00+00:00,18914.19921875,19034.599609375,18908.75,19027.25,0
2023-10-26 04:45:00+00:00,18861.900390625,18920.19921875,18860.44921875,18913.599609375,0
2023-10-26 05:45:00+00:00,18858.69921875,18896.849609375,18850.30078125,18862.099609375,0
2023-10-26 06:45:00+00:00,18891.650390625,18903.80078125,18857.400390625,18859.44921875,0
2023-10-26 07:45:00+00:00,18871.80078125,18899.099609375,18844.44921875,18891.05078125,0
2023-10-26 08:45:00+00:00,18859.55078125,18897.099609375,18843.55078125,18871.5,0
2023-10-26 09:45:00+00:00,18848.5,18865.25,18839.44921875,18859.900390625,0
2023-10-27 03:45:00+00:00,18992.150390625,19029.69921875,18927.55078125,18928.75,0
2023-10-27 04:45:00+00:00,19011.19921875,19023.0,18974.349609375,18992.19921875,0
2023-10-27 05:45:00+00:00,19048.80078125,19057.650390625,19009.30078125,19012.150390625,0
2023-10-27 06:45:00+00:00,19027.849609375,19053.05078125,19014.30078125,19049.099609375,0
2023-10-27 07:45:00+00:00,19059.30078125,19073.5,19026.900390625,19028.0,0
2023-10-27 08:45:00+00:00,19036.849609375,19075.69921875,19036.849609375,19059.5,0
2023-10-27 09:45:00+00:00,19060.5,19060.5,19033.69921875,19037.400390625,0
2023-10-30 03:45:00+00:00,19010.900390625,19079.349609375,18940.150390625,19053.400390625,0
2023-10-30 04:45:00+00:00,19075.599609375,19098.69921875,19000.099609375,19011.5,0
2023-10-30 05:45:00+00:00,19108.80078125,19128.900390625,19068.349609375,19075.349609375,0
2023-10-30 06:45:00+00:00,19127.849609375,19128.650390625,19086.599609375,19107.650390625,0
2023-10-30 07:45:00+00:00,19119.599609375,19141.30078125,19104.349609375,19126.349609375,0
2023-10-30 08:45:00+00:00,19138.400390625,19154.44921875,19100.80078125,19118.25,0
2023-10-30 09:45:00+00:00,19148.849609375,19157.349609375,19134.650390625,19138.44921875,0
2023-10-31 03:45:00+00:00,19103.349609375,19232.94921875,19094.849609375,19232.94921875,0
2023-10-31 04:45:00+00:00,19095.94921875,19116.650390625,19064.80078125,19103.400390625,0
2023-10-31 05:45:00+00:00,19078.80078125,19116.75,19068.0,19095.94921875,0
2023-10-31 06:45:00+00:00,19105.05078125,19113.900390625,19074.900390625,19078.599609375,0
2023-10-31 07:45:00+00:00,19110.599609375,19132.44921875,19083.849609375,19104.650390625,0
2023-10-31 08:45:00+00:00,19091.19921875,19145.900390625,19056.650390625,19110.19921875,0
2023-10-31 09:45:00+00:00,19086.55078125,19091.650390625,19075.25,19091.400390625,0
2023-11-01 03:45:00+00:00,19044.099609375,19095.94921875,19020.400390625,19064.05078125,0
2023-11-01 04:45:00+00:00,19046.650390625,19061.94921875,19031.349609375,19045.150390625,0
2023-11-01 05:45:00+00:00,19051.5,19055.05078125,19030.25,19046.69921875,0
2023-11-01 06:45:00+00:00,19002.94921875,19065.44921875,18996.099609375,19051.5,0
2023-11-01 07:45:00+00:00,19015.099609375,19036.0,18986.25,19001.94921875,0
2023-11-01 08:45:00+00:00,18990.599609375,19024.25,18988.5,19014.75,0
2023-11-01 09:45:00+00:00,18990.400390625,18994.69921875,18974.19921875,18990.400390625,0
2023-11-02 03:45:00+00:00,19124.599609375,19174.94921875,19113.44921875,19120.0,0
2023-11-02 04:45:00+00:00,19127.849609375,19133.69921875,19106.900390625,19124.900390625,0
2023-11-02 05:45:00+00:00,19079.19921875,19130.0,19065.849609375,19128.05078125,0
2023-11-02 06:45:00+00:00,19112.75,19112.75,19076.94921875,19079.19921875,0
2023-11-02 07:45:00+00:00,19125.80078125,19136.05078125,19091.69921875,19112.650390625,0
2023-11-02 08:45:00+00:00,19120.44921875,19141.849609375,19106.94921875,19125.94921875,0
2023-11-02 09:45:00+00:00,19144.849609375,19147.75,19119.69921875,19121.19921875,0
2023-11-03 03:45:00+00:00,19264.900390625,19270.69921875,19230.94921875,19241.0,0
2023-11-03 04:45:00+00:00,19268.5,19275.80078125,19250.94921875,19264.849609375,0
2023-11-03 05:45:00+00:00,19245.650390625,19274.05078125,19235.94921875,19268.69921875,0
2023-11-03 06:45:00+00:00,19253.900390625,19262.900390625,19238.30078125,19245.30078125,0
2023-11-03 07:45:00+00:00,19254.94921875,19267.599609375,19249.150390625,19254.0,0
2023-11-03 08:45:00+00:00,19227.849609375,19269.0,19211.400390625,19254.0,0
2023-11-03 09:45:00+00:00,19226.849609375,19231.05078125,19220.19921875,19228.349609375,0
2023-11-06 03:45:00+00:00,19354.849609375,19356.400390625,19313.150390625,19345.849609375,0
2023-11-06 04:45:00+00:00,19332.05078125,19370.75,19310.75,19355.400390625,0
2023-11-06 05:45:00+00:00,19346.900390625,19352.69921875,19327.80078125,19332.30078125,0
2023-11-06 06:45:00+00:00,19355.80078125,19360.150390625,19339.94921875,19346.599609375,0
2023-11-06 07:45:00+00:00,19374.0,19374.099609375,19349.849609375,19354.94921875,0
2023-11-06 08:45:00+00:00,19416.5,19416.650390625,19369.599609375,19373.69921875,0
2023-11-06 09:45:00+00:00,19411.849609375,19421.55078125,19406.75,19416.849609375,0
2023-11-07 03:45:00+00:00,19366.19921875,19407.150390625,19347.80078125,19404.05078125,0
2023-11-07 04:45:00+00:00,19392.849609375,19396.94921875,19361.650390625,19366.650390625,0
2023-11-07 05:45:00+00:00,19352.44921875,19398.0,19329.75,19392.849609375,0
2023-11-07 06:45:00+00:00,19366.80078125,19373.0,19348.5,19352.650390625,0
2023-11-07 07:45:00+00:00,19401.150390625,19410.099609375,19353.44921875,19367.400390625,0
2023-11-07 08:45:00+00:00,19398.05078125,19411.30078125,19379.150390625,19400.900390625,0
2023-11-07 09:45:00+00:00,19417.19921875,19422.55078125,19395.19921875,19398.150390625,0
2023-11-08 03:45:00+00:00,19427.19921875,19453.599609375,19403.849609375,19449.599609375,0
2023-11-08 04:45:00+00:00,19408.19921875,19446.5,19401.650390625,19427.849609375,0
2023-11-08 05:45:00+00:00,19439.599609375,19441.400390625,19404.650390625,19407.94921875,0
2023-11-08 06:45:00+00:00,19448.05078125,19448.150390625,19421.099609375,19438.75,0
2023-11-08 07:45:00+00:00,19441.400390625,19464.30078125,19440.650390625,19447.69921875,0
2023-11-08 08:45:00+00:00,19449.30078125,19450.150390625,19414.69921875,19441.0,0
2023-11-08 09:45:00+00:00,19436.44921875,19450.650390625,19430.25,19449.650390625,0
2023-11-09 03:45:00+00:00,19447.650390625,19457.400390625,19403.650390625,19457.400390625,0
2023-11-09 04:45:00+00:00,19431.69921875,19451.69921875,19413.69921875,19447.30078125,0
2023-11-09 05:45:00+00:00,19445.349609375,19459.75,19427.25,19433.599609375,0
2023-11-09 06:45:00+00:00,19431.69921875,19453.5,19422.94921875,19445.55078125,0
2023-11-09 07:45:00+00:00,19421.599609375,19439.650390625,19406.25,19432.650390625,0
2023-11-09 08:45:00+00:00,19393.099609375,19423.5,19381.400390625,19421.900390625,0
2023-11-09 09:45:00+00:00,19404.0,19406.5,19389.75,19392.55078125,0
2023-11-10 03:45:00+00:00,19349.099609375,19361.55078125,19331.25,19351.849609375,0
2023-11-10 04:45:00+00:00,19359.94921875,19384.75,19348.900390625,19348.900390625,0
2023-11-10 05:45:00+00:00,19385.05078125,19390.25,19356.80078125,19359.849609375,0
2023-11-10 06:45:00+00:00,19391.5,19409.80078125,19376.099609375,19386.0,0
2023-11-10 07:45:00+00:00,19391.75,19413.44921875,19385.25,19390.599609375,0
2023-11-10 08:45:00+00:00,19425.400390625,19425.400390625,19363.30078125,19391.5,0
2023-11-10 09:45:00+00:00,19443.44921875,19450.80078125,19421.19921875,19425.44921875,0
2023-11-13 03:45:00+00:00,19469.44921875,19489.599609375,19441.80078125,19486.75,0
2023-11-13 04:45:00+00:00,19421.69921875,19476.55078125,19415.150390625,19469.69921875,0
2023-11-13 05:45:00+00:00,19437.55078125,19454.25,19420.0,19421.69921875,0
2023-11-13 06:45:00+00:00,19440.150390625,19450.150390625,19430.55078125,19437.5,0
2023-11-13 07:45:00+00:00,19455.349609375,19459.80078125,19435.849609375,19440.25,0
2023-11-13 08:45:00+00:00,19441.400390625,19460.05078125,19437.099609375,19455.099609375,0
2023-11-13 09:45:00+00:00,19440.150390625,19446.5,19436.5,19441.650390625,0
2023-11-15 03:45:00+00:00,19630.5,19651.400390625,19580.44921875,19651.400390625,0
2023-11-15 04:45:00+00:00,19623.69921875,19640.19921875,19615.75,19629.55078125,0
2023-11-15 05:45:00+00:00,19631.650390625,19632.19921875,19614.349609375,19624.19921875,0
2023-11-15 06:45:00+00:00,19652.69921875,19654.44921875,19628.94921875,19631.75,0
2023-11-15 07:45:00+00:00,19659.0,19673.30078125,19650.900390625,19653.05078125,0
2023-11-15 08:45:00+00:00,19677.400390625,19677.400390625,19643.69921875,19658.75,0
2023-11-15 09:45:00+00:00,19676.80078125,19691.19921875,19671.599609375,19676.94921875,0
2023-11-16 03:45:00+00:00,19713.75,19720.05078125,19627.599609375,19674.69921875,0
2023-11-16 04:45:00+00:00,19795.5,19795.55078125,19705.75,19715.55078125,0
2023-11-16 05:45:00+00:00,19800.94921875,19808.099609375,19782.05078125,19795.05078125,0
2023-11-16 06:45:00+00:00,19805.400390625,19812.599609375,19787.25,19800.349609375,0
2023-11-16 07:45:00+00:00,19817.599609375,19820.05078125,19793.650390625,19803.25,0
2023-11-16 08:45:00+00:00,19730.650390625,19874.75,19722.80078125,19818.69921875,0
2023-11-16 09:45:00+00:00,19761.150390625,19767.900390625,19725.25,19730.05078125,0
2023-11-17 03:45:00+00:00,19778.69921875,19805.75,19669.599609375,19674.75,0
2023-11-17 04:45:00+00:00,19765.849609375,19801.599609375,19748.5,19777.25,0
2023-11-17 05:45:00+00:00,19761.599609375,19778.599609375,19750.05078125,19766.05078125,0
2023-11-17 06:45:00+00:00,19763.650390625,19779.400390625,19743.150390625,19761.599609375,0
2023-11-17 07:45:00+00:00,19756.80078125,19771.099609375,19727.55078125,19763.650390625,0
2023-11-17 08:45:00+00:00,19740.94921875,19763.44921875,19722.849609375,19756.69921875,0
2023-11-17 09:45:00+00:00,19719.69921875,19745.55078125,19715.349609375,19740.5,0
2023-11-20 03:45:00+00:00,19714.80078125,19752.150390625,19701.599609375,19731.150390625,0
2023-11-20 04:45:00+00:00,19678.0,19755.55078125,19677.80078125,19715.349609375,0
2023-11-20 05:45:00+00:00,19697.5,19700.599609375,19671.19921875,19678.05078125,0
2023-11-20 06:45:00+00:00,19706.19921875,19712.05078125,19683.0,19697.349609375,0
2023-11-20 07:45:00+00:00,19692.900390625,19712.900390625,19683.19921875,19706.349609375,0
2023-11-20 08:45:00+00:00,19690.650390625,19719.0,19687.650390625,19693.44921875,0
2023-11-20 09:45:00+00:00,19693.650390625,19703.099609375,19687.69921875,19690.849609375,0
2023-11-21 03:45:00+00:00,19766.94921875,19789.650390625,19754.599609375,19766.5,0
2023-11-21 04:45:00+00:00,19777.0,19783.849609375,19764.349609375,19767.400390625,0
2023-11-21 05:45:00+00:00,19797.75,19798.05078125,19773.75,19777.150390625,0
2023-11-21 06:45:00+00:00,19775.849609375,19828.19921875,19770.349609375,19798.05078125,0
2023-11-21 07:45:00+00:00,19794.80078125,19811.849609375,19772.349609375,19775.55078125,0
2023-11-21 08:45:00+00:00,19783.650390625,19798.05078125,19780.55078125,19795.05078125,0
2023-11-21 09:45:00+00:00,19780.80078125,19786.94921875,19775.099609375,19782.25,0
2023-11-22 03:45:00+00:00,19816.05078125,19823.30078125,19768.400390625,19784.0,0
2023-11-22 04:45:00+00:00,19798.900390625,19825.349609375,19791.849609375,19815.900390625,0
2023-11-22 05:45:00+00:00,19755.599609375,19807.849609375,19755.599609375,19798.80078125,0
2023-11-22 06:45:00+00:00,19746.5,19766.599609375,19705.05078125,19755.099609375,0
2023-11-22 07:45:00+00:00,19735.80078125,19759.650390625,19733.0,19746.349609375,0
2023-11-22 08:45:00+00:00,19811.80078125,19822.349609375,19734.349609375,19734.900390625,0
2023-11-22 09:45:00+00:00,19810.599609375,19818.69921875,19803.19921875,19812.650390625,0
2023-11-23 03:45:00+00:00,19836.55078125,19874.55078125,19825.69921875,19828.44921875,0
2023-11-23 04:45:00+00:00,19809.0,19839.0,19793.30078125,19836.099609375,0
2023-11-23 05:45:00+00:00,19802.94921875,19817.599609375,19792.19921875,19809.25,0
2023-11-23 06:45:00+00:00,19810.150390625,19830.80078125,19801.0,19804.5,0
2023-11-23 07:45:00+00:00,19808.19921875,19824.650390625,19803.25,19810.80078125,0
2023-11-23 08:45:00+00:00,19799.400390625,19816.900390625,19787.650390625,19808.599609375,0
2023-11-23 09:45:00+00:00,19811.0,19819.25,19798.849609375,19800.650390625,0
2023-11-24 03:45:00+00:00,19803.30078125,19832.19921875,19787.849609375,19809.599609375,0
2023-11-24 04:45:00+00:00,19809.599609375,19821.849609375,19792.599609375,19803.849609375,0
2023-11-24 05:45:00+00:00,19814.80078125,19817.849609375,19796.94921875,19809.44921875,0
2023-11-24 06:45:00+00:00,19773.849609375,19818.849609375,19769.150390625,19816.05078125,0
2023-11-24 07:45:00+00:00,19795.25,19802.94921875,19772.400390625,19775.150390625,0
2023-11-24 08:45:00+00:00,19792.30078125,19806.19921875,19784.900390625,19795.900390625,0
2023-11-24 09:45:00+00:00,19788.69921875,19803.650390625,19786.25,19792.900390625,0
2023-11-28 03:45:00+00:00,19811.150390625,19844.650390625,19807.349609375,19844.650390625,0
2023-11-28 04:45:00+00:00,19822.0,19826.94921875,19800.44921875,19810.849609375,0
2023-11-28 05:45:00+00:00,19834.900390625,19839.69921875,19810.650390625,19822.150390625,0
2023-11-28 06:45:00+00:00,19826.349609375,19838.55078125,19822.19921875,19834.25,0
2023-11-28 07:45:00+00:00,19823.099609375,19831.5,19816.0,19826.650390625,0
2023-11-28 08:45:00+00:00,19896.150390625,19897.30078125,19822.400390625,19823.5,0
2023-11-28 09:45:00+00:00,19908.44921875,19916.30078125,19889.099609375,19895.94921875,0
2023-11-29 03:45:00+00:00,20014.19921875,20015.349609375,19960.75,19976.55078125,0
2023-11-29 04:45:00+00:00,20007.55078125,20016.69921875,19993.099609375,20013.349609375,0
2023-11-29 05:45:00+00:00,20030.900390625,20033.650390625,20005.05078125,20007.099609375,0
2023-11-29 06:45:00+00:00,20043.599609375,20046.599609375,20027.849609375,20031.5,0
2023-11-29 07:45:00+00:00,20065.0,20075.25,20035.150390625,20043.94921875,0
2023-11-29 08:45:00+00:00,20101.900390625,20103.849609375,20058.75,20064.349609375,0
2023-11-29 09:45:00+00:00,20096.19921875,20104.099609375,20086.30078125,20101.80078125,0
2023-11-30 03:45:00+00:00,20047.349609375,20134.19921875,20017.900390625,20108.5,0
2023-11-30 04:45:00+00:00,20065.80078125,20104.69921875,20045.849609375,20047.05078125,0
2023-11-30 05:45:00+00:00,20054.55078125,20079.55078125,20054.05078125,20065.599609375,0
2023-11-30 06:45:00+00:00,20067.69921875,20070.599609375,20042.650390625,20054.5,0
2023-11-30 07:45:00+00:00,20061.900390625,20120.0,20056.75,20067.80078125,0
2023-11-30 08:45:00+00:00,20135.19921875,20139.75,20058.650390625,20061.099609375,0
2023-11-30 09:45:00+00:00,20127.19921875,20157.349609375,20126.150390625,20133.849609375,0
2023-12-01 03:45:00+00:00,20258.650390625,20263.55078125,20188.30078125,20194.099609375,0
2023-12-01 04:45:00+00:00,20263.099609375,20271.55078125,20251.849609375,20257.55078125,0
2023-12-01 05:45:00+00:00,20268.349609375,20284.5,20254.75,20263.19921875,0
2023-12-01 06:45:00+00:00,20277.30078125,20285.400390625,20266.599609375,20266.94921875,0
2023-12-01 07:45:00+00:00,20271.69921875,20290.599609375,20264.55078125,20277.80078125,0
2023-12-01 08:45:00+00:00,20267.349609375,20282.05078125,20244.400390625,20273.849609375,0
2023-12-01 09:45:00+00:00,20255.75,20272.30078125,20249.0,20268.400390625,0
2023-12-04 03:45:00+00:00,20545.69921875,20601.94921875,20508.650390625,20601.94921875,0
2023-12-04 04:45:00+00:00,20573.150390625,20574.150390625,20523.30078125,20545.650390625,0
2023-12-04 05:45:00+00:00,20582.650390625,20587.900390625,20558.150390625,20574.25,0
2023-12-04 06:45:00+00:00,20587.349609375,20591.349609375,20570.69921875,20583.400390625,0
2023-12-04 07:45:00+00:00,20640.900390625,20641.599609375,20586.599609375,20587.849609375,0
2023-12-04 08:45:00+00:00,20678.30078125,20702.25,20630.55078125,20641.25,0
2023-12-04 09:45:00+00:00,20686.80078125,20694.349609375,20675.80078125,20678.30078125,0
2023-12-05 03:45:00+00:00,20806.94921875,20810.099609375,20715.849609375,20808.900390625,0
2023-12-05 04:45:00+00:00,20822.30078125,20849.30078125,20803.400390625,20807.69921875,0
2023-12-05 05:45:00+00:00,20776.69921875,20825.0,20731.0,20821.650390625,0
2023-12-05 06:45:00+00:00,20802.0,20810.75,20768.44921875,20776.55078125,0
2023-12-05 07:45:00+00:00,20812.900390625,20827.400390625,20788.650390625,20801.900390625,0
2023-12-05 08:45:00+00:00,20857.75,20860.44921875,20794.099609375,20812.5,0
2023-12-05 09:45:00+00:00,20856.69921875,20863.69921875,20851.5,20857.94921875,0
2023-12-06 03:45:00+00:00,20898.80078125,20957.900390625,20887.900390625,20950.75,0
2023-12-06 04:45:00+00:00,20926.94921875,20942.69921875,20891.05078125,20899.55078125,0
2023-12-06 05:45:00+00:00,20930.5,20940.849609375,20915.25,20927.44921875,0
2023-12-06 06:45:00+00:00,20873.400390625,20933.05078125,20870.19921875,20931.400390625,0
2023-12-06 07:45:00+00:00,20927.0,20933.44921875,20852.80078125,20873.75,0
2023-12-06 08:45:00+00:00,20939.349609375,20961.44921875,20922.599609375,20927.25,0
2023-12-06 09:45:00+00:00,20935.900390625,20946.5,20923.599609375,20939.900390625,0
2023-12-07 03:45:00+00:00,20870.19921875,20932.400390625,20851.44921875,20932.400390625,0
2023-12-07 04:45:00+00:00,20927.0,20935.849609375,20859.849609375,20870.05078125,0
2023-12-07 05:45:00+00:00,20917.349609375,20932.400390625,20899.19921875,20927.650390625,0
2023-12-07 06:45:00+00:00,20917.150390625,20924.25,20901.349609375,20917.150390625,0
2023-12-07 07:45:00+00:00,20908.150390625,20927.0,20902.849609375,20917.05078125,0
2023-12-07 08:45:00+00:00,20902.75,20923.69921875,20879.099609375,20908.0,0
2023-12-07 09:45:00+00:00,20916.099609375,20919.599609375,20899.80078125,20902.650390625,0
2023-12-08 03:45:00+00:00,20992.05078125,21004.44921875,20934.099609375,20934.099609375,0
2023-12-08 04:45:00+00:00,20955.80078125,21005.75,20931.69921875,20992.150390625,0
2023-12-08 05:45:00+00:00,20967.55078125,20982.150390625,20953.349609375,20955.69921875,0
2023-12-08 06:45:00+00:00,20921.30078125,20970.900390625,20899.80078125,20967.599609375,0
2023-12-08 07:45:00+00:00,20916.19921875,20928.900390625,20863.05078125,20922.44921875,0
2023-12-08 08:45:00+00:00,20978.150390625,20979.150390625,20898.94921875,20917.25,0
2023-12-08 09:45:00+00:00,20972.099609375,20983.0,20966.80078125,20977.900390625,0
2023-12-11 03:45:00+00:00,21011.19921875,21017.30078125,20932.0,20965.30078125,0
2023-12-11 04:45:00+00:00,21009.19921875,21025.599609375,20950.599609375,21010.94921875,0
2023-12-11 05:45:00+00:00,20985.349609375,21013.400390625,20970.0,21008.69921875,0
2023-12-11 06:45:00+00:00,20982.150390625,20985.150390625,20953.69921875,20984.150390625,0
2023-12-11 07:45:00+00:00,20992.400390625,20995.650390625,20971.55078125,20982.150390625,0
2023-12-11 08:45:00+00:00,21000.55078125,21009.599609375,20982.30078125,20992.400390625,0
2023-12-11 09:45:00+00:00,21000.05078125,21002.55078125,20981.849609375,21000.94921875,0
2023-12-12 03:45:00+00:00,21003.849609375,21037.849609375,20997.599609375,21018.55078125,0
2023-12-12 04:45:00+00:00,21015.80078125,21020.30078125,20975.25,21003.69921875,0
2023-12-12 05:45:00+00:00,21013.099609375,21016.25,20994.400390625,21015.849609375,0
2023-12-12 06:45:00+00:00,20964.69921875,21016.75,20954.400390625,21013.099609375,0
2023-12-12 07:45:00+00:00,20940.94921875,20973.44921875,20938.849609375,20965.0,0
2023-12-12 08:45:00+00:00,20903.19921875,20947.0,20867.650390625,20939.900390625,0
2023-12-12 09:45:00+00:00,20900.400390625,20913.349609375,20896.900390625,20903.25,0
2023-12-13 03:45:00+00:00,20850.69921875,20929.80078125,20820.900390625,20929.75,0
2023-12-13 04:45:00+00:00,20831.349609375,20851.19921875,20801.44921875,20850.5,0
2023-12-13 05:45:00+00:00,20784.30078125,20832.150390625,20774.650390625,20831.400390625,0
2023-12-13 06:45:00+00:00,20819.650390625,20833.0,20769.849609375,20784.599609375,0
2023-12-13 07:45:00+00:00,20884.25,20899.849609375,20819.30078125,20819.94921875,0
2023-12-13 08:45:00+00:00,20924.19921875,20934.099609375,20851.650390625,20884.849609375,0
2023-12-13 09:45:00+00:00,20937.44921875,20949.150390625,20921.5,20924.849609375,0
2023-12-14 03:45:00+00:00,21168.05078125,21187.150390625,21081.099609375,21110.400390625,0
2023-12-14 04:45:00+00:00,21164.150390625,21170.80078125,21132.099609375,21168.19921875,0
2023-12-14 05:45:00+00:00,21156.5,21183.099609375,21153.599609375,21163.25,0
2023-12-14 06:45:00+00:00,21177.849609375,21181.5,21147.69921875,21156.099609375,0
2023-12-14 07:45:00+00:00,21195.0,21210.75,21172.05078125,21177.849609375,0
2023-12-14 08:45:00+00:00,21172.44921875,21201.650390625,21162.599609375,21193.849609375,0
2023-12-14 09:45:00+00:00,21195.25,21209.44921875,21173.05078125,21173.05078125,0
2023-12-15 03:45:00+00:00,21326.69921875,21329.30078125,21235.5,21287.44921875,0
2023-12-15 04:45:00+00:00,21312.349609375,21355.0,21281.80078125,21327.5,0
2023-12-15 05:45:00+00:00,21311.099609375,21331.849609375,21308.80078125,21312.55078125,0
2023-12-15 06:45:00+00:00,21321.55078125,21337.55078125,21303.44921875,21311.650390625,0
2023-12-15 07:45:00+00:00,21330.650390625,21365.599609375,21319.55078125,21321.55078125,0
2023-12-15 08:45:00+00:00,21457.44921875,21457.599609375,21328.150390625,21331.94921875,0
2023-12-15 09:45:00+00:00,21448.69921875,21490.5,21448.69921875,21458.0,0
2023-12-18 03:45:00+00:00,21459.69921875,21471.599609375,21365.849609375,21434.80078125,0
2023-12-18 04:45:00+00:00,21469.94921875,21480.75,21438.5,21460.30078125,0
2023-12-18 05:45:00+00:00,21460.30078125,21482.69921875,21445.400390625,21469.44921875,0
2023-12-18 06:45:00+00:00,21417.599609375,21466.05078125,21409.94921875,21459.650390625,0
2023-12-18 07:45:00+00:00,21434.80078125,21443.349609375,21415.19921875,21416.80078125,0
2023-12-18 08:45:00+00:00,21419.75,21454.650390625,21414.599609375,21434.30078125,0
2023-12-18 09:45:00+00:00,21410.80078125,21420.69921875,21403.05078125,21420.19921875,0
2023-12-19 03:45:00+00:00,21351.80078125,21477.650390625,21338.5,21477.650390625,0
2023-12-19 04:45:00+00:00,21399.80078125,21405.900390625,21350.5,21352.099609375,0
2023-12-19 05:45:00+00:00,21435.80078125,21454.349609375,21385.150390625,21399.80078125,0
2023-12-19 06:45:00+00:00,21462.19921875,21474.400390625,21433.19921875,21434.75,0
2023-12-19 07:45:00+00:00,21481.05078125,21487.69921875,21449.05078125,21464.19921875,0
2023-12-19 08:45:00+00:00,21453.75,21504.5,21426.5,21480.5,0
2023-12-19 09:45:00+00:00,21446.0,21460.25,21440.69921875,21453.69921875,0
2023-12-20 03:45:00+00:00,21555.94921875,21592.099609375,21529.80078125,21543.5,0
2023-12-20 04:45:00+00:00,21565.05078125,21580.80078125,21546.44921875,21554.55078125,0
2023-12-20 05:45:00+00:00,21528.69921875,21566.69921875,21491.650390625,21565.099609375,0
2023-12-20 06:45:00+00:00,21472.400390625,21537.19921875,21467.900390625,21529.25,0
2023-12-20 07:45:00+00:00,21283.650390625,21475.900390625,21253.19921875,21472.0,0
2023-12-20 08:45:00+00:00,21142.349609375,21325.099609375,21142.349609375,21285.099609375,0
2023-12-20 09:45:00+00:00,21101.5,21146.599609375,21088.55078125,21142.30078125,0
2023-12-21 03:45:00+00:00,21123.94921875,21138.400390625,20979.80078125,21033.94921875,0
2023-12-21 04:45:00+00:00,21157.650390625,21179.849609375,21059.099609375,21123.19921875,0
2023-12-21 05:45:00+00:00,21180.05078125,21197.5,21118.400390625,21157.30078125,0
2023-12-21 06:45:00+00:00,21250.849609375,21257.30078125,21174.849609375,21181.80078125,0
2023-12-21 07:45:00+00:00,21216.849609375,21269.349609375,21182.80078125,21248.900390625,0
2023-12-21 08:45:00+00:00,21257.5,21272.0,21210.150390625,21216.80078125,0
2023-12-21 09:45:00+00:00,21283.0,21287.80078125,21249.849609375,21258.599609375,0
2023-12-22 03:45:00+00:00,21350.650390625,21353.650390625,21248.94921875,21295.849609375,0
2023-12-22 04:45:00+00:00,21368.900390625,21389.900390625,21322.5,21350.150390625,0
2023-12-22 05:45:00+00:00,21362.849609375,21388.099609375,21354.44921875,21369.599609375,0
2023-12-22 06:45:00+00:00,21328.349609375,21367.94921875,21290.0,21363.55078125,0
2023-12-22 07:45:00+00:00,21308.25,21345.849609375,21233.5,21327.849609375,0
2023-12-22 08:45:00+00:00,21354.30078125,21373.44921875,21298.19921875,21309.099609375,0
2023-12-22 09:45:00+00:00,21332.349609375,21360.80078125,21328.44921875,21353.900390625,0
2023-12-26 03:45:00+00:00,21413.349609375,21425.94921875,21329.599609375,21365.19921875,0
2023-12-26 04:45:00+00:00,21456.650390625,21472.30078125,21411.75,21412.650390625,0
2023-12-26 05:45:00+00:00,21464.30078125,21471.30078125,21441.0,21457.25,0
2023-12-26 06:45:00+00:00,21438.80078125,21476.30078125,21410.5,21464.150390625,0
2023-12-26 07:45:00+00:00,21430.099609375,21453.599609375,21422.400390625,21438.25,0
2023-12-26 08:45:00+00:00,21438.650390625,21465.650390625,21419.400390625,21429.849609375,0
2023-12-26 09:45:00+00:00,21454.150390625,21457.849609375,21438.099609375,21439.30078125,0
2023-12-27 03:45:00+00:00,21559.650390625,21567.05078125,21497.650390625,21497.650390625,0
2023-12-27 04:45:00+00:00,21578.150390625,21585.30078125,21554.400390625,21559.19921875,0
2023-12-27 05:45:00+00:00,21582.849609375,21603.19921875,21570.849609375,21577.55078125,0
2023-12-27 06:45:00+00:00,21533.69921875,21583.849609375,21520.599609375,21582.150390625,0
2023-12-27 07:45:00+00:00,21558.349609375,21562.400390625,21505.099609375,21533.30078125,0
2023-12-27 08:45:00+00:00,21668.5,21673.55078125,21547.0,21558.80078125,0
2023-12-27 09:45:00+00:00,21648.94921875,21674.94921875,21648.650390625,21668.30078125,0
2023-12-28 03:45:00+00:00,21697.400390625,21758.5,21678.19921875,21715.0,0
2023-12-28 04:45:00+00:00,21727.69921875,21745.900390625,21684.900390625,21697.5,0
2023-12-28 05:45:00+00:00,21728.650390625,21745.5,21717.55078125,21727.75,0
2023-12-28 06:45:00+00:00,21767.30078125,21775.099609375,21728.0,21729.44921875,0
2023-12-28 07:45:00+00:00,21751.25,21772.599609375,21738.150390625,21766.55078125,0
2023-12-28 08:45:00+00:00,21781.30078125,21784.25,21730.25,21749.30078125,0
2023-12-28 09:45:00+00:00,21773.69921875,21798.599609375,21769.599609375,21780.69921875,0
2023-12-29 03:45:00+00:00,21683.30078125,21762.400390625,21682.849609375,21737.650390625,0
2023-12-29 04:45:00+00:00,21720.05078125,21730.349609375,21683.0,21685.900390625,0
2023-12-29 05:45:00+00:00,21737.900390625,21750.75,21717.599609375,21718.849609375,0
2023-12-29 06:45:00+00:00,21738.75,21752.19921875,21707.44921875,21736.94921875,0
2023-12-29 07:45:00+00:00,21692.19921875,21743.5,21690.150390625,21738.099609375,0
2023-12-29 08:45:00+00:00,21716.30078125,21758.5,21677.30078125,21692.900390625,0
2023-12-29 09:45:00+00:00,21728.30078125,21739.349609375,21711.30078125,21716.75,0
2024-01-01 03:45:00+00:00,21709.650390625,21736.80078125,21684.150390625,21727.75,0
2024-01-01 04:45:00+00:00,21741.25,21742.5,21695.30078125,21709.599609375,0
2024-01-01 05:45:00+00:00,21742.5,21748.25,21719.5,21740.94921875,0
2024-01-01 06:45:00+00:00,21737.94921875,21750.5,21711.30078125,21741.150390625,0
2024-01-01 07:45:00+00:00,21792.650390625,21793.69921875,21736.75,21737.75,0
2024-01-01 08:45:00+00:00,21725.30078125,21832.400390625,21719.900390625,21792.19921875,0
2024-01-01 09:45:00+00:00,21689.44921875,21736.25,21682.75,21725.94921875,0
2024-01-02 03:45:00+00:00,21661.75,21752.44921875,21627.400390625,21751.349609375,0
2024-01-02 04:45:00+00:00,21588.400390625,21668.75,21557.5,21660.900390625,0
2024-01-02 05:45:00+00:00,21612.400390625,21620.44921875,21571.94921875,21587.55078125,0
2024-01-02 06:45:00+00:00,21613.900390625,21649.05078125,21601.69921875,21613.69921875,0
2024-01-02 07:45:00+00:00,21662.349609375,21668.349609375,21611.150390625,21613.94921875,0
2024-01-02 08:45:00+00:00,21661.05078125,21692.69921875,21633.0,21662.599609375,0
2024-01-02 09:45:00+00:00,21661.5,21673.599609375,21657.0,21661.55078125,0
2024-01-03 03:45:00+00:00,21586.400390625,21672.150390625,21556.94921875,21661.099609375,0
2024-01-03 04:45:00+00:00,21567.55078125,21589.44921875,21539.44921875,21585.80078125,0
2024-01-03 05:45:00+00:00,21569.150390625,21591.44921875,21548.150390625,21567.94921875,0
2024-01-03 06:45:00+00:00,21571.69921875,21576.5,21521.30078125,21570.30078125,0
2024-01-03 07:45:00+00:00,21572.05078125,21584.400390625,21556.650390625,21572.30078125,0
2024-01-03 08:45:00+00:00,21515.099609375,21572.150390625,21509.94921875,21571.849609375,0
2024-01-03 09:45:00+00:00,21523.69921875,21528.30078125,21501.5,21515.849609375,0
2024-01-04 03:45:00+00:00,21631.5,21633.650390625,21569.25,21605.80078125,0
2024-01-04 04:45:00+00:00,21650.75,21652.94921875,21626.69921875,21631.30078125,0
2024-01-04 05:45:00+00:00,21642.099609375,21658.75,21635.75,21650.5,0
2024-01-04 06:45:00+00:00,21668.44921875,21671.900390625,21641.0,21642.80078125,0
2024-01-04 07:45:00+00:00,21654.69921875,21673.900390625,21648.900390625,21667.849609375,0
2024-01-04 08:45:00+00:00,21651.75,21663.900390625,21638.650390625,21654.94921875,0
2024-01-04 09:45:00+00:00,21669.599609375,21684.80078125,21650.0,21651.099609375,0
2024-01-05 03:45:00+00:00,21728.94921875,21749.19921875,21705.75,21705.75,0
2024-01-05 04:45:00+00:00,21693.150390625,21742.849609375,21669.80078125,21730.349609375,0
2024-01-05 05:45:00+00:00,21690.69921875,21699.44921875,21666.400390625,21692.400390625,0
2024-01-05 06:45:00+00:00,21695.849609375,21706.30078125,21678.25,21690.650390625,0
2024-01-05 07:45:00+00:00,21649.19921875,21699.44921875,21644.44921875,21695.69921875,0
2024-01-05 08:45:00+00:00,21715.099609375,21725.44921875,21629.75,21649.55078125,0
2024-01-05 09:45:00+00:00,21709.55078125,21720.400390625,21681.69921875,21715.599609375,0
2024-01-08 03:45:00+00:00,21692.900390625,21763.400390625,21645.599609375,21747.599609375,0
2024-01-08 04:45:00+00:00,21620.0,21724.5,21600.44921875,21692.849609375,0
2024-01-08 05:45:00+00:00,21586.150390625,21643.150390625,21553.94921875,21620.30078125,0
2024-01-08 06:45:00+00:00,21575.80078125,21611.25,21566.05078125,21585.80078125,0
2024-01-08 07:45:00+00:00,21587.19921875,21599.80078125,21552.94921875,21575.55078125,0
2024-01-08 08:45:00+00:00,21507.30078125,21592.80078125,21500.05078125,21586.900390625,0
2024-01-08 09:45:00+00:00,21511.349609375,21517.0,21493.599609375,21507.900390625,0
2024-01-09 03:45:00+00:00,21657.349609375,21672.30078125,21595.25,21653.599609375,0
2024-01-09 04:45:00+00:00,21695.849609375,21712.25,21653.900390625,21657.150390625,0
2024-01-09 05:45:00+00:00,21690.400390625,21713.150390625,21676.0,21694.900390625,0
2024-01-09 06:45:00+00:00,21706.349609375,21723.69921875,21688.25,21691.599609375,0
2024-01-09 07:45:00+00:00,21655.400390625,21714.19921875,21649.0,21706.80078125,0
2024-01-09 08:45:00+00:00,21542.05078125,21661.900390625,21533.55078125,21656.599609375,0
2024-01-09 09:45:00+00:00,21551.94921875,21558.099609375,21518.05078125,21543.19921875,0
2024-01-10 03:45:00+00:00,21541.849609375,21564.30078125,21448.75,21529.30078125,0
2024-01-10 04:45:00+00:00,21542.25,21573.55078125,21512.099609375,21542.69921875,0
2024-01-10 05:45:00+00:00,21522.650390625,21559.25,21505.80078125,21542.650390625,0
2024-01-10 06:45:00+00:00,21510.30078125,21532.44921875,21468.44921875,21522.099609375,0
2024-01-10 07:45:00+00:00,21531.900390625,21541.94921875,21479.75,21510.55078125,0
2024-01-10 08:45:00+00:00,21609.19921875,21641.30078125,21509.849609375,21531.94921875,0
2024-01-10 09:45:00+00:00,21625.400390625,21632.55078125,21607.05078125,21608.0,0
2024-01-11 03:45:00+00:00,21672.150390625,21725.25,21655.05078125,21688.0,0
2024-01-11 04:45:00+00:00,21654.849609375,21683.349609375,21631.05078125,21672.400390625,0
2024-01-11 05:45:00+00:00,21657.150390625,21670.599609375,21643.94921875,21655.30078125,0
2024-01-11 06:45:00+00:00,21673.349609375,21681.75,21651.19921875,21657.19921875,0
2024-01-11 07:45:00+00:00,21606.30078125,21679.19921875,21595.349609375,21673.849609375,0
2024-01-11 08:45:00+00:00,21646.599609375,21664.900390625,21594.0,21605.900390625,0
2024-01-11 09:45:00+00:00,21669.400390625,21669.400390625,21642.30078125,21646.44921875,0
2024-01-12 03:45:00+00:00,21804.5,21816.849609375,21718.75,21773.55078125,0
2024-01-12 04:45:00+00:00,21822.150390625,21847.599609375,21797.849609375,21804.19921875,0
2024-01-12 05:45:00+00:00,21827.55078125,21846.150390625,21810.650390625,21821.849609375,0
2024-01-12 06:45:00+00:00,21843.099609375,21859.650390625,21822.099609375,21827.44921875,0
2024-01-12 07:45:00+00:00,21879.099609375,21896.75,21841.19921875,21842.94921875,0
2024-01-12 08:45:00+00:00,21876.55078125,21927.19921875,21852.599609375,21879.55078125,0
2024-01-12 09:45:00+00:00,21908.25,21917.25,21876.0,21876.0,0
2024-01-15 03:45:00+00:00,22010.25,22081.69921875,21964.099609375,22053.150390625,0
2024-01-15 04:45:00+00:00,22042.099609375,22047.900390625,22003.80078125,22011.05078125,0
2024-01-15 05:45:00+00:00,22052.099609375,22063.69921875,22026.599609375,22041.94921875,0
2024-01-15 06:45:00+00:00,22059.849609375,22069.400390625,22042.55078125,22052.19921875,0
2024-01-15 07:45:00+00:00,22070.69921875,22084.0,22026.5,22059.55078125,0
2024-01-15 08:45:00+00:00,22086.900390625,22104.349609375,22053.25,22070.099609375,0
2024-01-15 09:45:00+00:00,22109.80078125,22113.55078125,22085.099609375,22086.099609375,0
2024-01-16 03:45:00+00:00,22100.650390625,22107.650390625,22031.900390625,22080.5,0
2024-01-16 04:45:00+00:00,22118.75,22123.55078125,22082.05078125,22101.0,0
2024-01-16 05:45:00+00:00,22077.80078125,22120.75,22062.19921875,22118.0,0
2024-01-16 06:45:00+00:00,22019.0,22090.94921875,22009.5,22076.599609375,0
2024-01-16 07:45:00+00:00,22049.400390625,22057.75,21971.19921875,22018.650390625,0
2024-01-16 08:45:00+00:00,22034.30078125,22058.44921875,22006.099609375,22049.099609375,0
2024-01-16 09:45:00+00:00,22031.599609375,22036.599609375,22016.349609375,22034.19921875,0
2024-01-17 03:45:00+00:00,21791.0,21851.150390625,21647.25,21647.25,0
2024-01-17 04:45:00+00:00,21740.69921875,21794.0,21727.150390625,21790.599609375,0
2024-01-17 05:45:00+00:00,21675.44921875,21749.349609375,21632.75,21740.19921875,0
2024-01-17 06:45:00+00:00,21632.94921875,21693.099609375,21630.849609375,21674.900390625,0
2024-01-17 07:45:00+00:00,21657.099609375,21677.19921875,21613.25,21632.900390625,0
2024-01-17 08:45:00+00:00,21589.75,21661.69921875,21551.5,21657.900390625,0
2024-01-17 09:45:00+00:00,21577.25,21593.099609375,21555.900390625,21588.849609375,0
2024-01-18 03:45:00+00:00,21391.349609375,21472.25,21286.44921875,21414.19921875,0
2024-01-18 04:45:00+00:00,21484.25,21490.80078125,21356.599609375,21391.849609375,0
2024-01-18 05:45:00+00:00,21521.80078125,21525.5,21444.94921875,21484.25,0
2024-01-18 06:45:00+00:00,21452.5,21539.05078125,21436.900390625,21522.849609375,0
2024-01-18 07:45:00+00:00,21454.349609375,21472.0,21432.05078125,21452.650390625,0
2024-01-18 08:45:00+00:00,21458.30078125,21487.55078125,21418.0,21454.900390625,0
2024-01-18 09:45:00+00:00,21477.25,21485.25,21450.150390625,21458.5,0
2024-01-19 03:45:00+00:00,21639.0,21664.900390625,21606.650390625,21615.19921875,0
2024-01-19 04:45:00+00:00,21586.900390625,21670.5,21580.900390625,21638.900390625,0
2024-01-19 05:45:00+00:00,21588.400390625,21622.55078125,21576.0,21585.349609375,0
2024-01-19 06:45:00+00:00,21627.900390625,21629.150390625,21577.55078125,21586.650390625,0
2024-01-19 07:45:00+00:00,21589.0,21638.94921875,21587.650390625,21626.849609375,0
2024-01-19 08:45:00+00:00,21619.75,21640.099609375,21587.05078125,21589.19921875,0
2024-01-19 09:45:00+00:00,21638.19921875,21645.650390625,21616.849609375,21619.25,0
2024-01-23 03:45:00+00:00,21658.650390625,21749.25,21629.94921875,21716.69921875,0
2024-01-23 04:45:00+00:00,21557.55078125,21679.94921875,21520.30078125,21658.099609375,0
2024-01-23 05:45:00+00:00,21389.30078125,21563.150390625,21373.75,21556.599609375,0
2024-01-23 06:45:00+00:00,21353.25,21434.75,21337.44921875,21388.44921875,0
2024-01-23 07:45:00+00:00,21311.75,21375.650390625,21302.5,21353.099609375,0
2024-01-23 08:45:00+00:00,21239.5,21313.19921875,21193.0,21312.30078125,0
2024-01-23 09:45:00+00:00,21243.05078125,21271.25,21234.650390625,21239.25,0
2024-01-24 03:45:00+00:00,21329.099609375,21398.44921875,21137.94921875,21185.25,0
2024-01-24 04:45:00+00:00,21372.30078125,21408.400390625,21329.5,21329.5,0
2024-01-24 05:45:00+00:00,21248.150390625,21388.55078125,21233.19921875,21372.349609375,0
2024-01-24 06:45:00+00:00,21300.849609375,21333.5,21213.650390625,21249.19921875,0
2024-01-24 07:45:00+00:00,21340.69921875,21353.849609375,21281.150390625,21299.900390625,0
2024-01-24 08:45:00+00:00,21456.05078125,21459.099609375,21324.94921875,21340.599609375,0
2024-01-24 09:45:00+00:00,21460.69921875,21481.900390625,21454.55078125,21455.69921875,0
2024-01-25 03:45:00+00:00,21368.94921875,21456.900390625,21355.75,21454.599609375,0
2024-01-25 04:45:00+00:00,21265.5,21371.400390625,21248.150390625,21368.44921875,0
2024-01-25 05:45:00+00:00,21296.400390625,21376.599609375,21258.75,21266.19921875,0
2024-01-25 06:45:00+00:00,21284.150390625,21308.349609375,21254.0,21297.55078125,0
2024-01-25 07:45:00+00:00,21279.75,21312.099609375,21257.80078125,21285.69921875,0
2024-01-25 08:45:00+00:00,21343.30078125,21360.0,21249.44921875,21279.099609375,0
2024-01-25 09:45:00+00:00,21370.75,21401.75,21339.44921875,21343.05078125,0
2024-01-29 03:45:00+00:00,21573.44921875,21589.75,21433.099609375,21433.099609375,0
2024-01-29 04:45:00+00:00,21634.69921875,21642.099609375,21570.0,21573.30078125,0
2024-01-29 05:45:00+00:00,21662.099609375,21665.75,21587.099609375,21634.44921875,0
2024-01-29 06:45:00+00:00,21705.05078125,21714.05078125,21649.849609375,21662.349609375,0
2024-01-29 07:45:00+00:00,21721.0,21745.05078125,21672.849609375,21705.05078125,0
2024-01-29 08:45:00+00:00,21741.55078125,21752.19921875,21687.150390625,21721.25,0
2024-01-29 09:45:00+00:00,21744.80078125,21762.80078125,21738.75,21741.25,0
2024-01-30 03:45:00+00:00,21762.94921875,21811.0,21689.849609375,21775.75,0
2024-01-30 04:45:00+00:00,21681.400390625,21770.900390625,21656.19921875,21763.69921875,0
2024-01-30 05:45:00+00:00,21710.400390625,21733.650390625,21662.69921875,21681.69921875,0
2024-01-30 06:45:00+00:00,21675.849609375,21715.349609375,21668.05078125,21710.0,0
2024-01-30 07:45:00+00:00,21665.75,21696.650390625,21634.599609375,21675.400390625,0
2024-01-30 08:45:00+00:00,21527.349609375,21671.05078125,21502.30078125,21665.75,0
2024-01-30 09:45:00+00:00,21530.55078125,21535.5,21513.5,21527.55078125,0
2024-01-31 03:45:00+00:00,21604.44921875,21609.400390625,21449.650390625,21487.25,0
2024-01-31 04:45:00+00:00,21658.19921875,21673.25,21589.349609375,21603.099609375,0
2024-01-31 05:45:00+00:00,21716.80078125,21738.80078125,21643.19921875,21657.5,0
2024-01-31 06:45:00+00:00,21692.75,21727.25,21651.55078125,21717.0,0
2024-01-31 07:45:00+00:00,21685.80078125,21705.80078125,21657.349609375,21692.05078125,0
2024-01-31 08:45:00+00:00,21727.650390625,21739.349609375,21660.849609375,21685.80078125,0
2024-01-31 09:45:00+00:00,21708.30078125,21736.599609375,21700.849609375,21727.94921875,0
2024-02-01 03:45:00+00:00,21783.900390625,21797.099609375,21697.150390625,21780.650390625,0
2024-02-01 04:45:00+00:00,21783.25,21832.69921875,21758.900390625,21782.900390625,0
2024-02-01 05:45:00+00:00,21738.5,21787.25,21659.80078125,21785.69921875,0
2024-02-01 06:45:00+00:00,21730.150390625,21766.05078125,21696.69921875,21736.5,0
2024-02-01 07:45:00+00:00,21722.25,21742.650390625,21678.349609375,21731.05078125,0
2024-02-01 08:45:00+00:00,21681.44921875,21730.900390625,21680.849609375,21721.69921875,0
2024-02-01 09:45:00+00:00,21690.30078125,21702.650390625,21674.30078125,21681.19921875,0
2024-02-02 03:45:00+00:00,21937.849609375,21961.599609375,21812.75,21812.75,0
2024-02-02 04:45:00+00:00,21989.650390625,22003.25,21915.94921875,21937.650390625,0
2024-02-02 05:45:00+00:00,22058.80078125,22125.849609375,21986.849609375,21986.849609375,0
2024-02-02 06:45:00+00:00,21846.30078125,22065.94921875,21841.099609375,22058.55078125,0
2024-02-02 07:45:00+00:00,21892.80078125,21902.80078125,21805.94921875,21845.150390625,0
2024-02-02 08:45:00+00:00,21855.69921875,21906.94921875,21826.400390625,21893.55078125,0
2024-02-02 09:45:00+00:00,21855.44921875,21856.30078125,21837.849609375,21855.150390625,0
2024-02-05 03:45:00+00:00,21926.94921875,21963.400390625,21835.25,21921.05078125,0
2024-02-05 04:45:00+00:00,21919.349609375,21939.349609375,21852.0,21925.900390625,0
2024-02-05 05:45:00+00:00,21923.349609375,21943.349609375,21897.69921875,21918.75,0
2024-02-05 06:45:00+00:00,21936.80078125,21952.5,21898.69921875,21923.55078125,0
2024-02-05 07:45:00+00:00,21911.25,21950.150390625,21874.44921875,21936.75,0
2024-02-05 08:45:00+00:00,21771.5,21915.75,21727.5,21912.0,0
2024-02-05 09:45:00+00:00,21761.30078125,21776.30078125,21752.05078125,21771.849609375,0
2024-02-06 03:45:00+00:00,21853.599609375,21876.849609375,21738.5,21825.19921875,0
2024-02-06 04:45:00+00:00,21850.19921875,21863.94921875,21776.0,21854.75,0
2024-02-06 05:45:00+00:00,21898.150390625,21902.55078125,21843.349609375,21850.0,0
2024-02-06 06:45:00+00:00,21905.44921875,21916.55078125,21868.69921875,21898.05078125,0
2024-02-06 07:45:00+00:00,21914.900390625,21935.400390625,21877.599609375,21906.099609375,0
2024-02-06 08:45:00+00:00,21919.44921875,21950.75,21897.05078125,21915.80078125,0
2024-02-06 09:45:00+00:00,21938.80078125,21947.55078125,21914.349609375,21919.94921875,0
2024-02-07 03:45:00+00:00,22009.80078125,22051.099609375,21964.25,22045.05078125,0
2024-02-07 04:45:00+00:00,21963.25,22021.05078125,21932.5,22009.19921875,0
2024-02-07 05:45:00+00:00,21887.69921875,21965.599609375,21860.849609375,21963.099609375,0
2024-02-07 06:45:00+00:00,21906.69921875,21927.19921875,21881.099609375,21886.900390625,0
2024-02-07 07:45:00+00:00,21962.19921875,21973.599609375,21889.30078125,21906.599609375,0
2024-02-07 08:45:00+00:00,21933.55078125,21983.55078125,21912.150390625,21964.599609375,0
2024-02-07 09:45:00+00:00,21949.80078125,21954.599609375,21920.5,21932.400390625,0
2024-02-08 03:45:00+00:00,21939.650390625,22009.94921875,21911.44921875,22009.650390625,0
2024-02-08 04:45:00+00:00,21737.0,21966.94921875,21710.150390625,21937.849609375,0
2024-02-08 05:45:00+00:00,21804.05078125,21811.30078125,21724.599609375,21734.75,0
2024-02-08 06:45:00+00:00,21807.849609375,21820.19921875,21765.099609375,21804.099609375,0
2024-02-08 07:45:00+00:00,21727.75,21814.55078125,21724.05078125,21809.05078125,0
2024-02-08 08:45:00+00:00,21714.75,21745.0,21666.0,21727.94921875,0
2024-02-08 09:45:00+00:00,21759.69921875,21760.75,21708.55078125,21715.599609375,0
2024-02-09 03:45:00+00:00,21749.650390625,21780.0,21649.05078125,21727.0,0
2024-02-09 04:45:00+00:00,21679.5,21750.69921875,21631.349609375,21750.69921875,0
2024-02-09 05:45:00+00:00,21733.19921875,21750.05078125,21644.75,21680.30078125,0
2024-02-09 06:45:00+00:00,21753.30078125,21768.55078125,21725.30078125,21734.19921875,0
2024-02-09 07:45:00+00:00,21760.849609375,21768.94921875,21710.05078125,21753.0,0
2024-02-09 08:45:00+00:00,21782.80078125,21803.150390625,21753.44921875,21762.30078125,0
2024-02-09 09:45:00+00:00,21786.0,21790.19921875,21772.5,21783.94921875,0
2024-02-12 03:45:00+00:00,21690.25,21830.55078125,21672.900390625,21800.80078125,0
2024-02-12 04:45:00+00:00,21717.30078125,21719.099609375,21629.55078125,21690.0,0
2024-02-12 05:45:00+00:00,21637.19921875,21728.25,21610.150390625,21717.150390625,0
2024-02-12 06:45:00+00:00,21614.5,21680.69921875,21575.19921875,21639.05078125,0
2024-02-12 07:45:00+00:00,21688.349609375,21691.55078125,21591.849609375,21613.849609375,0
2024-02-12 08:45:00+00:00,21598.0,21697.0,21586.94921875,21687.849609375,0
2024-02-12 09:45:00+00:00,21612.599609375,21632.55078125,21585.0,21597.599609375,0
2024-02-13 03:45:00+00:00,21718.44921875,21722.44921875,21544.400390625,21664.30078125,0
2024-02-13 04:45:00+00:00,21764.349609375,21765.5,21689.650390625,21719.5,0
2024-02-13 05:45:00+00:00,21646.900390625,21766.44921875,21646.900390625,21763.099609375,0
2024-02-13 06:45:00+00:00,21686.05078125,21720.05078125,21622.80078125,21648.30078125,0
2024-02-13 07:45:00+00:00,21728.30078125,21764.150390625,21680.19921875,21685.150390625,0
2024-02-13 08:45:00+00:00,21753.900390625,21761.55078125,21705.400390625,21728.44921875,0
2024-02-13 09:45:00+00:00,21728.0,21758.30078125,21717.75,21754.150390625,0
2024-02-14 03:45:00+00:00,21620.400390625,21621.349609375,21530.900390625,21578.150390625,0
2024-02-14 04:45:00+00:00,21606.849609375,21650.19921875,21589.349609375,21623.150390625,0
2024-02-14 05:45:00+00:00,21619.150390625,21631.349609375,21578.150390625,21607.25,0
2024-02-14 06:45:00+00:00,21689.69921875,21705.75,21618.55078125,21618.55078125,0
2024-02-14 07:45:00+00:00,21718.94921875,21720.25,21634.69921875,21689.400390625,0
2024-02-14 08:45:00+00:00,21814.25,21870.19921875,21713.44921875,21718.650390625,0
2024-02-14 09:45:00+00:00,21848.69921875,21856.25,21801.849609375,21814.55078125,0
2024-02-15 03:45:00+00:00,21885.349609375,21915.69921875,21796.099609375,21906.55078125,0
2024-02-15 04:45:00+00:00,21868.5,21902.349609375,21832.400390625,21886.349609375,0
2024-02-15 05:45:00+00:00,21857.849609375,21881.400390625,21840.55078125,21868.30078125,0
2024-02-15 06:45:00+00:00,21861.25,21874.75,21823.849609375,21857.94921875,0
2024-02-15 07:45:00+00:00,21914.75,21952.80078125,21838.650390625,21861.849609375,0
2024-02-15 08:45:00+00:00,21909.80078125,21928.849609375,21874.599609375,21913.099609375,0
2024-02-15 09:45:00+00:00,21927.05078125,21931.150390625,21907.5,21910.75,0
2024-02-16 03:45:00+00:00,22036.69921875,22037.349609375,21969.55078125,22020.30078125,0
2024-02-16 04:45:00+00:00,22034.650390625,22045.599609375,22013.69921875,22036.400390625,0
2024-02-16 05:45:00+00:00,22047.400390625,22050.0,22006.650390625,22035.599609375,0
2024-02-16 06:45:00+00:00,22055.19921875,22067.25,22022.75,22046.80078125,0
2024-02-16 07:45:00+00:00,22045.349609375,22065.599609375,22024.849609375,22055.30078125,0
2024-02-16 08:45:00+00:00,22036.400390625,22067.5,22023.25,22045.44921875,0
2024-02-16 09:45:00+00:00,22035.69921875,22043.30078125,22018.900390625,22036.150390625,0
2024-02-19 03:45:00+00:00,22065.150390625,22104.099609375,22021.69921875,22103.44921875,0
2024-02-19 04:45:00+00:00,22125.19921875,22128.05078125,22064.900390625,22065.25,0
2024-02-19 05:45:00+00:00,22150.099609375,22157.349609375,22106.80078125,22125.650390625,0
2024-02-19 06:45:00+00:00,22165.349609375,22166.94921875,22136.849609375,22150.599609375,0
2024-02-19 07:45:00+00:00,22157.5,22171.650390625,22132.0,22167.75,0
2024-02-19 08:45:00+00:00,22117.75,22186.30078125,22098.099609375,22157.80078125,0
2024-02-19 09:45:00+00:00,22116.94921875,22134.75,22112.69921875,22118.5,0
2024-02-20 03:45:00+00:00,22097.94921875,22119.69921875,22046.650390625,22099.19921875,0
2024-02-20 04:45:00+00:00,22099.349609375,22136.099609375,22083.05078125,22097.94921875,0
2024-02-20 05:45:00+00:00,22159.80078125,22177.400390625,22098.55078125,22098.55078125,0
2024-02-20 06:45:00+00:00,22145.05078125,22167.099609375,22141.849609375,22159.349609375,0
2024-02-20 07:45:00+00:00,22123.80078125,22173.599609375,22083.05078125,22144.5,0
2024-02-20 08:45:00+00:00,22200.849609375,22203.94921875,22121.44921875,22123.150390625,0
2024-02-20 09:45:00+00:00,22208.150390625,22214.94921875,22197.94921875,22201.44921875,0
2024-02-21 03:45:00+00:00,22213.150390625,22249.19921875,22190.30078125,22248.849609375,0
2024-02-21 04:45:00+00:00,22208.0,22229.44921875,22161.55078125,22213.69921875,0
2024-02-21 05:45:00+00:00,22211.25,22222.25,22175.94921875,22207.75,0
2024-02-21 06:45:00+00:00,22220.349609375,22241.5,22206.19921875,22211.5,0
2024-02-21 07:45:00+00:00,22112.44921875,22223.80078125,22105.44921875,22219.900390625,0
2024-02-21 08:45:00+00:00,22095.05078125,22140.349609375,21998.0,22112.900390625,0
2024-02-21 09:45:00+00:00,22028.75,22096.5,22015.55078125,22095.55078125,0
2024-02-22 03:45:00+00:00,21935.5,22087.0,21903.150390625,22081.55078125,0
2024-02-22 04:45:00+00:00,21927.05078125,21945.650390625,21875.25,21935.75,0
2024-02-22 05:45:00+00:00,21964.75,21981.80078125,21901.30078125,21925.94921875,0
2024-02-22 06:45:00+00:00,21962.900390625,21978.19921875,21940.30078125,21964.80078125,0
2024-02-22 07:45:00+00:00,22056.650390625,22109.400390625,21955.849609375,21962.80078125,0
2024-02-22 08:45:00+00:00,22206.69921875,22233.349609375,22043.69921875,22054.75,0
2024-02-22 09:45:00+00:00,22216.900390625,22251.05078125,22200.75,22207.5,0
2024-02-23 03:45:00+00:00,22269.94921875,22297.44921875,22216.599609375,22290.0,0
2024-02-23 04:45:00+00:00,22236.69921875,22280.75,22206.75,22271.099609375,0
2024-02-23 05:45:00+00:00,22234.900390625,22259.849609375,22223.30078125,22236.69921875,0
2024-02-23 06:45:00+00:00,22252.44921875,22269.80078125,22226.80078125,22233.25,0
2024-02-23 07:45:00+00:00,22212.05078125,22258.400390625,22201.55078125,22252.75,0
2024-02-23 08:45:00+00:00,22213.25,22251.30078125,22206.80078125,22212.19921875,0
2024-02-23 09:45:00+00:00,22194.25,22223.849609375,22187.55078125,22214.150390625,0
2024-02-26 03:45:00+00:00,22148.349609375,22201.25,22112.25,22169.19921875,0
2024-02-26 04:45:00+00:00,22124.25,22153.05078125,22101.400390625,22149.19921875,0
2024-02-26 05:45:00+00:00,22096.69921875,22132.80078125,22083.849609375,22124.599609375,0
2024-02-26 06:45:00+00:00,22142.0,22152.80078125,22075.69921875,22096.25,0
2024-02-26 07:45:00+00:00,22153.94921875,22173.849609375,22129.44921875,22141.80078125,0
2024-02-26 08:45:00+00:00,22126.400390625,22173.599609375,22114.30078125,22154.400390625,0
2024-02-26 09:45:00+00:00,22117.150390625,22128.599609375,22109.80078125,22126.44921875,0
2024-02-27 03:45:00+00:00,22109.05078125,22151.400390625,22086.44921875,22090.19921875,0
2024-02-27 04:45:00+00:00,22145.099609375,22158.55078125,22103.599609375,22108.5,0
2024-02-27 05:45:00+00:00,22124.30078125,22169.849609375,22109.0,22144.650390625,0
2024-02-27 06:45:00+00:00,22205.94921875,22207.650390625,22115.44921875,22124.900390625,0
2024-02-27 07:45:00+00:00,22163.099609375,22217.349609375,22132.400390625,22204.55078125,0
2024-02-27 08:45:00+00:00,22203.900390625,22216.599609375,22149.69921875,22162.900390625,0
2024-02-27 09:45:00+00:00,22194.19921875,22205.0,22178.349609375,22203.55078125,0
2024-02-28 03:45:00+00:00,22219.0,22228.44921875,22169.0,22214.099609375,0
2024-02-28 04:45:00+00:00,22062.05078125,22226.30078125,22021.25,22218.94921875,0
2024-02-28 05:45:00+00:00,22038.30078125,22088.44921875,22002.099609375,22062.69921875,0
2024-02-28 06:45:00+00:00,21942.5,22054.650390625,21939.69921875,22039.05078125,0
2024-02-28 07:45:00+00:00,22044.849609375,22050.25,21943.900390625,21943.900390625,0
2024-02-28 08:45:00+00:00,21952.75,22046.30078125,21945.80078125,22044.599609375,0
2024-02-28 09:45:00+00:00,21926.25,21953.599609375,21918.900390625,21953.44921875,0
2024-02-29 03:45:00+00:00,21873.5,22022.25,21867.30078125,21935.19921875,0
2024-02-29 04:45:00+00:00,21967.849609375,21971.55078125,21861.349609375,21873.599609375,0
2024-02-29 05:45:00+00:00,21952.349609375,21996.599609375,21923.0,21967.599609375,0
2024-02-29 06:45:00+00:00,21969.94921875,21974.25,21897.150390625,21950.849609375,0
2024-02-29 07:45:00+00:00,21962.349609375,21988.75,21936.349609375,21968.19921875,0
2024-02-29 08:45:00+00:00,21996.69921875,22004.25,21900.5,21959.650390625,0
2024-02-29 09:45:00+00:00,22042.05078125,22059.80078125,21995.599609375,21996.05078125,0
2024-03-01 03:45:00+00:00,22196.94921875,22200.099609375,22048.30078125,22048.30078125,0
2024-03-01 04:45:00+00:00,22208.69921875,22221.849609375,22172.44921875,22196.44921875,0
2024-03-01 05:45:00+00:00,22286.44921875,22304.0,22208.599609375,22208.599609375,0
2024-03-01 06:45:00+00:00,22288.349609375,22317.75,22277.30078125,22287.0,0
2024-03-01 07:45:00+00:00,22330.599609375,22334.75,22284.099609375,22288.599609375,0
2024-03-01 08:45:00+00:00,22329.099609375,22352.94921875,22315.650390625,22329.849609375,0
2024-03-01 09:45:00+00:00,22326.05078125,22343.30078125,22319.650390625,22329.30078125,0
2024-03-04 03:45:00+00:00,22395.400390625,22440.900390625,22358.900390625,22403.5,0
2024-03-04 04:45:00+00:00,22404.55078125,22432.900390625,22372.849609375,22395.0,0
2024-03-04 05:45:00+00:00,22403.30078125,22423.900390625,22385.900390625,22404.80078125,0
2024-03-04 06:45:00+00:00,22401.69921875,22426.599609375,22372.75,22401.0,0
2024-03-04 07:45:00+00:00,22428.19921875,22430.69921875,22384.25,22402.19921875,0
2024-03-04 08:45:00+00:00,22404.44921875,22434.25,22396.30078125,22428.5,0
2024-03-04 09:45:00+00:00,22397.650390625,22414.80078125,22383.5,22403.80078125,0
2024-03-05 03:45:00+00:00,22333.150390625,22390.849609375,22321.650390625,22371.25,0
2024-03-05 04:45:00+00:00,22288.650390625,22332.349609375,22278.80078125,22332.25,0
2024-03-05 05:45:00+00:00,22340.599609375,22352.900390625,22269.94921875,22288.94921875,0
2024-03-05 06:45:00+00:00,22391.55078125,22415.599609375,22311.55078125,22339.5,0
2024-03-05 07:45:00+00:00,22355.05078125,22406.30078125,22340.0,22391.25,0
2024-03-05 08:45:00+00:00,22353.650390625,22384.05078125,22341.94921875,22355.5,0
2024-03-05 09:45:00+00:00,22358.5,22362.599609375,22340.599609375,22353.55078125,0
2024-03-06 03:45:00+00:00,22315.0,22367.80078125,22251.650390625,22327.5,0
2024-03-06 04:45:00+00:00,22273.25,22352.80078125,22260.19921875,22315.44921875,0
2024-03-06 05:45:00+00:00,22259.19921875,22302.19921875,22225.650390625,22274.75,0
2024-03-06 06:45:00+00:00,22298.0,22301.25,22236.349609375,22260.05078125,0
2024-03-06 07:45:00+00:00,22403.44921875,22412.19921875,22273.5,22297.849609375,0
2024-03-06 08:45:00+00:00,22473.30078125,22482.05078125,22392.150390625,22404.349609375,0
2024-03-06 09:45:00+00:00,22480.05078125,22493.0,22466.75,22472.5,0
2024-03-07 03:45:00+00:00,22486.94921875,22514.849609375,22450.69921875,22505.30078125,0
2024-03-07 04:45:00+00:00,22498.650390625,22521.30078125,22431.099609375,22486.94921875,0
2024-03-07 05:45:00+00:00,22486.599609375,22508.150390625,22470.05078125,22498.0,0
2024-03-07 06:45:00+00:00,22509.150390625,22517.650390625,22472.599609375,22487.25,0
2024-03-07 07:45:00+00:00,22499.19921875,22524.0,22485.05078125,22507.80078125,0
2024-03-07 08:45:00+00:00,22500.75,22522.05078125,22475.69921875,22498.849609375,0
2024-03-07 09:45:00+00:00,22483.5,22504.900390625,22464.5,22501.099609375,0
2024-03-11 03:45:00+00:00,22431.69921875,22517.5,22430.19921875,22517.5,0
2024-03-11 04:45:00+00:00,22417.25,22461.69921875,22411.849609375,22430.849609375,0
2024-03-11 05:45:00+00:00,22373.55078125,22439.44921875,22367.650390625,22416.55078125,0
2024-03-11 06:45:00+00:00,22392.94921875,22423.099609375,22369.55078125,22373.05078125,0
2024-03-11 07:45:00+00:00,22376.05078125,22426.05078125,22375.75,22393.5,0
2024-03-11 08:45:00+00:00,22323.69921875,22408.650390625,22309.25,22376.099609375,0
2024-03-11 09:45:00+00:00,22319.849609375,22337.400390625,22308.25,22322.19921875,0
2024-03-12 03:45:00+00:00,22437.75,22449.69921875,22315.5,22334.44921875,0
2024-03-12 04:45:00+00:00,22361.05078125,22451.25,22256.75,22439.400390625,0
2024-03-12 05:45:00+00:00,22359.55078125,22392.400390625,22313.80078125,22362.150390625,0
2024-03-12 06:45:00+00:00,22378.900390625,22385.94921875,22335.0,22359.849609375,0
2024-03-12 07:45:00+00:00,22369.44921875,22402.099609375,22365.150390625,22379.19921875,0
2024-03-12 08:45:00+00:00,22331.650390625,22381.400390625,22305.599609375,22368.5,0
2024-03-12 09:45:00+00:00,22332.69921875,22342.650390625,22325.05078125,22329.94921875,0
2024-03-13 03:45:00+00:00,22336.150390625,22439.69921875,22261.44921875,22432.19921875,0
2024-03-13 04:45:00+00:00,22239.0,22344.150390625,22225.599609375,22334.5,0
2024-03-13 05:45:00+00:00,22080.19921875,22252.05078125,22076.25,22239.80078125,0
2024-03-13 06:45:00+00:00,22109.55078125,22126.099609375,22041.5,22080.69921875,0
2024-03-13 07:45:00+00:00,22004.19921875,22118.900390625,21998.55078125,22108.650390625,0
2024-03-13 08:45:00+00:00,21969.849609375,22049.05078125,21905.75,22001.69921875,0
2024-03-13 09:45:00+00:00,21981.05078125,22010.94921875,21963.94921875,21969.900390625,0
2024-03-14 03:45:00+00:00,22010.75,22045.150390625,21920.05078125,21982.55078125,0
2024-03-14 04:45:00+00:00,22083.5,22097.650390625,22003.69921875,22011.150390625,0
2024-03-14 05:45:00+00:00,22174.900390625,22184.599609375,22067.099609375,22084.400390625,0
2024-03-14 06:45:00+00:00,22157.400390625,22204.150390625,22128.0,22175.05078125,0
2024-03-14 07:45:00+00:00,22102.0,22168.69921875,22080.44921875,22156.900390625,0
2024-03-14 08:45:00+00:00,22144.25,22156.099609375,22096.650390625,22101.44921875,0
2024-03-14 09:45:00+00:00,22153.05078125,22163.69921875,22134.69921875,22143.099609375,0
2024-03-15 03:45:00+00:00,22013.099609375,22120.55078125,21982.94921875,22064.849609375,0
2024-03-15 04:45:00+00:00,21954.5,22024.05078125,21934.94921875,22013.349609375,0
2024-03-15 05:45:00+00:00,21949.400390625,21989.05078125,21931.900390625,21956.0,0
2024-03-15 06:45:00+00:00,21994.05078125,21995.349609375,21937.94921875,21949.69921875,0
2024-03-15 07:45:00+00:00,22010.55078125,22040.5,21976.150390625,21992.55078125,0
2024-03-15 08:45:00+00:00,22009.19921875,22052.849609375,21978.349609375,22011.44921875,0
2024-03-15 09:45:00+00:00,21996.349609375,22047.05078125,21985.400390625,22008.25,0
2024-03-18 03:45:00+00:00,21977.19921875,22044.900390625,21937.150390625,21990.099609375,0
2024-03-18 04:45:00+00:00,21949.69921875,22040.25,21949.25,21978.5,0
2024-03-18 05:45:00+00:00,22034.099609375,22049.599609375,21918.25,21948.75,0
2024-03-18 06:45:00+00:00,22071.55078125,22093.0,22034.099609375,22034.599609375,0
2024-03-18 07:45:00+00:00,22062.400390625,22082.099609375,22046.349609375,22073.849609375,0
2024-03-18 08:45:00+00:00,22056.19921875,22123.5,22037.44921875,22064.150390625,0
2024-03-18 09:45:00+00:00,22051.5,22068.349609375,22036.30078125,22055.0,0
2024-03-19 03:45:00+00:00,21890.75,21976.69921875,21857.099609375,21946.44921875,0
2024-03-19 04:45:00+00:00,21861.80078125,21895.099609375,21835.05078125,21891.19921875,0
2024-03-19 05:45:00+00:00,21828.05078125,21882.349609375,21809.0,21861.25,0
2024-03-19 06:45:00+00:00,21858.94921875,21868.25,21824.55078125,21828.55078125,0
2024-03-19 07:45:00+00:00,21816.55078125,21872.44921875,21809.55078125,21859.94921875,0
2024-03-19 08:45:00+00:00,21811.5,21853.599609375,21794.400390625,21816.849609375,0
2024-03-19 09:45:00+00:00,21810.349609375,21821.150390625,21804.25,21811.05078125,0
2024-03-20 03:45:00+00:00,21765.05078125,21891.349609375,21757.150390625,21843.900390625,0
2024-03-20 04:45:00+00:00,21790.75,21801.19921875,21710.349609375,21765.0,0
2024-03-20 05:45:00+00:00,21834.44921875,21863.099609375,21760.19921875,21790.900390625,0
2024-03-20 06:45:00+00:00,21908.44921875,21911.650390625,21830.849609375,21837.650390625,0
2024-03-20 07:45:00+00:00,21855.349609375,21930.5,21838.94921875,21911.55078125,0
2024-03-20 08:45:00+00:00,21842.25,21879.30078125,21813.94921875,21856.69921875,0
2024-03-20 09:45:00+00:00,21855.099609375,21858.44921875,21831.650390625,21842.099609375,0
2024-03-21 03:45:00+00:00,22068.099609375,22078.94921875,21978.69921875,21989.900390625,0
2024-03-21 04:45:00+00:00,22073.94921875,22080.80078125,22045.19921875,22067.349609375,0
2024-03-21 05:45:00+00:00,21951.44921875,22075.05078125,21948.55078125,22073.900390625,0
2024-03-21 06:45:00+00:00,22003.599609375,22015.30078125,21941.94921875,21951.75,0
2024-03-21 07:45:00+00:00,21998.5,22030.44921875,21987.30078125,22002.349609375,0
2024-03-21 08:45:00+00:00,22028.400390625,22036.94921875,21982.599609375,21999.75,0
2024-03-21 09:45:00+00:00,22014.599609375,22038.25,22011.599609375,22025.099609375,0
2024-03-22 03:45:00+00:00,22030.900390625,22040.19921875,21884.150390625,21932.19921875,0
2024-03-22 04:45:00+00:00,22051.349609375,22074.0,22018.30078125,22029.599609375,0
2024-03-22 05:45:00+00:00,22076.55078125,22102.55078125,22049.44921875,22051.599609375,0
2024-03-22 06:45:00+00:00,22106.25,22118.25,22060.44921875,22076.30078125,0
2024-03-22 07:45:00+00:00,22105.0,22115.900390625,22078.30078125,22106.30078125,0
2024-03-22 08:45:00+00:00,22079.650390625,22179.0,22063.80078125,22104.25,0
2024-03-22 09:45:00+00:00,22080.80078125,22095.0,22069.80078125,22081.599609375,0
2024-03-26 03:45:00+00:00,22023.900390625,22072.650390625,21947.900390625,21947.900390625,0
2024-03-26 04:45:00+00:00,22034.69921875,22064.80078125,22011.650390625,22024.150390625,0
2024-03-26 05:45:00+00:00,22031.599609375,22062.19921875,22023.69921875,22034.55078125,0
2024-03-26 06:45:00+00:00,22056.94921875,22072.55078125,22029.650390625,22031.19921875,0
2024-03-26 07:45:00+00:00,22044.75,22065.30078125,22031.55078125,22057.75,0
2024-03-26 08:45:00+00:00,22003.80078125,22050.599609375,21992.30078125,22044.69921875,0
2024-03-26 09:45:00+00:00,22019.80078125,22030.19921875,21996.349609375,22004.099609375,0
2024-03-27 03:45:00+00:00,22146.44921875,22160.599609375,22053.94921875,22053.94921875,0
2024-03-27 04:45:00+00:00,22157.19921875,22171.94921875,22133.0,22147.099609375,0
2024-03-27 05:45:00+00:00,22165.25,22182.80078125,22154.25,22157.05078125,0
2024-03-27 06:45:00+00:00,22159.650390625,22176.80078125,22148.0,22164.69921875,0
2024-03-27 07:45:00+00:00,22188.75,22193.150390625,22159.099609375,22159.099609375,0
2024-03-27 08:45:00+00:00,22116.150390625,22191.400390625,22093.30078125,22188.599609375,0
2024-03-27 09:45:00+00:00,22147.19921875,22159.349609375,22109.650390625,22117.80078125,0
2024-03-28 03:45:00+00:00,22306.25,22316.650390625,22163.599609375,22163.599609375,0
2024-03-28 04:45:00+00:00,22367.30078125,22369.349609375,22278.5,22306.05078125,0
2024-03-28 05:45:00+00:00,22334.19921875,22373.0,22321.05078125,22366.849609375,0
2024-03-28 06:45:00+00:00,22408.650390625,22434.19921875,22327.5,22334.150390625,0
2024-03-28 07:45:00+00:00,22467.94921875,22473.75,22405.94921875,22409.80078125,0
2024-03-28 08:45:00+00:00,22268.900390625,22513.19921875,22264.94921875,22468.05078125,0
2024-03-28 09:45:00+00:00,22343.099609375,22343.69921875,22264.650390625,22270.19921875,0
2024-04-01 03:45:00+00:00,22503.650390625,22529.099609375,22455.0,22455.0,0
2024-04-01 04:45:00+00:00,22479.44921875,22512.75,22453.30078125,22503.80078125,0
2024-04-01 05:45:00+00:00,22462.19921875,22491.5,22459.69921875,22479.80078125,0
2024-04-01 06:45:00+00:00,22445.75,22483.25,22427.849609375,22461.94921875,0
2024-04-01 07:45:00+00:00,22454.5,22473.30078125,22445.05078125,22445.80078125,0
2024-04-01 08:45:00+00:00,22464.05078125,22467.5,22433.5,22456.099609375,0
2024-04-01 09:45:00+00:00,22469.05078125,22477.69921875,22456.5,22465.599609375,0
2024-04-02 03:45:00+00:00,22433.599609375,22496.900390625,22415.900390625,22458.80078125,0
2024-04-02 04:45:00+00:00,22432.400390625,22448.349609375,22389.150390625,22434.0,0
2024-04-02 05:45:00+00:00,22424.5,22445.150390625,22413.94921875,22430.400390625,0
2024-04-02 06:45:00+00:00,22409.05078125,22432.150390625,22408.19921875,22424.150390625,0
2024-04-02 07:45:00+00:00,22414.0,22423.150390625,22393.05078125,22409.650390625,0
2024-04-02 08:45:00+00:00,22452.30078125,22461.55078125,22410.099609375,22414.150390625,0
2024-04-02 09:45:00+00:00,22464.30078125,22470.30078125,22450.94921875,22451.44921875,0
2024-04-03 03:45:00+00:00,22448.599609375,22457.099609375,22347.80078125,22385.69921875,0
2024-04-03 04:45:00+00:00,22447.69921875,22466.05078125,22419.099609375,22448.150390625,0
2024-04-03 05:45:00+00:00,22479.0,22480.30078125,22445.099609375,22447.599609375,0
2024-04-03 06:45:00+00:00,22485.30078125,22520.900390625,22471.75,22479.75,0
2024-04-03 07:45:00+00:00,22494.94921875,22508.75,22459.099609375,22484.5,0
2024-04-03 08:45:00+00:00,22430.69921875,22500.75,22423.44921875,22494.94921875,0
2024-04-03 09:45:00+00:00,22445.55078125,22447.099609375,22423.5,22430.75,0
2024-04-04 03:45:00+00:00,22376.099609375,22603.599609375,22376.099609375,22592.099609375,0
2024-04-04 04:45:00+00:00,22417.44921875,22450.30078125,22307.44921875,22373.75,0
2024-04-04 05:45:00+00:00,22385.30078125,22429.05078125,22350.849609375,22419.349609375,0
2024-04-04 06:45:00+00:00,22481.05078125,22491.349609375,22377.0,22385.44921875,0
2024-04-04 07:45:00+00:00,22530.30078125,22580.19921875,22470.400390625,22481.44921875,0
2024-04-04 08:45:00+00:00,22507.25,22568.099609375,22486.69921875,22529.599609375,0
2024-04-04 09:45:00+00:00,22541.19921875,22553.94921875,22506.650390625,22506.650390625,0
2024-04-05 03:45:00+00:00,22474.599609375,22502.44921875,22429.0,22486.400390625,0
2024-04-05 04:45:00+00:00,22514.400390625,22514.650390625,22458.94921875,22473.900390625,0
2024-04-05 05:45:00+00:00,22498.849609375,22516.849609375,22473.05078125,22514.80078125,0
2024-04-05 06:45:00+00:00,22484.849609375,22511.849609375,22475.69921875,22498.80078125,0
2024-04-05 07:45:00+00:00,22504.05078125,22528.349609375,22479.099609375,22485.05078125,0
2024-04-05 08:45:00+00:00,22515.44921875,22521.099609375,22487.25,22504.400390625,0
2024-04-05 09:45:00+00:00,22523.400390625,22536.599609375,22501.5,22514.400390625,0
2024-04-08 03:45:00+00:00,22626.25,22630.44921875,22550.349609375,22580.25,0
2024-04-08 04:45:00+00:00,22623.849609375,22634.05078125,22605.900390625,22627.150390625,0
2024-04-08 05:45:00+00:00,22653.25,22656.25,22622.30078125,22624.349609375,0
2024-04-08 06:45:00+00:00,22695.25,22696.05078125,22651.150390625,22653.650390625,0
2024-04-08 07:45:00+00:00,22660.900390625,22696.94921875,22634.150390625,22695.349609375,0
2024-04-08 08:45:00+00:00,22671.150390625,22688.25,22655.44921875,22661.0,0
2024-04-08 09:45:00+00:00,22661.0,22674.349609375,22657.849609375,22671.099609375,0
2024-04-09 03:45:00+00:00,22749.55078125,22765.099609375,22679.30078125,22765.099609375,0
2024-04-09 04:45:00+00:00,22729.05078125,22768.349609375,22727.19921875,22749.05078125,0
2024-04-09 05:45:00+00:00,22719.94921875,22757.5,22708.849609375,22729.650390625,0
2024-04-09 06:45:00+00:00,22683.55078125,22727.5,22669.099609375,22720.5,0
2024-04-09 07:45:00+00:00,22617.5,22685.849609375,22616.80078125,22683.55078125,0
2024-04-09 08:45:00+00:00,22641.5,22671.900390625,22613.150390625,22617.5,0
2024-04-09 09:45:00+00:00,22645.5,22652.69921875,22639.150390625,22641.55078125,0
2024-04-10 03:45:00+00:00,22707.30078125,22727.099609375,22679.44921875,22720.25,0
2024-04-10 04:45:00+00:00,22706.30078125,22720.05078125,22690.349609375,22706.75,0
2024-04-10 05:45:00+00:00,22706.400390625,22708.44921875,22674.55078125,22706.19921875,0
2024-04-10 06:45:00+00:00,22715.099609375,22721.150390625,22691.400390625,22705.900390625,0
2024-04-10 07:45:00+00:00,22721.650390625,22744.75,22709.80078125,22714.900390625,0
2024-04-10 08:45:00+00:00,22752.650390625,22775.69921875,22718.30078125,22721.30078125,0
2024-04-10 09:45:00+00:00,22732.849609375,22755.650390625,22730.599609375,22752.0,0
2024-04-12 03:45:00+00:00,22641.69921875,22726.150390625,22626.5,22683.94921875,0
2024-04-12 04:45:00+00:00,22657.849609375,22666.75,22627.650390625,22642.30078125,0
2024-04-12 05:45:00+00:00,22687.94921875,22698.19921875,22656.099609375,22657.69921875,0
2024-04-12 06:45:00+00:00,22568.05078125,22690.30078125,22545.650390625,22688.05078125,0
2024-04-12 07:45:00+00:00,22544.69921875,22591.5,22539.19921875,22568.5,0
2024-04-12 08:45:00+00:00,22515.849609375,22563.75,22511.099609375,22544.94921875,0
2024-04-12 09:45:00+00:00,22519.400390625,22524.05078125,22503.849609375,22515.80078125,0
2024-04-15 03:45:00+00:00,22360.30078125,22376.599609375,22263.75,22356.69921875,0
2024-04-15 04:45:00+00:00,22361.900390625,22426.55078125,22344.849609375,22360.650390625,0
2024-04-15 05:45:00+00:00,22398.849609375,22399.44921875,22355.900390625,22361.44921875,0
2024-04-15 06:45:00+00:00,22338.30078125,22404.05078125,22321.599609375,22399.0,0
2024-04-15 07:45:00+00:00,22334.150390625,22354.30078125,22320.900390625,22339.0,0
2024-04-15 08:45:00+00:00,22270.0,22343.25,22260.099609375,22334.30078125,0
2024-04-15 09:45:00+00:00,22277.44921875,22291.30078125,22262.55078125,22271.5,0
2024-04-16 03:45:00+00:00,22191.400390625,22213.5,22107.94921875,22136.349609375,0
2024-04-16 04:45:00+00:00,22201.05078125,22209.400390625,22156.69921875,22190.650390625,0
2024-04-16 05:45:00+00:00,22169.75,22209.05078125,22149.94921875,22201.55078125,0
2024-04-16 06:45:00+00:00,22100.25,22173.19921875,22099.75,22169.400390625,0
2024-04-16 07:45:00+00:00,22143.05078125,22154.30078125,22079.69921875,22099.30078125,0
2024-04-16 08:45:00+00:00,22168.900390625,22169.75,22108.69921875,22142.650390625,0
2024-04-16 09:45:00+00:00,22177.44921875,22180.05078125,22153.80078125,22168.30078125,0
2024-04-18 03:45:00+00:00,22178.150390625,22270.150390625,22164.849609375,22224.44921875,0
2024-04-18 04:45:00+00:00,22283.0,22295.19921875,22155.0,22176.900390625,0
2024-04-18 05:45:00+00:00,22292.150390625,22308.349609375,22264.30078125,22283.69921875,0
2024-04-18 06:45:00+00:00,22291.44921875,22326.25,22282.19921875,22292.349609375,0
2024-04-18 07:45:00+00:00,22137.849609375,22305.400390625,22082.55078125,22291.05078125,0
2024-04-18 08:45:00+00:00,21965.650390625,22171.30078125,21962.5,22139.0,0
2024-04-18 09:45:00+00:00,22045.75,22047.849609375,21962.0,21966.05078125,0
2024-04-19 03:45:00+00:00,21884.55078125,21901.650390625,21778.55078125,21861.5,0
2024-04-19 04:45:00+00:00,21870.94921875,21889.849609375,21850.19921875,21884.75,0
2024-04-19 05:45:00+00:00,21934.19921875,21935.94921875,21866.69921875,21870.69921875,0
2024-04-19 06:45:00+00:00,22044.75,22052.5,21926.75,21934.19921875,0
2024-04-19 07:45:00+00:00,22147.849609375,22177.69921875,22009.650390625,22044.900390625,0
2024-04-19 08:45:00+00:00,22162.849609375,22179.30078125,22100.599609375,22149.80078125,0
2024-04-19 09:45:00+00:00,22149.099609375,22166.0,22129.05078125,22162.30078125,0
2024-04-22 03:45:00+00:00,22246.55078125,22336.900390625,22198.349609375,22336.900390625,0
2024-04-22 04:45:00+00:00,22283.849609375,22297.400390625,22229.55078125,22246.05078125,0
2024-04-22 05:45:00+00:00,22285.25,22312.099609375,22273.599609375,22283.69921875,0
2024-04-22 06:45:00+00:00,22273.44921875,22299.650390625,22257.5,22286.69921875,0
2024-04-22 07:45:00+00:00,22292.0,22302.05078125,22258.25,22273.80078125,0
2024-04-22 08:45:00+00:00,22347.05078125,22349.349609375,22272.900390625,22292.349609375,0
2024-04-22 09:45:00+00:00,22365.44921875,22375.25,22334.900390625,22347.400390625,0
2024-04-23 03:45:00+00:00,22417.650390625,22431.25,22368.80078125,22416.94921875,0
2024-04-23 04:45:00+00:00,22381.400390625,22419.400390625,22356.5,22417.44921875,0
2024-04-23 05:45:00+00:00,22420.80078125,22423.25,22378.69921875,22382.25,0
2024-04-23 06:45:00+00:00,22382.44921875,22423.599609375,22369.150390625,22420.75,0
2024-04-23 07:45:00+00:00,22396.44921875,22405.30078125,22358.400390625,22382.150390625,0
2024-04-23 08:45:00+00:00,22377.5,22412.599609375,22359.19921875,22396.5,0
2024-04-23 09:45:00+00:00,22361.0,22378.94921875,22350.150390625,22378.94921875,0
2024-04-24 03:45:00+00:00,22435.099609375,22449.900390625,22401.05078125,22425.80078125,0
2024-04-24 04:45:00+00:00,22459.25,22475.900390625,22435.900390625,22436.400390625,0
2024-04-24 05:45:00+00:00,22459.94921875,22468.099609375,22438.30078125,22458.75,0
2024-04-24 06:45:00+00:00,22448.900390625,22463.30078125,22432.94921875,22460.099609375,0
2024-04-24 07:45:00+00:00,22449.400390625,22458.94921875,22437.849609375,22447.75,0
2024-04-24 08:45:00+00:00,22401.75,22453.150390625,22384.80078125,22449.599609375,0
2024-04-24 09:45:00+00:00,22412.19921875,22414.94921875,22397.099609375,22401.650390625,0
2024-04-25 03:45:00+00:00,22457.150390625,22457.94921875,22308.30078125,22325.349609375,0
2024-04-25 04:45:00+00:00,22433.150390625,22474.599609375,22339.75,22454.19921875,0
2024-04-25 05:45:00+00:00,22396.69921875,22435.349609375,22381.650390625,22433.55078125,0
2024-04-25 06:45:00+00:00,22452.150390625,22462.900390625,22380.400390625,22397.80078125,0
2024-04-25 07:45:00+00:00,22577.25,22599.5,22428.900390625,22452.900390625,0
2024-04-25 08:45:00+00:00,22570.25,22624.75,22566.55078125,22576.400390625,0
2024-04-25 09:45:00+00:00,22559.25,22576.099609375,22549.400390625,22571.05078125,0
2024-04-26 03:45:00+00:00,22538.150390625,22615.5,22517.80078125,22615.25,0
2024-04-26 04:45:00+00:00,22515.900390625,22555.5,22507.94921875,22537.30078125,0
2024-04-26 05:45:00+00:00,22524.75,22548.44921875,22511.05078125,22517.400390625,0
2024-04-26 06:45:00+00:00,22509.94921875,22530.44921875,22491.25,22523.650390625,0
2024-04-26 07:45:00+00:00,22445.25,22512.75,22420.25,22508.349609375,0
2024-04-26 08:45:00+00:00,22408.25,22464.30078125,22386.0,22446.44921875,0
2024-04-26 09:45:00+00:00,22450.19921875,22461.599609375,22408.25,22408.25,0
2024-04-29 03:45:00+00:00,22480.599609375,22531.900390625,22442.05078125,22488.400390625,0
2024-04-29 04:45:00+00:00,22536.849609375,22546.80078125,22478.69921875,22482.75,0
2024-04-29 05:45:00+00:00,22558.69921875,22571.44921875,22525.599609375,22536.349609375,0
2024-04-29 06:45:00+00:00,22575.80078125,22579.849609375,22546.69921875,22555.80078125,0
2024-04-29 07:45:00+00:00,22611.150390625,22622.650390625,22566.05078125,22575.80078125,0
2024-04-29 08:45:00+00:00,22653.05078125,22655.650390625,22599.55078125,22611.599609375,0
2024-04-29 09:45:00+00:00,22633.150390625,22653.75,22626.44921875,22653.30078125,0
2024-04-30 03:45:00+00:00,22727.25,22754.30078125,22663.44921875,22684.19921875,0
2024-04-30 04:45:00+00:00,22734.30078125,22768.80078125,22709.75,22729.69921875,0
2024-04-30 05:45:00+00:00,22745.25,22750.400390625,22721.150390625,22735.25,0
2024-04-30 06:45:00+00:00,22714.69921875,22756.099609375,22706.55078125,22745.25,0
2024-04-30 07:45:00+00:00,22768.05078125,22779.0,22708.599609375,22715.0,0
2024-04-30 08:45:00+00:00,22603.55078125,22782.94921875,22601.30078125,22767.349609375,0
2024-04-30 09:45:00+00:00,22587.75,22603.80078125,22568.94921875,22602.44921875,0
2024-05-02 03:45:00+00:00,22670.75,22680.05078125,22580.599609375,22582.5,0
2024-05-02 04:45:00+00:00,22659.19921875,22693.099609375,22655.19921875,22667.44921875,0
2024-05-02 05:45:00+00:00,22692.599609375,22705.75,22631.05078125,22657.900390625,0
2024-05-02 06:45:00+00:00,22684.400390625,22704.69921875,22662.599609375,22692.25,0
2024-05-02 07:45:00+00:00,22679.55078125,22710.349609375,22668.55078125,22684.25,0
2024-05-02 08:45:00+00:00,22641.650390625,22691.900390625,22633.44921875,22678.44921875,0
2024-05-02 09:45:00+00:00,22656.75,22661.94921875,22633.650390625,22639.349609375,0
2024-05-03 03:45:00+00:00,22681.400390625,22794.150390625,22676.19921875,22769.099609375,0
2024-05-03 04:45:00+00:00,22606.05078125,22696.69921875,22583.5,22682.599609375,0
2024-05-03 05:45:00+00:00,22476.55078125,22607.05078125,22456.69921875,22604.94921875,0
2024-05-03 06:45:00+00:00,22415.150390625,22548.349609375,22400.05078125,22476.0,0
2024-05-03 07:45:00+00:00,22408.80078125,22443.69921875,22348.75,22412.30078125,0
2024-05-03 08:45:00+00:00,22490.599609375,22492.94921875,22380.5,22407.55078125,0
2024-05-03 09:45:00+00:00,22456.69921875,22503.849609375,22450.44921875,22491.650390625,0
2024-05-06 03:45:00+00:00,22466.349609375,22588.80078125,22433.900390625,22562.599609375,0
2024-05-06 04:45:00+00:00,22494.099609375,22542.69921875,22439.80078125,22468.150390625,0
2024-05-06 05:45:00+00:00,22520.94921875,22525.400390625,22462.0,22493.400390625,0
2024-05-06 06:45:00+00:00,22439.400390625,22526.44921875,22438.44921875,22521.44921875,0
2024-05-06 07:45:00+00:00,22439.849609375,22474.25,22412.44921875,22439.599609375,0
2024-05-06 08:45:00+00:00,22441.0,22487.30078125,22410.05078125,22438.900390625,0
2024-05-06 09:45:00+00:00,22458.0,22463.19921875,22434.30078125,22440.849609375,0
2024-05-07 03:45:00+00:00,22398.599609375,22493.400390625,22376.400390625,22493.30078125,0
2024-05-07 04:45:00+00:00,22304.0,22398.349609375,22299.19921875,22397.599609375,0
2024-05-07 05:45:00+00:00,22279.650390625,22305.349609375,22232.19921875,22304.349609375,0
2024-05-07 06:45:00+00:00,22239.69921875,22306.19921875,22237.05078125,22279.0,0
2024-05-07 07:45:00+00:00,22320.55078125,22330.400390625,22237.30078125,22239.94921875,0
2024-05-07 08:45:00+00:00,22308.69921875,22323.30078125,22256.19921875,22321.150390625,0
2024-05-07 09:45:00+00:00,22304.5,22314.69921875,22295.30078125,22308.05078125,0
2024-05-08 03:45:00+00:00,22279.69921875,22291.69921875,22185.69921875,22246.349609375,0
2024-05-08 04:45:00+00:00,22235.0,22281.30078125,22185.650390625,22280.25,0
2024-05-08 05:45:00+00:00,22331.75,22339.599609375,22235.0,22235.849609375,0
2024-05-08 06:45:00+00:00,22336.80078125,22358.55078125,22303.349609375,22332.099609375,0
2024-05-08 07:45:00+00:00,22275.25,22368.0,22259.69921875,22336.69921875,0
2024-05-08 08:45:00+00:00,22301.94921875,22315.599609375,22244.349609375,22275.05078125,0
2024-05-08 09:45:00+00:00,22306.75,22317.55078125,22293.0,22301.849609375,0
2024-05-09 03:45:00+00:00,22194.400390625,22307.5,22189.30078125,22245.849609375,0
2024-05-09 04:45:00+00:00,22138.80078125,22210.25,22125.94921875,22194.400390625,0
2024-05-09 05:45:00+00:00,22165.94921875,22177.44921875,22122.75,22138.400390625,0
2024-05-09 06:45:00+00:00,22057.94921875,22186.150390625,22040.349609375,22165.849609375,0
2024-05-09 07:45:00+00:00,22061.75,22081.94921875,22021.30078125,22058.30078125,0
2024-05-09 08:45:00+00:00,21943.0,22076.900390625,21942.5,22061.0,0
2024-05-09 09:45:00+00:00,21968.150390625,21968.150390625,21933.150390625,21943.19921875,0
2024-05-10 03:45:00+00:00,22110.099609375,22119.44921875,21952.650390625,21979.44921875,0
2024-05-10 04:45:00+00:00,22056.30078125,22131.0,22012.94921875,22109.5,0
2024-05-10 05:45:00+00:00,22032.30078125,22093.75,22015.44921875,22056.150390625,0
2024-05-10 06:45:00+00:00,21992.5,22042.19921875,21985.150390625,22032.5,0
2024-05-10 07:45:00+00:00,22027.05078125,22062.400390625,21985.19921875,21992.349609375,0
2024-05-10 08:45:00+00:00,22054.599609375,22072.400390625,22009.150390625,22026.849609375,0
2024-05-10 09:45:00+00:00,22054.0,22067.44921875,22041.400390625,22054.19921875,0
2024-05-13 03:45:00+00:00,21886.099609375,22058.19921875,21828.599609375,22035.55078125,0
2024-05-13 04:45:00+00:00,21911.099609375,21921.55078125,21823.150390625,21885.19921875,0
2024-05-13 05:45:00+00:00,21985.400390625,21990.55078125,21910.69921875,21911.05078125,0
2024-05-13 06:45:00+00:00,22029.19921875,22041.0,21967.0,21986.849609375,0
2024-05-13 07:45:00+00:00,22103.05078125,22111.19921875,21934.0,22029.099609375,0
2024-05-13 08:45:00+00:00,22098.44921875,22130.69921875,22070.55078125,22103.400390625,0
2024-05-13 09:45:00+00:00,22119.400390625,22131.25,22092.150390625,22098.44921875,0
2024-05-14 03:45:00+00:00,22099.099609375,22182.19921875,22081.75,22126.5,0
2024-05-14 04:45:00+00:00,22178.900390625,22180.650390625,22098.80078125,22099.19921875,0
2024-05-14 05:45:00+00:00,22185.30078125,22202.0,22155.75,22178.900390625,0
2024-05-14 06:45:00+00:00,22220.44921875,22236.599609375,22167.0,22185.30078125,0
2024-05-14 07:45:00+00:00,22250.849609375,22269.94921875,22202.19921875,22220.349609375,0
2024-05-14 08:45:00+00:00,22222.05078125,22266.400390625,22195.400390625,22250.69921875,0
2024-05-14 09:45:00+00:00,22223.80078125,22226.94921875,22214.30078125,22221.099609375,0
2024-05-15 03:45:00+00:00,22189.599609375,22297.5,22170.80078125,22264.0,0
2024-05-15 04:45:00+00:00,22230.349609375,22254.900390625,22152.349609375,22190.400390625,0
2024-05-15 05:45:00+00:00,22204.05078125,22239.25,22164.5,22230.44921875,0
2024-05-15 06:45:00+00:00,22191.900390625,22217.30078125,22175.55078125,22203.849609375,0
2024-05-15 07:45:00+00:00,22211.44921875,22225.80078125,22164.30078125,22191.19921875,0
2024-05-15 08:45:00+00:00,22205.05078125,22233.55078125,22182.150390625,22210.400390625,0
2024-05-15 09:45:00+00:00,22210.400390625,22214.94921875,22188.900390625,22203.44921875,0
2024-05-16 03:45:00+00:00,22244.44921875,22329.599609375,22217.150390625,22306.44921875,0
2024-05-16 04:45:00+00:00,22147.099609375,22250.75,22128.5,22244.69921875,0
2024-05-16 05:45:00+00:00,22289.5,22290.349609375,22106.599609375,22146.75,0
2024-05-16 06:45:00+00:00,22128.150390625,22303.55078125,22105.05078125,22291.150390625,0
2024-05-16 07:45:00+00:00,22065.5,22137.19921875,22054.900390625,22128.55078125,0
2024-05-16 08:45:00+00:00,22403.25,22407.80078125,22060.44921875,22065.099609375,0
2024-05-16 09:45:00+00:00,22392.349609375,22430.80078125,22388.80078125,22403.44921875,0
2024-05-17 03:45:00+00:00,22391.80078125,22426.25,22346.099609375,22424.55078125,0
2024-05-17 04:45:00+00:00,22469.30078125,22473.5,22382.75,22390.849609375,0
2024-05-17 05:45:00+00:00,22458.099609375,22490.69921875,22441.5,22469.19921875,0
2024-05-17 06:45:00+00:00,22474.599609375,22486.44921875,22441.44921875,22458.55078125,0
2024-05-17 07:45:00+00:00,22482.099609375,22501.25,22455.80078125,22474.0,0
2024-05-17 08:45:00+00:00,22474.400390625,22491.55078125,22444.849609375,22483.099609375,0
2024-05-17 09:45:00+00:00,22465.55078125,22485.75,22461.0,22473.400390625,0
2024-05-21 03:45:00+00:00,22465.69921875,22508.849609375,22440.900390625,22448.599609375,0
2024-05-21 04:45:00+00:00,22503.849609375,22507.75,22454.099609375,22465.75,0
2024-05-21 05:45:00+00:00,22546.30078125,22547.599609375,22498.349609375,22503.80078125,0
2024-05-21 06:45:00+00:00,22573.75,22590.75,22524.75,22546.44921875,0
2024-05-21 07:45:00+00:00,22535.5,22578.5,22531.75,22573.05078125,0
2024-05-21 08:45:00+00:00,22525.349609375,22551.849609375,22506.150390625,22535.650390625,0
2024-05-21 09:45:00+00:00,22507.55078125,22530.150390625,22498.25,22526.150390625,0
2024-05-22 03:45:00+00:00,22558.400390625,22574.25,22483.44921875,22570.650390625,0
2024-05-22 04:45:00+00:00,22546.30078125,22575.55078125,22527.44921875,22558.599609375,0
2024-05-22 05:45:00+00:00,22564.25,22568.19921875,22530.400390625,22546.5,0
2024-05-22 06:45:00+00:00,22565.099609375,22586.099609375,22549.55078125,22564.19921875,0
2024-05-22 07:45:00+00:00,22576.80078125,22607.849609375,22559.05078125,22564.30078125,0
2024-05-22 08:45:00+00:00,22597.900390625,22615.900390625,22536.55078125,22575.25,0
2024-05-22 09:45:00+00:00,22620.5,22627.30078125,22594.599609375,22597.650390625,0
2024-05-23 03:45:00+00:00,22674.5,22688.849609375,22577.44921875,22602.94921875,0
2024-05-23 04:45:00+00:00,22696.80078125,22721.80078125,22642.44921875,22674.0,0
2024-05-23 05:45:00+00:00,22758.849609375,22768.099609375,22696.44921875,22696.75,0
2024-05-23 06:45:00+00:00,22830.349609375,22851.69921875,22756.5,22758.0,0
2024-05-23 07:45:00+00:00,22914.900390625,22914.900390625,22795.849609375,22830.44921875,0
2024-05-23 08:45:00+00:00,22978.650390625,22988.099609375,22891.849609375,22913.19921875,0
2024-05-23 09:45:00+00:00,22951.0,22993.400390625,22947.55078125,22978.55078125,0
2024-05-24 03:45:00+00:00,22919.69921875,23003.75,22908.25,22928.599609375,0
2024-05-24 04:45:00+00:00,22959.55078125,22984.19921875,22916.80078125,22919.44921875,0
2024-05-24 05:45:00+00:00,22969.400390625,22983.599609375,22954.30078125,22959.55078125,0
2024-05-24 06:45:00+00:00,22991.25,23019.400390625,22957.5,22970.05078125,0
2024-05-24 07:45:00+00:00,23005.849609375,23019.05078125,22984.900390625,22991.25,0
2024-05-24 08:45:00+00:00,22958.349609375,23025.150390625,22927.80078125,23005.5,0
2024-05-24 09:45:00+00:00,22952.0,22970.150390625,22943.25,22959.5,0
2024-05-27 03:45:00+00:00,22950.900390625,23042.19921875,22932.55078125,23034.650390625,0
2024-05-27 04:45:00+00:00,22988.80078125,23006.650390625,22941.80078125,22950.349609375,0
2024-05-27 05:45:00+00:00,23067.900390625,23075.400390625,22985.80078125,22988.900390625,0
2024-05-27 06:45:00+00:00,23074.849609375,23110.650390625,23063.400390625,23068.0,0
2024-05-27 07:45:00+00:00,23068.25,23091.849609375,23047.5,23075.150390625,0
2024-05-27 08:45:00+00:00,22938.75,23071.94921875,22871.599609375,23068.650390625,0
2024-05-27 09:45:00+00:00,22931.05078125,22960.150390625,22924.150390625,22939.099609375,0
2024-05-28 03:45:00+00:00,22957.19921875,22992.30078125,22926.400390625,22977.150390625,0
2024-05-28 04:45:00+00:00,22968.94921875,22998.30078125,22955.599609375,22957.650390625,0
2024-05-28 05:45:00+00:00,22939.75,22975.099609375,22932.650390625,22968.75,0
2024-05-28 06:45:00+00:00,22945.19921875,22959.30078125,22889.55078125,22939.25,0
2024-05-28 07:45:00+00:00,22926.400390625,22973.400390625,22910.650390625,22945.25,0
2024-05-28 08:45:00+00:00,22892.599609375,22937.80078125,22887.55078125,22926.25,0
2024-05-28 09:45:00+00:00,22865.05078125,22895.900390625,22858.900390625,22893.0,0
2024-05-29 03:45:00+00:00,22757.650390625,22825.5,22752.75,22782.05078125,0
2024-05-29 04:45:00+00:00,22725.25,22768.75,22719.80078125,22757.80078125,0
2024-05-29 05:45:00+00:00,22745.19921875,22747.69921875,22705.69921875,22725.55078125,0
2024-05-29 06:45:00+00:00,22764.80078125,22802.400390625,22725.900390625,22744.0,0
2024-05-29 07:45:00+00:00,22752.349609375,22792.5,22724.30078125,22765.0,0
2024-05-29 08:45:00+00:00,22711.30078125,22760.900390625,22686.05078125,22753.599609375,0
2024-05-29 09:45:00+00:00,22705.80078125,22713.80078125,22693.349609375,22710.80078125,0
2024-05-30 03:45:00+00:00,22558.80078125,22704.849609375,22554.55078125,22617.44921875,0
2024-05-30 04:45:00+00:00,22564.75,22617.849609375,22555.30078125,22558.5,0
2024-05-30 05:45:00+00:00,22566.849609375,22586.900390625,22541.0,22563.80078125,0
2024-05-30 06:45:00+00:00,22577.0,22602.25,22551.25,22567.44921875,0
2024-05-30 07:45:00+00:00,22522.599609375,22579.0,22518.94921875,22576.400390625,0
2024-05-30 08:45:00+00:00,22478.05078125,22538.44921875,22417.80078125,22523.05078125,0
2024-05-30 09:45:00+00:00,22557.099609375,22560.900390625,22477.0,22477.900390625,0
2024-05-31 03:45:00+00:00,22537.349609375,22652.80078125,22533.900390625,22568.099609375,0
2024-05-31 04:45:00+00:00,22530.80078125,22587.30078125,22496.0,22535.19921875,0
2024-05-31 05:45:00+00:00,22513.25,22560.55078125,22500.55078125,22532.25,0
2024-05-31 06:45:00+00:00,22536.650390625,22550.5,22504.099609375,22513.05078125,0
2024-05-31 07:45:00+00:00,22606.69921875,22631.400390625,22531.650390625,22535.349609375,0
2024-05-31 08:45:00+00:00,22524.0,22609.19921875,22465.900390625,22605.599609375,0
2024-05-31 09:45:00+00:00,22547.94921875,22579.44921875,22513.849609375,22523.55078125,0
2024-06-03 03:45:00+00:00,23197.099609375,23337.900390625,23063.0,23337.900390625,0
2024-06-03 04:45:00+00:00,23175.30078125,23207.5,23134.44921875,23197.099609375,0
2024-06-03 05:45:00+00:00,23221.650390625,23248.44921875,23169.44921875,23173.900390625,0
2024-06-03 06:45:00+00:00,23228.099609375,23244.0,23198.599609375,23221.599609375,0
2024-06-03 07:45:00+00:00,23240.94921875,23260.55078125,23161.0,23227.25,0
2024-06-03 08:45:00+00:00,23264.69921875,23267.05078125,23212.30078125,23239.94921875,0
2024-06-03 09:45:00+00:00,23305.94921875,23308.25,23264.900390625,23265.099609375,0
2024-06-04 03:45:00+00:00,22833.900390625,23159.44921875,22391.099609375,23157.25,0
2024-06-04 04:45:00+00:00,22095.099609375,22832.5,22002.44921875,22832.5,0
2024-06-04 05:45:00+00:00,21591.900390625,22293.25,21483.650390625,22097.0,0
2024-06-04 06:45:00+00:00,21944.75,22005.55078125,21282.650390625,21591.25,0
2024-06-04 07:45:00+00:00,22061.05078125,22271.69921875,21881.5,21944.44921875,0
2024-06-04 08:45:00+00:00,21949.69921875,22090.05078125,21725.30078125,22061.80078125,0
2024-06-04 09:45:00+00:00,21996.44921875,22068.55078125,21871.44921875,21948.599609375,0
2024-06-05 03:45:00+00:00,22062.849609375,22128.349609375,21792.25,22128.349609375,0
2024-06-05 04:45:00+00:00,22351.400390625,22354.650390625,21943.94921875,22063.30078125,0
2024-06-05 05:45:00+00:00,22311.150390625,22445.0,22213.150390625,22351.650390625,0
2024-06-05 06:45:00+00:00,22377.80078125,22420.55078125,22241.25,22311.599609375,0
2024-06-05 07:45:00+00:00,22475.69921875,22560.19921875,22354.0,22377.650390625,0
2024-06-05 08:45:00+00:00,22636.05078125,22670.150390625,22430.05078125,22475.150390625,0
2024-06-05 09:45:00+00:00,22572.75,22639.55078125,22554.650390625,22635.849609375,0
2024-06-06 03:45:00+00:00,22786.849609375,22797.349609375,22644.19921875,22778.25,0
2024-06-06 04:45:00+00:00,22896.849609375,22909.849609375,22785.25,22787.900390625,0
2024-06-06 05:45:00+00:00,22720.75,22904.849609375,22675.80078125,22897.19921875,0
2024-06-06 06:45:00+00:00,22699.30078125,22796.400390625,22645.150390625,22720.69921875,0
2024-06-06 07:45:00+00:00,22781.400390625,22848.349609375,22694.94921875,22699.900390625,0
2024-06-06 08:45:00+00:00,22825.150390625,22826.30078125,22669.5,22781.05078125,0
2024-06-06 09:45:00+00:00,22849.05078125,22865.44921875,22804.349609375,22824.80078125,0
2024-06-07 03:45:00+00:00,22980.25,23003.75,22790.75,22824.19921875,0
2024-06-07 04:45:00+00:00,23075.849609375,23082.5,22916.599609375,22980.0,0
2024-06-07 05:45:00+00:00,23189.75,23229.400390625,23037.900390625,23075.30078125,0
2024-06-07 06:45:00+00:00,23208.25,23248.849609375,23135.849609375,23189.5,0
2024-06-07 07:45:00+00:00,23243.69921875,23254.44921875,23151.849609375,23207.400390625,0
2024-06-07 08:45:00+00:00,23287.75,23318.650390625,23225.099609375,23244.150390625,0
2024-06-07 09:45:00+00:00,23270.05078125,23301.650390625,23262.80078125,23287.650390625,0
2024-06-10 03:45:00+00:00,23315.25,23410.80078125,23233.44921875,23320.150390625,0
2024-06-10 04:45:00+00:00,23337.599609375,23362.849609375,23303.0,23315.0,0
2024-06-10 05:45:00+00:00,23308.150390625,23370.849609375,23297.5,23337.55078125,0
2024-06-10 06:45:00+00:00,23333.400390625,23348.05078125,23304.900390625,23307.94921875,0
2024-06-10 07:45:00+00:00,23363.25,23377.349609375,23324.150390625,23332.55078125,0
2024-06-10 08:45:00+00:00,23262.150390625,23365.0,23229.150390625,23363.0,0
2024-06-10 09:45:00+00:00,23234.44921875,23264.25,23228.099609375,23261.599609375,0
2024-06-11 03:45:00+00:00,23312.55078125,23324.599609375,23207.19921875,23278.25,0
2024-06-11 04:45:00+00:00,23328.5,23347.55078125,23297.900390625,23311.80078125,0
2024-06-11 05:45:00+00:00,23331.099609375,23336.80078125,23303.69921875,23329.30078125,0
2024-06-11 06:45:00+00:00,23331.849609375,23360.19921875,23311.05078125,23330.75,0
2024-06-11 07:45:00+00:00,23330.19921875,23389.19921875,23317.75,23333.55078125,0
2024-06-11 08:45:00+00:00,23264.150390625,23351.849609375,23260.349609375,23330.44921875,0
2024-06-11 09:45:00+00:00,23261.80078125,23268.44921875,23232.0,23264.849609375,0
2024-06-12 03:45:00+00:00,23409.30078125,23419.349609375,23296.900390625,23344.44921875,0
2024-06-12 04:45:00+00:00,23413.150390625,23441.69921875,23383.75,23408.650390625,0
2024-06-12 05:45:00+00:00,23414.150390625,23436.849609375,23365.0,23412.80078125,0
2024-06-12 06:45:00+00:00,23411.400390625,23423.80078125,23384.05078125,23413.25,0
2024-06-12 07:45:00+00:00,23352.80078125,23420.80078125,23336.94921875,23411.69921875,0
2024-06-12 08:45:00+00:00,23323.75,23394.150390625,23315.599609375,23352.75,0
2024-06-12 09:45:00+00:00,23305.650390625,23329.80078125,23297.75,23325.25,0
2024-06-13 03:45:00+00:00,23408.69921875,23458.349609375,23364.44921875,23458.349609375,0
2024-06-13 04:45:00+00:00,23367.80078125,23411.55078125,23366.05078125,23408.150390625,0
2024-06-13 05:45:00+00:00,23391.849609375,23414.25,23353.900390625,23366.80078125,0
2024-06-13 06:45:00+00:00,23411.30078125,23421.099609375,23382.599609375,23391.30078125,0
2024-06-13 07:45:00+00:00,23393.75,23417.849609375,23384.099609375,23410.44921875,0
2024-06-13 08:45:00+00:00,23399.0,23407.80078125,23366.25,23393.75,0
2024-06-13 09:45:00+00:00,23399.349609375,23411.19921875,23396.75,23398.150390625,0
2024-06-14 03:45:00+00:00,23437.849609375,23458.94921875,23335.150390625,23458.94921875,0
2024-06-14 04:45:00+00:00,23448.900390625,23459.44921875,23424.900390625,23437.44921875,0
2024-06-14 05:45:00+00:00,23439.099609375,23452.5,23428.0,23448.349609375,0
2024-06-14 06:45:00+00:00,23459.150390625,23462.69921875,23429.55078125,23439.099609375,0
2024-06-14 07:45:00+00:00,23446.349609375,23463.55078125,23424.150390625,23459.349609375,0
2024-06-14 08:45:00+00:00,23471.900390625,23490.099609375,23442.099609375,23446.150390625,0
2024-06-14 09:45:00+00:00,23454.150390625,23473.349609375,23444.599609375,23472.400390625,0
2024-06-18 03:45:00+00:00,23542.349609375,23578.0,23500.400390625,23561.19921875,0
2024-06-18 04:45:00+00:00,23540.5,23556.19921875,23512.849609375,23542.349609375,0
2024-06-18 05:45:00+00:00,23533.75,23557.349609375,23532.05078125,23541.30078125,0
2024-06-18 06:45:00+00:00,23532.349609375,23541.400390625,23513.69921875,23533.900390625,0
2024-06-18 07:45:00+00:00,23539.5,23550.099609375,23523.849609375,23532.599609375,0
2024-06-18 08:45:00+00:00,23555.75,23556.94921875,23527.94921875,23539.55078125,0
2024-06-18 09:45:00+00:00,23562.30078125,23572.099609375,23554.55078125,23556.19921875,0
2024-06-19 03:45:00+00:00,23523.05078125,23625.25,23523.05078125,23625.25,0
2024-06-19 04:45:00+00:00,23503.650390625,23532.599609375,23413.19921875,23523.05078125,0
2024-06-19 05:45:00+00:00,23556.349609375,23556.650390625,23478.55078125,23504.0,0
2024-06-19 06:45:00+00:00,23552.099609375,23574.19921875,23527.0,23557.05078125,0
2024-06-19 07:45:00+00:00,23560.650390625,23571.5,23513.5,23552.099609375,0
2024-06-19 08:45:00+00:00,23511.0,23663.599609375,23484.150390625,23560.44921875,0
2024-06-19 09:45:00+00:00,23521.400390625,23528.44921875,23504.599609375,23509.80078125,0
2024-06-20 03:45:00+00:00,23487.349609375,23586.150390625,23442.69921875,23586.150390625,0
2024-06-20 04:45:00+00:00,23533.650390625,23563.400390625,23478.05078125,23488.25,0
2024-06-20 05:45:00+00:00,23556.599609375,23569.30078125,23524.05078125,23533.05078125,0
2024-06-20 06:45:00+00:00,23552.5,23572.400390625,23532.5,23556.900390625,0
2024-06-20 07:45:00+00:00,23562.75,23623.94921875,23532.5,23552.44921875,0
2024-06-20 08:45:00+00:00,23566.849609375,23600.5,23536.349609375,23563.349609375,0
2024-06-20 09:45:00+00:00,23579.150390625,23587.80078125,23559.849609375,23566.19921875,0
2024-06-21 03:45:00+00:00,23584.75,23664.94921875,23568.19921875,23664.94921875,0
2024-06-21 04:45:00+00:00,23529.05078125,23610.94921875,23492.55078125,23585.25,0
2024-06-21 05:45:00+00:00,23539.30078125,23561.900390625,23507.0,23529.5,0
2024-06-21 06:45:00+00:00,23453.25,23546.349609375,23422.75,23539.25,0
2024-06-21 07:45:00+00:00,23567.19921875,23585.69921875,23442.25,23452.5,0
2024-06-21 08:45:00+00:00,23476.19921875,23577.30078125,23399.5,23567.099609375,0
2024-06-21 09:45:00+00:00,23453.150390625,23489.900390625,23445.650390625,23476.44921875,0
2024-06-24 03:45:00+00:00,23445.75,23452.849609375,23350.0,23386.75,0
2024-06-24 04:45:00+00:00,23497.05078125,23523.650390625,23430.75,23446.19921875,0
2024-06-24 05:45:00+00:00,23534.650390625,23543.599609375,23491.5,23497.349609375,0
2024-06-24 06:45:00+00:00,23546.599609375,23557.75,23513.650390625,23534.69921875,0
2024-06-24 07:45:00+00:00,23519.94921875,23555.25,23511.0,23546.55078125,0
2024-06-24 08:45:00+00:00,23545.94921875,23550.25,23492.25,23520.099609375,0
2024-06-24 09:45:00+00:00,23548.650390625,23553.099609375,23532.900390625,23547.0,0
2024-06-25 03:45:00+00:00,23594.849609375,23617.55078125,23565.849609375,23583.80078125,0
2024-06-25 04:45:00+00:00,23581.19921875,23610.900390625,23579.75,23594.69921875,0
2024-06-25 05:45:00+00:00,23588.44921875,23599.05078125,23562.19921875,23580.5,0
2024-06-25 06:45:00+00:00,23672.5,23683.900390625,23580.650390625,23586.94921875,0
2024-06-25 07:45:00+00:00,23695.25,23709.650390625,23661.5,23671.599609375,0
2024-06-25 08:45:00+00:00,23731.650390625,23732.80078125,23671.44921875,23695.80078125,0
2024-06-25 09:45:00+00:00,23721.900390625,23753.5,23715.30078125,23732.19921875,0
2024-06-26 03:45:00+00:00,23693.25,23742.650390625,23671.349609375,23732.849609375,0
2024-06-26 04:45:00+00:00,23774.44921875,23789.599609375,23693.150390625,23693.150390625,0
2024-06-26 05:45:00+00:00,23828.80078125,23842.44921875,23772.599609375,23773.80078125,0
2024-06-26 06:45:00+00:00,23828.25,23859.349609375,23803.80078125,23830.150390625,0
2024-06-26 07:45:00+00:00,23872.19921875,23874.150390625,23825.099609375,23828.599609375,0
2024-06-26 08:45:00+00:00,23875.19921875,23889.650390625,23843.19921875,23873.05078125,0
2024-06-26 09:45:00+00:00,23840.25,23887.05078125,23839.599609375,23873.5,0
2024-06-27 03:45:00+00:00,23945.94921875,23965.80078125,23806.099609375,23872.05078125,0
2024-06-27 04:45:00+00:00,23922.0,23973.900390625,23834.30078125,23946.099609375,0
2024-06-27 05:45:00+00:00,24005.349609375,24005.650390625,23894.150390625,23921.5,0
2024-06-27 06:45:00+00:00,23961.849609375,24036.599609375,23941.5,24006.400390625,0
2024-06-27 07:45:00+00:00,23954.349609375,23995.349609375,23929.94921875,23961.849609375,0
2024-06-27 08:45:00+00:00,24045.599609375,24047.19921875,23913.650390625,23955.349609375,0
2024-06-27 09:45:00+00:00,24036.099609375,24086.349609375,24036.099609375,24045.400390625,0
2024-06-28 03:45:00+00:00,24133.150390625,24172.44921875,24064.150390625,24085.849609375,0
2024-06-28 04:45:00+00:00,24147.80078125,24151.25,24105.150390625,24134.05078125,0
2024-06-28 05:45:00+00:00,24110.900390625,24150.5,24103.69921875,24147.599609375,0
2024-06-28 06:45:00+00:00,24060.75,24115.0,24009.349609375,24111.75,0
2024-06-28 07:45:00+00:00,24117.19921875,24135.44921875,24044.80078125,24060.94921875,0
2024-06-28 08:45:00+00:00,23989.19921875,24132.900390625,23989.19921875,24117.05078125,0
2024-06-28 09:45:00+00:00,24009.80078125,24012.94921875,23986.099609375,23988.150390625,0
2024-07-01 03:45:00+00:00,24056.94921875,24095.69921875,23992.94921875,23992.94921875,0
2024-07-01 04:45:00+00:00,24078.69921875,24092.69921875,24056.05078125,24056.099609375,0
2024-07-01 05:45:00+00:00,24109.94921875,24124.099609375,24072.0,24076.94921875,0
2024-07-01 06:45:00+00:00,24118.55078125,24127.849609375,24099.0,24109.80078125,0
2024-07-01 07:45:00+00:00,24141.55078125,24151.849609375,24108.25,24119.0,0
2024-07-01 08:45:00+00:00,24147.400390625,24163.349609375,24120.349609375,24141.05078125,0
2024-07-01 09:45:00+00:00,24123.150390625,24153.94921875,24120.0,24146.849609375,0
2024-07-02 03:45:00+00:00,24130.0,24234.19921875,24074.0,24232.44921875,0
2024-07-02 04:45:00+00:00,24182.44921875,24185.05078125,24121.0,24129.650390625,0
2024-07-02 05:45:00+00:00,24138.0,24190.25,24124.80078125,24182.19921875,0
2024-07-02 06:45:00+00:00,24104.44921875,24158.599609375,24058.19921875,24137.80078125,0
2024-07-02 07:45:00+00:00,24108.25,24136.900390625,24092.849609375,24104.25,0
2024-07-02 08:45:00+00:00,24125.05078125,24150.25,24108.099609375,24108.19921875,0
2024-07-02 09:45:00+00:00,24117.80078125,24130.5,24110.599609375,24125.099609375,0
2024-07-03 03:45:00+00:00,24267.849609375,24306.349609375,24209.80078125,24277.099609375,0
2024-07-03 04:45:00+00:00,24268.400390625,24293.75,24259.599609375,24268.849609375,0
2024-07-03 05:45:00+00:00,24252.25,24275.75,24236.25,24268.25,0
2024-07-03 06:45:00+00:00,24275.849609375,24292.150390625,24251.349609375,24252.5,0
2024-07-03 07:45:00+00:00,24264.55078125,24293.55078125,24255.94921875,24276.400390625,0
2024-07-03 08:45:00+00:00,24296.099609375,24297.05078125,24238.75,24265.80078125,0
2024-07-03 09:45:00+00:00,24290.80078125,24308.44921875,24283.25,24295.80078125,0
2024-07-04 03:45:00+00:00,24375.05078125,24400.650390625,24324.80078125,24369.599609375,0
2024-07-04 04:45:00+00:00,24334.55078125,24386.0,24302.400390625,24373.80078125,0
2024-07-04 05:45:00+00:00,24331.69921875,24350.5,24323.650390625,24335.19921875,0
2024-07-04 06:45:00+00:00,24342.0,24357.55078125,24329.25,24331.5,0
2024-07-04 07:45:00+00:00,24340.05078125,24348.75,24314.19921875,24342.349609375,0
2024-07-04 08:45:00+00:00,24302.650390625,24351.30078125,24281.19921875,24340.75,0
2024-07-04 09:45:00+00:00,24304.650390625,24310.80078125,24293.44921875,24300.349609375,0
2024-07-05 03:45:00+00:00,24226.05078125,24258.849609375,24169.44921875,24208.349609375,0
2024-07-05 04:45:00+00:00,24233.19921875,24261.099609375,24214.94921875,24226.30078125,0
2024-07-05 05:45:00+00:00,24273.099609375,24283.849609375,24229.099609375,24233.75,0
2024-07-05 06:45:00+00:00,24253.5,24288.55078125,24243.900390625,24272.900390625,0
2024-07-05 07:45:00+00:00,24247.900390625,24269.69921875,24235.099609375,24252.44921875,0
2024-07-05 08:45:00+00:00,24342.05078125,24353.80078125,24204.19921875,24247.349609375,0
2024-07-05 09:45:00+00:00,24316.75,24362.849609375,24315.75,24342.25,0
2024-07-08 03:45:00+00:00,24304.150390625,24334.900390625,24262.75,24321.650390625,0
2024-07-08 04:45:00+00:00,24270.05078125,24329.150390625,24248.349609375,24303.900390625,0
2024-07-08 05:45:00+00:00,24252.650390625,24299.80078125,24240.80078125,24270.94921875,0
2024-07-08 06:45:00+00:00,24298.05078125,24303.94921875,24244.5,24251.849609375,0
2024-07-08 07:45:00+00:00,24288.900390625,24311.849609375,24268.0,24297.25,0
2024-07-08 08:45:00+00:00,24311.5,24338.30078125,24286.650390625,24287.69921875,0
2024-07-08 09:45:00+00:00,24331.05078125,24344.25,24301.5,24311.599609375,0
2024-07-09 03:45:00+00:00,24362.94921875,24385.099609375,24335.25,24349.75,0
2024-07-09 04:45:00+00:00,24382.900390625,24387.599609375,24339.94921875,24362.69921875,0
2024-07-09 05:45:00+00:00,24388.19921875,24400.19921875,24375.5,24380.849609375,0
2024-07-09 06:45:00+00:00,24423.0,24429.05078125,24382.44921875,24387.650390625,0
2024-07-09 07:45:00+00:00,24431.900390625,24437.80078125,24408.400390625,24423.0,0
2024-07-09 08:45:00+00:00,24434.05078125,24441.349609375,24407.80078125,24430.900390625,0
2024-07-09 09:45:00+00:00,24417.25,24443.30078125,24411.05078125,24434.099609375,0
2024-07-10 03:45:00+00:00,24330.75,24457.599609375,24312.650390625,24451.400390625,0
2024-07-10 04:45:00+00:00,24211.44921875,24346.849609375,24142.599609375,24329.5,0
2024-07-10 05:45:00+00:00,24265.099609375,24287.55078125,24193.900390625,24210.94921875,0
2024-07-10 06:45:00+00:00,24279.400390625,24298.349609375,24248.44921875,24265.650390625,0
2024-07-10 07:45:00+00:00,24238.25,24289.05078125,24212.099609375,24278.849609375,0
2024-07-10 08:45:00+00:00,24330.849609375,24336.75,24226.650390625,24237.94921875,0
2024-07-10 09:45:00+00:00,24312.400390625,24337.150390625,24310.900390625,24331.25,0
2024-07-11 03:45:00+00:00,24286.099609375,24393.849609375,24274.30078125,24390.400390625,0
2024-07-11 04:45:00+00:00,24256.19921875,24288.94921875,24234.69921875,24286.05078125,0
2024-07-11 05:45:00+00:00,24264.19921875,24283.400390625,24194.5,24256.5,0
2024-07-11 06:45:00+00:00,24298.05078125,24307.80078125,24259.849609375,24264.25,0
2024-07-11 07:45:00+00:00,24306.80078125,24327.30078125,24278.30078125,24297.349609375,0
2024-07-11 08:45:00+00:00,24328.650390625,24332.44921875,24291.44921875,24306.099609375,0
2024-07-11 09:45:00+00:00,24338.5,24357.0,24318.55078125,24329.0,0
2024-07-12 03:45:00+00:00,24362.900390625,24440.400390625,24332.5,24385.5,0
2024-07-12 04:45:00+00:00,24538.25,24591.94921875,24357.150390625,24362.599609375,0
2024-07-12 05:45:00+00:00,24516.400390625,24539.349609375,24473.30078125,24537.650390625,0
2024-07-12 06:45:00+00:00,24518.5,24523.44921875,24478.25,24517.80078125,0
2024-07-12 07:45:00+00:00,24574.650390625,24579.80078125,24514.05078125,24518.44921875,0
2024-07-12 08:45:00+00:00,24491.150390625,24581.05078125,24490.05078125,24573.900390625,0
2024-07-12 09:45:00+00:00,24512.400390625,24516.5,24485.599609375,24490.0,0
2024-07-15 03:45:00+00:00,24562.0,24597.80078125,24523.69921875,24587.599609375,0
2024-07-15 04:45:00+00:00,24581.0,24602.55078125,24545.69921875,24562.150390625,0
2024-07-15 05:45:00+00:00,24598.900390625,24611.650390625,24547.55078125,24581.75,0
2024-07-15 06:45:00+00:00,24615.05078125,24619.599609375,24576.099609375,24598.900390625,0
2024-07-15 07:45:00+00:00,24594.44921875,24634.849609375,24589.80078125,24622.30078125,0
2024-07-15 08:45:00+00:00,24584.5,24619.150390625,24577.69921875,24594.44921875,0
2024-07-15 09:45:00+00:00,24588.349609375,24588.599609375,24577.94921875,24583.400390625,0
2024-07-16 03:45:00+00:00,24634.400390625,24648.900390625,24605.849609375,24618.94921875,0
2024-07-16 04:45:00+00:00,24654.05078125,24661.05078125,24628.75,24635.349609375,0
2024-07-16 05:45:00+00:00,24640.5,24660.80078125,24631.599609375,24654.400390625,0
2024-07-16 06:45:00+00:00,24652.900390625,24656.650390625,24620.30078125,24640.900390625,0
2024-07-16 07:45:00+00:00,24625.099609375,24654.900390625,24603.44921875,24652.0,0
2024-07-16 08:45:00+00:00,24604.30078125,24648.0,24588.30078125,24625.150390625,0
2024-07-16 09:45:00+00:00,24601.099609375,24616.19921875,24593.900390625,24603.599609375,0
2024-07-18 03:45:00+00:00,24655.5,24678.349609375,24515.80078125,24542.650390625,0
2024-07-18 04:45:00+00:00,24537.349609375,24658.099609375,24531.5,24654.05078125,0
2024-07-18 05:45:00+00:00,24607.80078125,24612.099609375,24505.25,24538.55078125,0
2024-07-18 06:45:00+00:00,24711.599609375,24714.44921875,24599.75,24607.0,0
2024-07-18 07:45:00+00:00,24819.900390625,24827.69921875,24697.900390625,24716.30078125,0
2024-07-18 08:45:00+00:00,24801.69921875,24837.5,24774.19921875,24820.400390625,0
2024-07-18 09:45:00+00:00,24779.349609375,24810.400390625,24775.94921875,24802.05078125,0
2024-07-19 03:45:00+00:00,24685.849609375,24853.80078125,24684.19921875,24853.80078125,0
2024-07-19 04:45:00+00:00,24661.55078125,24725.69921875,24644.30078125,24684.94921875,0
2024-07-19 05:45:00+00:00,24661.75,24675.25,24621.849609375,24660.44921875,0
2024-07-19 06:45:00+00:00,24612.80078125,24667.599609375,24596.44921875,24661.650390625,0
2024-07-19 07:45:00+00:00,24570.650390625,24646.150390625,24554.349609375,24611.349609375,0
2024-07-19 08:45:00+00:00,24530.400390625,24588.69921875,24520.0,24570.25,0
2024-07-19 09:45:00+00:00,24525.849609375,24539.650390625,24509.25,24531.849609375,0
2024-07-22 03:45:00+00:00,24556.0,24558.0,24363.849609375,24447.650390625,0
2024-07-22 04:45:00+00:00,24532.05078125,24594.400390625,24531.099609375,24555.650390625,0
2024-07-22 05:45:00+00:00,24522.94921875,24554.900390625,24507.349609375,24531.400390625,0
2024-07-22 06:45:00+00:00,24487.80078125,24527.900390625,24465.55078125,24523.150390625,0
2024-07-22 07:45:00+00:00,24498.25,24541.650390625,24487.30078125,24487.30078125,0
2024-07-22 08:45:00+00:00,24515.69921875,24521.75,24480.80078125,24498.150390625,0
2024-07-22 09:45:00+00:00,24515.900390625,24520.94921875,24504.69921875,24516.25,0
2024-07-23 03:45:00+00:00,24449.150390625,24580.94921875,24445.94921875,24564.55078125,0
2024-07-23 04:45:00+00:00,24542.55078125,24552.5,24423.900390625,24449.900390625,0
2024-07-23 05:45:00+00:00,24469.30078125,24549.80078125,24381.05078125,24543.5,0
2024-07-23 06:45:00+00:00,24279.650390625,24474.05078125,24076.25,24468.650390625,0
2024-07-23 07:45:00+00:00,24459.900390625,24513.650390625,24277.30078125,24280.400390625,0
2024-07-23 08:45:00+00:00,24460.650390625,24544.69921875,24427.55078125,24460.150390625,0
2024-07-23 09:45:00+00:00,24476.400390625,24479.5,24446.75,24459.44921875,0
2024-07-24 03:45:00+00:00,24441.150390625,24503.25,24373.900390625,24445.05078125,0
2024-07-24 04:45:00+00:00,24432.0,24492.099609375,24397.25,24442.400390625,0
2024-07-24 05:45:00+00:00,24379.849609375,24445.25,24368.30078125,24432.349609375,0
2024-07-24 06:45:00+00:00,24362.0,24382.25,24307.94921875,24379.849609375,0
2024-07-24 07:45:00+00:00,24324.44921875,24378.099609375,24310.5,24362.150390625,0
2024-07-24 08:45:00+00:00,24407.400390625,24453.94921875,24322.25,24326.30078125,0
2024-07-24 09:45:00+00:00,24441.900390625,24446.400390625,24397.75,24407.650390625,0
2024-07-25 03:45:00+00:00,24294.94921875,24302.75,24212.30078125,24235.05078125,0
2024-07-25 04:45:00+00:00,24324.19921875,24331.849609375,24270.849609375,24294.80078125,0
2024-07-25 05:45:00+00:00,24362.94921875,24368.349609375,24295.099609375,24324.05078125,0
2024-07-25 06:45:00+00:00,24382.30078125,24397.150390625,24354.69921875,24362.150390625,0
2024-07-25 07:45:00+00:00,24421.349609375,24425.099609375,24361.05078125,24381.80078125,0
2024-07-25 08:45:00+00:00,24397.5,24424.650390625,24380.099609375,24422.44921875,0
2024-07-25 09:45:00+00:00,24415.0,24423.150390625,24388.94921875,24396.5,0
2024-07-26 03:45:00+00:00,24578.69921875,24592.80078125,24415.150390625,24430.05078125,0
2024-07-26 04:45:00+00:00,24644.80078125,24653.94921875,24576.25,24578.44921875,0
2024-07-26 05:45:00+00:00,24639.0,24656.650390625,24623.599609375,24643.94921875,0
2024-07-26 06:45:00+00:00,24775.55078125,24780.94921875,24637.099609375,24638.94921875,0
2024-07-26 07:45:00+00:00,24797.80078125,24818.05078125,24758.19921875,24777.099609375,0
2024-07-26 08:45:00+00:00,24849.05078125,24852.30078125,24759.44921875,24797.75,0
2024-07-26 09:45:00+00:00,24851.75,24860.05078125,24830.400390625,24848.0,0
2024-07-29 03:45:00+00:00,24878.349609375,24978.099609375,24878.349609375,24952.05078125,0
2024-07-29 04:45:00+00:00,24938.150390625,24946.05078125,24866.5,24878.099609375,0
2024-07-29 05:45:00+00:00,24906.55078125,24998.55078125,24880.19921875,24937.849609375,0
2024-07-29 06:45:00+00:00,24833.05078125,24912.94921875,24791.80078125,24905.5,0
2024-07-29 07:45:00+00:00,24798.05078125,24884.849609375,24797.599609375,24833.349609375,0
2024-07-29 08:45:00+00:00,24823.30078125,24865.849609375,24774.900390625,24798.0,0
2024-07-29 09:45:00+00:00,24840.94921875,24848.80078125,24816.599609375,24823.30078125,0
2024-07-30 03:45:00+00:00,24851.650390625,24886.69921875,24803.150390625,24850.19921875,0
2024-07-30 04:45:00+00:00,24926.69921875,24939.900390625,24850.400390625,24851.55078125,0
2024-07-30 05:45:00+00:00,24936.30078125,24956.55078125,24914.849609375,24926.900390625,0
2024-07-30 06:45:00+00:00,24936.94921875,24968.75,24921.55078125,24936.0,0
2024-07-30 07:45:00+00:00,24929.150390625,24944.55078125,24881.0,24936.30078125,0
2024-07-30 08:45:00+00:00,24847.5,24971.75,24837.69921875,24929.150390625,0
2024-07-30 09:45:00+00:00,24840.900390625,24861.75,24832.599609375,24847.44921875,0
2024-07-31 03:45:00+00:00,24940.099609375,24945.400390625,24857.349609375,24883.0,0
2024-07-31 04:45:00+00:00,24923.0,24953.75,24901.44921875,24938.599609375,0
2024-07-31 05:45:00+00:00,24936.30078125,24939.0,24898.25,24922.25,0
2024-07-31 06:45:00+00:00,24937.05078125,24949.44921875,24912.05078125,24935.44921875,0
2024-07-31 07:45:00+00:00,24926.30078125,24952.44921875,24918.55078125,24934.900390625,0
2024-07-31 08:45:00+00:00,24945.80078125,24968.599609375,24922.650390625,24925.55078125,0
2024-07-31 09:45:00+00:00,24979.30078125,24983.30078125,24941.75,24944.44921875,0
2024-08-01 03:45:00+00:00,25037.099609375,25077.30078125,25012.5,25030.94921875,0
2024-08-01 04:45:00+00:00,25033.69921875,25052.150390625,25004.05078125,25037.05078125,0
2024-08-01 05:45:00+00:00,24989.94921875,25033.849609375,24983.30078125,25033.44921875,0
2024-08-01 06:45:00+00:00,24999.349609375,25008.349609375,24964.5,24990.55078125,0
2024-08-01 07:45:00+00:00,24981.94921875,25007.150390625,24972.150390625,25000.099609375,0
2024-08-01 08:45:00+00:00,25018.25,25020.900390625,24956.94921875,24981.44921875,0
2024-08-01 09:45:00+00:00,25004.900390625,25030.849609375,24998.400390625,25018.69921875,0
2024-08-02 03:45:00+00:00,24778.900390625,24851.44921875,24725.0,24824.19921875,0
2024-08-02 04:45:00+00:00,24805.05078125,24823.75,24746.0,24779.44921875,0
2024-08-02 05:45:00+00:00,24788.69921875,24835.099609375,24779.900390625,24803.599609375,0
2024-08-02 06:45:00+00:00,24770.5,24794.900390625,24754.69921875,24788.400390625,0
2024-08-02 07:45:00+00:00,24770.55078125,24808.900390625,24755.400390625,24769.25,0
2024-08-02 08:45:00+00:00,24727.900390625,24792.55078125,24688.30078125,24771.19921875,0
2024-08-02 09:45:00+00:00,24699.44921875,24736.69921875,24696.099609375,24728.849609375,0
2024-08-05 03:45:00+00:00,24292.150390625,24346.30078125,24193.25,24323.69921875,0
2024-08-05 04:45:00+00:00,24020.75,24295.900390625,24011.69921875,24290.80078125,0
2024-08-05 05:45:00+00:00,24038.44921875,24049.25,23895.0,24020.44921875,0
2024-08-05 06:45:00+00:00,24021.599609375,24056.80078125,23916.69921875,24039.349609375,0
2024-08-05 07:45:00+00:00,24085.650390625,24127.349609375,23996.099609375,24021.19921875,0
2024-08-05 08:45:00+00:00,24048.849609375,24115.0,24014.599609375,24085.900390625,0
2024-08-05 09:45:00+00:00,24051.80078125,24066.69921875,24039.55078125,24049.650390625,0
2024-08-06 03:45:00+00:00,24282.849609375,24380.849609375,24192.849609375,24192.849609375,0
2024-08-06 04:45:00+00:00,24225.80078125,24309.900390625,24131.94921875,24284.44921875,0
2024-08-06 05:45:00+00:00,24235.55078125,24260.349609375,24207.69921875,24226.599609375,0
2024-08-06 06:45:00+00:00,24163.400390625,24237.900390625,24158.30078125,24235.5,0
2024-08-06 07:45:00+00:00,24022.900390625,24178.25,24012.0,24163.25,0
2024-08-06 08:45:00+00:00,23973.55078125,24077.900390625,23960.5,24023.150390625,0
2024-08-06 09:45:00+00:00,24033.05078125,24039.44921875,23966.05078125,23974.75,0
2024-08-07 03:45:00+00:00,24209.400390625,24306.19921875,24185.94921875,24289.400390625,0
2024-08-07 04:45:00+00:00,24247.650390625,24337.0,24193.400390625,24207.55078125,0
2024-08-07 05:45:00+00:00,24224.150390625,24253.94921875,24209.69921875,24248.599609375,0
2024-08-07 06:45:00+00:00,24232.19921875,24276.80078125,24208.30078125,24224.05078125,0
2024-08-07 07:45:00+00:00,24246.599609375,24246.599609375,24188.94921875,24232.150390625,0
2024-08-07 08:45:00+00:00,24309.94921875,24312.25,24244.44921875,24246.0,0
2024-08-07 09:45:00+00:00,24316.05078125,24316.900390625,24295.849609375,24309.400390625,0
2024-08-08 03:45:00+00:00,24161.150390625,24262.75,24120.599609375,24248.69921875,0
2024-08-08 04:45:00+00:00,24186.349609375,24259.599609375,24134.400390625,24161.650390625,0
2024-08-08 05:45:00+00:00,24306.599609375,24306.599609375,24167.80078125,24186.05078125,0
2024-08-08 06:45:00+00:00,24160.349609375,24339.30078125,24129.05078125,24307.25,0
2024-08-08 07:45:00+00:00,24154.599609375,24179.55078125,24092.5,24159.400390625,0
2024-08-08 08:45:00+00:00,24115.19921875,24195.80078125,24113.349609375,24154.75,0
2024-08-08 09:45:00+00:00,24098.69921875,24117.900390625,24079.94921875,24115.55078125,0
2024-08-09 03:45:00+00:00,24356.0,24419.599609375,24316.80078125,24386.849609375,0
2024-08-09 04:45:00+00:00,24346.150390625,24372.349609375,24312.19921875,24356.44921875,0
2024-08-09 05:45:00+00:00,24352.75,24374.900390625,24337.25,24345.19921875,0
2024-08-09 06:45:00+00:00,24352.099609375,24371.150390625,24338.099609375,24351.75,0
2024-08-09 07:45:00+00:00,24385.44921875,24389.599609375,24348.150390625,24351.400390625,0
2024-08-09 08:45:00+00:00,24371.849609375,24389.25,24353.849609375,24386.44921875,0
2024-08-09 09:45:00+00:00,24363.75,24374.400390625,24356.94921875,24371.05078125,0
2024-08-12 03:45:00+00:00,24252.150390625,24322.55078125,24212.30078125,24317.900390625,0
2024-08-12 04:45:00+00:00,24434.80078125,24435.05078125,24252.150390625,24252.80078125,0
2024-08-12 05:45:00+00:00,24388.099609375,24472.69921875,24387.25,24434.650390625,0
2024-08-12 06:45:00+00:00,24404.650390625,24439.099609375,24380.55078125,24388.75,0
2024-08-12 07:45:00+00:00,24435.30078125,24444.349609375,24392.75,24404.400390625,0
2024-08-12 08:45:00+00:00,24345.69921875,24440.55078125,24302.400390625,24434.69921875,0
2024-08-12 09:45:00+00:00,24348.80078125,24365.349609375,24340.900390625,24347.94921875,0
2024-08-13 03:45:00+00:00,24330.099609375,24358.0,24300.0,24351.05078125,0
2024-08-13 04:45:00+00:00,24313.349609375,24334.25,24277.75,24329.69921875,0
2024-08-13 05:45:00+00:00,24296.0,24330.150390625,24268.80078125,24312.349609375,0
2024-08-13 06:45:00+00:00,24238.099609375,24297.599609375,24205.25,24296.650390625,0
2024-08-13 07:45:00+00:00,24152.900390625,24257.30078125,24117.19921875,24237.349609375,0
2024-08-13 08:45:00+00:00,24122.900390625,24177.94921875,24121.599609375,24151.69921875,0
2024-08-13 09:45:00+00:00,24141.19921875,24144.19921875,24119.349609375,24124.150390625,0
2024-08-14 03:45:00+00:00,24147.650390625,24194.0,24100.150390625,24184.400390625,0
2024-08-14 04:45:00+00:00,24135.44921875,24171.349609375,24118.30078125,24147.349609375,0
2024-08-14 05:45:00+00:00,24164.80078125,24166.05078125,24127.150390625,24135.44921875,0
2024-08-14 06:45:00+00:00,24179.349609375,24194.349609375,24145.44921875,24164.849609375,0
2024-08-14 07:45:00+00:00,24170.75,24179.849609375,24145.599609375,24178.55078125,0
2024-08-14 08:45:00+00:00,24133.0,24177.75,24121.849609375,24171.25,0
2024-08-14 09:45:00+00:00,24143.69921875,24157.30078125,24129.650390625,24135.55078125,0
2024-08-16 03:45:00+00:00,24295.0,24402.900390625,24275.30078125,24332.150390625,0
2024-08-16 04:45:00+00:00,24234.349609375,24306.650390625,24205.19921875,24293.69921875,0
2024-08-16 05:45:00+00:00,24419.80078125,24440.30078125,24227.849609375,24233.900390625,0
2024-08-16 06:45:00+00:00,24442.80078125,24458.94921875,24389.19921875,24419.94921875,0
2024-08-16 07:45:00+00:00,24516.0,24517.75,24427.650390625,24442.400390625,0
2024-08-16 08:45:00+00:00,24554.349609375,24563.44921875,24473.25,24514.94921875,0
2024-08-16 09:45:00+00:00,24539.19921875,24561.30078125,24537.44921875,24554.150390625,0
2024-08-19 03:45:00+00:00,24580.44921875,24638.25,24566.30078125,24630.55078125,0
2024-08-19 04:45:00+00:00,24543.94921875,24590.19921875,24523.55078125,24579.099609375,0
2024-08-19 05:45:00+00:00,24570.0,24598.0,24542.69921875,24544.44921875,0
2024-08-19 06:45:00+00:00,24590.44921875,24592.900390625,24552.25,24569.69921875,0
2024-08-19 07:45:00+00:00,24572.349609375,24605.099609375,24543.849609375,24590.900390625,0
2024-08-19 08:45:00+00:00,24571.44921875,24592.349609375,24562.44921875,24573.19921875,0
2024-08-19 09:45:00+00:00,24579.0,24590.30078125,24570.599609375,24571.25,0
2024-08-20 03:45:00+00:00,24722.599609375,24725.25,24607.5,24648.900390625,0
2024-08-20 04:45:00+00:00,24707.5,24733.94921875,24674.55078125,24722.94921875,0
2024-08-20 05:45:00+00:00,24708.94921875,24719.099609375,24688.05078125,24707.55078125,0
2024-08-20 06:45:00+00:00,24727.099609375,24734.150390625,24701.55078125,24708.94921875,0
2024-08-20 07:45:00+00:00,24719.44921875,24729.099609375,24702.5,24727.05078125,0
2024-08-20 08:45:00+00:00,24698.099609375,24729.30078125,24690.900390625,24718.80078125,0
2024-08-20 09:45:00+00:00,24672.849609375,24705.650390625,24670.849609375,24697.900390625,0
2024-08-21 03:45:00+00:00,24712.75,24721.0,24655.44921875,24680.94921875,0
2024-08-21 04:45:00+00:00,24693.5,24753.900390625,24678.80078125,24713.349609375,0
2024-08-21 05:45:00+00:00,24724.0,24742.30078125,24693.19921875,24693.55078125,0
2024-08-21 06:45:00+00:00,24727.80078125,24739.099609375,24716.30078125,24724.44921875,0
2024-08-21 07:45:00+00:00,24739.849609375,24744.55078125,24696.80078125,24727.69921875,0
2024-08-21 08:45:00+00:00,24767.05078125,24774.150390625,24722.75,24739.849609375,0
2024-08-21 09:45:00+00:00,24781.900390625,24786.19921875,24763.05078125,24767.5,0
2024-08-22 03:45:00+00:00,24813.75,24866.25,24785.0,24866.25,0
2024-08-22 04:45:00+00:00,24824.150390625,24830.099609375,24802.44921875,24814.150390625,0
2024-08-22 05:45:00+00:00,24832.650390625,24847.80078125,24817.099609375,24824.650390625,0
2024-08-22 06:45:00+00:00,24808.150390625,24836.80078125,24800.849609375,24832.69921875,0
2024-08-22 07:45:00+00:00,24832.0,24837.69921875,24802.849609375,24808.0,0
2024-08-22 08:45:00+00:00,24810.599609375,24835.25,24796.650390625,24833.05078125,0
2024-08-22 09:45:00+00:00,24810.900390625,24822.75,24804.5,24810.849609375,0
2024-08-23 03:45:00+00:00,24801.5,24849.900390625,24771.80078125,24845.400390625,0
2024-08-23 04:45:00+00:00,24833.400390625,24850.650390625,24797.0,24803.75,0
2024-08-23 05:45:00+00:00,24839.400390625,24853.75,24819.30078125,24835.099609375,0
2024-08-23 06:45:00+00:00,24839.19921875,24845.5,24826.349609375,24838.5,0
2024-08-23 07:45:00+00:00,24831.25,24839.5,24818.900390625,24837.900390625,0
2024-08-23 08:45:00+00:00,24822.69921875,24848.849609375,24794.69921875,24830.900390625,0
2024-08-23 09:45:00+00:00,24831.849609375,24841.75,24815.05078125,24822.0,0
2024-08-26 03:45:00+00:00,25008.349609375,25017.19921875,24874.94921875,24914.5,0
2024-08-26 04:45:00+00:00,24982.349609375,25043.650390625,24971.25,25008.400390625,0
2024-08-26 05:45:00+00:00,25001.05078125,25020.25,24980.0,24982.150390625,0
2024-08-26 06:45:00+00:00,25026.55078125,25034.75,24995.30078125,25001.0,0
2024-08-26 07:45:00+00:00,25009.75,25030.55078125,25001.650390625,25026.0,0
2024-08-26 08:45:00+00:00,25007.900390625,25033.19921875,25002.80078125,25010.05078125,0
2024-08-26 09:45:00+00:00,25011.44921875,25016.75,25004.599609375,25009.349609375,0
2024-08-27 03:45:00+00:00,25013.55078125,25043.650390625,24973.900390625,25032.099609375,0
2024-08-27 04:45:00+00:00,25037.849609375,25049.650390625,24983.5,25014.55078125,0
2024-08-27 05:45:00+00:00,25045.599609375,25073.05078125,25033.349609375,25037.849609375,0
2024-08-27 06:45:00+00:00,25059.05078125,25060.19921875,25038.55078125,25045.69921875,0
2024-08-27 07:45:00+00:00,25052.650390625,25067.099609375,25041.30078125,25059.19921875,0
2024-08-27 08:45:00+00:00,25024.599609375,25056.19921875,24998.0,25052.0,0
2024-08-27 09:45:00+00:00,24997.05078125,25027.75,24988.400390625,25024.25,0
2024-08-28 03:45:00+00:00,25010.94921875,25047.849609375,24964.849609375,25029.25,0
2024-08-28 04:45:00+00:00,25038.849609375,25040.0,24993.55078125,25010.150390625,0
2024-08-28 05:45:00+00:00,25086.80078125,25113.80078125,25037.349609375,25038.55078125,0
2024-08-28 06:45:00+00:00,25101.80078125,25110.05078125,25080.80078125,25086.0,0
2024-08-28 07:45:00+00:00,25121.30078125,25125.69921875,25090.55078125,25100.94921875,0
2024-08-28 08:45:00+00:00,25050.44921875,25128.099609375,25048.19921875,25121.099609375,0
2024-08-28 09:45:00+00:00,25044.849609375,25051.349609375,25032.099609375,25049.400390625,0
2024-08-29 03:45:00+00:00,25097.400390625,25117.599609375,25018.94921875,25032.44921875,0
2024-08-29 04:45:00+00:00,25098.05078125,25115.80078125,25077.05078125,25098.0,0
2024-08-29 05:45:00+00:00,25088.05078125,25106.5,25070.150390625,25098.05078125,0
2024-08-29 06:45:00+00:00,25153.44921875,25174.0,25084.44921875,25088.30078125,0
2024-08-29 07:45:00+00:00,25077.05078125,25166.75,24999.400390625,25151.30078125,0
2024-08-29 08:45:00+00:00,25130.05078125,25192.599609375,25001.650390625,25078.099609375,0
2024-08-29 09:45:00+00:00,25156.75,25166.69921875,25117.69921875,25129.400390625,0
2024-08-30 03:45:00+00:00,25218.849609375,25257.94921875,25199.69921875,25229.25,0
2024-08-30 04:45:00+00:00,25239.099609375,25246.650390625,25204.19921875,25219.599609375,0
2024-08-30 05:45:00+00:00,25246.30078125,25252.599609375,25217.75,25238.400390625,0
2024-08-30 06:45:00+00:00,25242.25,25258.150390625,25228.650390625,25246.05078125,0
2024-08-30 07:45:00+00:00,25246.19921875,25250.75,25231.150390625,25242.44921875,0
2024-08-30 08:45:00+00:00,25242.400390625,25262.150390625,25206.80078125,25246.05078125,0
2024-08-30 09:45:00+00:00,25247.0,25265.05078125,25232.25,25242.94921875,0
2024-09-02 03:45:00+00:00,25305.19921875,25323.599609375,25282.25,25311.599609375,0
2024-09-02 04:45:00+00:00,25315.400390625,25320.400390625,25291.349609375,25303.349609375,0
2024-09-02 05:45:00+00:00,25300.5,25322.0,25281.80078125,25315.80078125,0
2024-09-02 06:45:00+00:00,25255.69921875,25304.099609375,25235.55078125,25301.5,0
2024-09-02 07:45:00+00:00,25275.75,25283.650390625,25244.94921875,25255.80078125,0
2024-09-02 08:45:00+00:00,25280.099609375,25290.349609375,25258.0,25275.400390625,0
2024-09-02 09:45:00+00:00,25273.900390625,25289.849609375,25258.599609375,25279.599609375,0
2024-09-03 03:45:00+00:00,25265.5,25317.75,25241.400390625,25313.400390625,0
2024-09-03 04:45:00+00:00,25242.849609375,25274.55078125,25242.849609375,25265.25,0
2024-09-03 05:45:00+00:00,25259.650390625,25264.44921875,25236.44921875,25243.849609375,0
2024-09-03 06:45:00+00:00,25281.650390625,25284.650390625,25249.5,25259.44921875,0
2024-09-03 07:45:00+00:00,25271.900390625,25298.30078125,25252.099609375,25282.69921875,0
2024-09-03 08:45:00+00:00,25276.69921875,25304.099609375,25262.94921875,25272.05078125,0
2024-09-03 09:45:00+00:00,25265.900390625,25285.30078125,25260.75,25276.30078125,0
2024-09-04 03:45:00+00:00,25152.44921875,25158.25,25085.150390625,25106.69921875,0
2024-09-04 04:45:00+00:00,25128.69921875,25157.349609375,25094.650390625,25152.900390625,0
2024-09-04 05:45:00+00:00,25134.150390625,25144.19921875,25118.0,25129.19921875,0
2024-09-04 06:45:00+00:00,25153.19921875,25154.30078125,25124.94921875,25134.44921875,0
2024-09-04 07:45:00+00:00,25163.650390625,25191.80078125,25152.5,25153.30078125,0
2024-09-04 08:45:00+00:00,25210.099609375,25211.099609375,25145.75,25164.30078125,0
2024-09-04 09:45:00+00:00,25206.349609375,25215.5,25201.25,25209.599609375,0
2024-09-05 03:45:00+00:00,25207.0,25270.150390625,25187.55078125,25263.05078125,0
2024-09-05 04:45:00+00:00,25193.599609375,25212.80078125,25152.150390625,25207.30078125,0
2024-09-05 05:45:00+00:00,25188.900390625,25198.599609375,25168.80078125,25193.349609375,0
2024-09-05 06:45:00+00:00,25172.80078125,25195.75,25169.900390625,25188.650390625,0
2024-09-05 07:45:00+00:00,25173.599609375,25180.900390625,25161.099609375,25172.349609375,0
2024-09-05 08:45:00+00:00,25152.69921875,25177.900390625,25128.25,25173.150390625,0
2024-09-05 09:45:00+00:00,25144.80078125,25163.55078125,25141.25,25150.849609375,0
2024-09-06 03:45:00+00:00,24921.099609375,25168.400390625,24879.69921875,25090.55078125,0
2024-09-06 04:45:00+00:00,24867.0,24950.400390625,24859.900390625,24921.900390625,0
2024-09-06 05:45:00+00:00,24936.25,24942.400390625,24864.150390625,24866.30078125,0
2024-09-06 06:45:00+00:00,24862.0,24960.55078125,24842.099609375,24935.849609375,0
2024-09-06 07:45:00+00:00,24865.599609375,24893.849609375,24839.400390625,24861.75,0
2024-09-06 08:45:00+00:00,24853.05078125,24871.900390625,24801.30078125,24865.150390625,0
2024-09-06 09:45:00+00:00,24868.5,24878.19921875,24846.599609375,24852.099609375,0
2024-09-09 03:45:00+00:00,24826.5,24867.69921875,24753.150390625,24820.94921875,0
2024-09-09 04:45:00+00:00,24894.150390625,24916.69921875,24818.30078125,24826.0,0
2024-09-09 05:45:00+00:00,24851.94921875,24898.400390625,24846.0,24894.650390625,0
2024-09-09 06:45:00+00:00,24882.150390625,24884.150390625,24834.400390625,24852.05078125,0
2024-09-09 07:45:00+00:00,24893.44921875,24938.44921875,24873.349609375,24881.25,0
2024-09-09 08:45:00+00:00,24940.55078125,24946.849609375,24867.69921875,24893.849609375,0
2024-09-09 09:45:00+00:00,24942.25,24957.05078125,24930.75,24939.75,0
2024-09-10 03:45:00+00:00,24915.05078125,25011.099609375,24897.5,25003.19921875,0
2024-09-10 04:45:00+00:00,24981.55078125,24981.55078125,24908.0,24915.55078125,0
2024-09-10 05:45:00+00:00,25023.0,25041.69921875,24974.400390625,24981.900390625,0
2024-09-10 06:45:00+00:00,25098.55078125,25106.69921875,25016.05078125,25024.30078125,0
2024-09-10 07:45:00+00:00,25114.0,25130.44921875,25089.0,25097.900390625,0
2024-09-10 08:45:00+00:00,25042.94921875,25122.0,25014.80078125,25113.900390625,0
2024-09-10 09:45:00+00:00,25052.099609375,25061.75,25037.900390625,25042.25,0
2024-09-11 03:45:00+00:00,25055.94921875,25073.400390625,24981.80078125,25033.75,0
2024-09-11 04:45:00+00:00,25086.05078125,25091.099609375,25031.599609375,25055.69921875,0
2024-09-11 05:45:00+00:00,25093.30078125,25109.0,25035.400390625,25086.25,0
2024-09-11 06:45:00+00:00,25059.55078125,25113.55078125,25045.349609375,25093.69921875,0
2024-09-11 07:45:00+00:00,24937.55078125,25068.099609375,24935.30078125,25059.55078125,0
2024-09-11 08:45:00+00:00,24900.650390625,24967.19921875,24885.55078125,24937.349609375,0
2024-09-11 09:45:00+00:00,24951.80078125,24951.80078125,24900.80078125,24901.349609375,0
2024-09-12 03:45:00+00:00,25017.19921875,25072.30078125,24982.400390625,25051.599609375,0
2024-09-12 04:45:00+00:00,25008.30078125,25031.150390625,24980.55078125,25019.05078125,0
2024-09-12 05:45:00+00:00,25011.19921875,25036.80078125,24942.44921875,25007.94921875,0
2024-09-12 06:45:00+00:00,24996.349609375,25019.69921875,24963.75,25010.30078125,0
2024-09-12 07:45:00+00:00,25204.69921875,25228.94921875,24977.099609375,24994.150390625,0
2024-09-12 08:45:00+00:00,25414.94921875,25428.5,25203.80078125,25204.55078125,0
2024-09-12 09:45:00+00:00,25314.94921875,25417.25,25310.25,25416.69921875,0
2024-09-13 03:45:00+00:00,25326.0,25413.150390625,25292.599609375,25410.650390625,0
2024-09-13 04:45:00+00:00,25382.349609375,25393.80078125,25325.30078125,25327.0,0
2024-09-13 05:45:00+00:00,25376.55078125,25384.599609375,25355.25,25381.900390625,0
2024-09-13 06:45:00+00:00,25385.150390625,25390.650390625,25368.44921875,25375.75,0
2024-09-13 07:45:00+00:00,25385.5,25392.05078125,25346.599609375,25384.55078125,0
2024-09-13 08:45:00+00:00,25354.44921875,25388.80078125,25331.80078125,25385.150390625,0
2024-09-13 09:45:00+00:00,25343.55078125,25366.80078125,25340.900390625,25354.44921875,0
2024-09-16 03:45:00+00:00,25409.30078125,25445.25,25372.44921875,25406.650390625,0
2024-09-16 04:45:00+00:00,25384.150390625,25420.05078125,25366.05078125,25409.349609375,0
2024-09-16 05:45:00+00:00,25353.25,25396.599609375,25345.80078125,25385.0,0
2024-09-16 06:45:00+00:00,25374.5,25381.599609375,25337.19921875,25353.150390625,0
2024-09-16 07:45:00+00:00,25405.099609375,25422.400390625,25372.349609375,25374.599609375,0
2024-09-16 08:45:00+00:00,25386.400390625,25406.849609375,25379.30078125,25405.349609375,0
2024-09-16 09:45:00+00:00,25377.19921875,25390.30078125,25375.5,25386.44921875,0
2024-09-17 03:45:00+00:00,25373.900390625,25409.099609375,25352.69921875,25409.099609375,0
2024-09-17 04:45:00+00:00,25401.400390625,25415.849609375,25368.099609375,25374.80078125,0
2024-09-17 05:45:00+00:00,25412.55078125,25432.5,25399.19921875,25405.69921875,0
2024-09-17 06:45:00+00:00,25425.69921875,25436.599609375,25404.05078125,25411.849609375,0
2024-09-17 07:45:00+00:00,25426.19921875,25441.30078125,25412.599609375,25424.80078125,0
2024-09-17 08:45:00+00:00,25418.44921875,25438.349609375,25408.44921875,25425.30078125,0
2024-09-17 09:45:00+00:00,25411.650390625,25421.55078125,25404.80078125,25418.80078125,0
2024-09-18 03:45:00+00:00,25413.900390625,25443.0,25381.650390625,25402.80078125,0
2024-09-18 04:45:00+00:00,25461.25,25478.349609375,25408.099609375,25413.80078125,0
2024-09-18 05:45:00+00:00,25462.69921875,25472.5,25447.349609375,25460.349609375,0
2024-09-18 06:45:00+00:00,25374.400390625,25481.650390625,25372.80078125,25461.55078125,0
2024-09-18 07:45:00+00:00,25343.05078125,25385.25,25285.650390625,25374.150390625,0
2024-09-18 08:45:00+00:00,25382.349609375,25409.099609375,25329.0,25343.30078125,0
2024-09-18 09:45:00+00:00,25343.44921875,25391.05078125,25342.349609375,25381.75,0
2024-09-19 03:45:00+00:00,25512.150390625,25611.099609375,25486.400390625,25487.05078125,0
2024-09-19 04:45:00+00:00,25506.05078125,25530.19921875,25478.0,25513.05078125,0
2024-09-19 05:45:00+00:00,25442.19921875,25509.94921875,25390.650390625,25505.80078125,0
2024-09-19 06:45:00+00:00,25396.400390625,25467.650390625,25395.849609375,25442.599609375,0
2024-09-19 07:45:00+00:00,25402.400390625,25426.55078125,25376.44921875,25395.849609375,0
2024-09-19 08:45:00+00:00,25424.94921875,25427.55078125,25388.599609375,25403.099609375,0
2024-09-19 09:45:00+00:00,25448.650390625,25453.69921875,25406.849609375,25426.25,0
2024-09-20 03:45:00+00:00,25553.55078125,25609.150390625,25426.80078125,25530.0,0
2024-09-20 04:45:00+00:00,25702.25,25715.75,25541.650390625,25554.25,0
2024-09-20 05:45:00+00:00,25710.099609375,25726.599609375,25666.19921875,25702.19921875,0
2024-09-20 06:45:00+00:00,25786.05078125,25804.05078125,25687.80078125,25710.400390625,0
2024-09-20 07:45:00+00:00,25674.900390625,25806.349609375,25487.349609375,25784.75,0
2024-09-20 08:45:00+00:00,25792.849609375,25803.5,25593.75,25676.30078125,0
2024-09-20 09:45:00+00:00,25820.349609375,25843.94921875,25783.0,25793.650390625,0
2024-09-23 03:45:00+00:00,25897.05078125,25924.94921875,25849.94921875,25870.650390625,0
2024-09-23 04:45:00+00:00,25880.75,25901.650390625,25859.650390625,25897.400390625,0
2024-09-23 05:45:00+00:00,25867.44921875,25886.150390625,25847.94921875,25881.44921875,0
2024-09-23 06:45:00+00:00,25884.099609375,25895.69921875,25857.099609375,25867.25,0
2024-09-23 07:45:00+00:00,25907.19921875,25913.599609375,25880.099609375,25880.94921875,0
2024-09-23 08:45:00+00:00,25938.75,25955.849609375,25906.099609375,25906.900390625,0
2024-09-23 09:45:00+00:00,25930.19921875,25947.099609375,25923.349609375,25940.849609375,0
2024-09-24 03:45:00+00:00,25956.150390625,25978.650390625,25887.849609375,25929.900390625,0
2024-09-24 04:45:00+00:00,25948.94921875,25981.44921875,25937.55078125,25956.30078125,0
2024-09-24 05:45:00+00:00,25921.55078125,25948.849609375,25905.75,25948.5,0
2024-09-24 06:45:00+00:00,25964.349609375,25966.75,25920.099609375,25921.400390625,0
2024-09-24 07:45:00+00:00,25973.400390625,25984.0,25951.099609375,25964.599609375,0
2024-09-24 08:45:00+00:00,25944.150390625,26010.19921875,25918.650390625,25973.30078125,0
2024-09-24 09:45:00+00:00,25951.900390625,25959.150390625,25939.80078125,25943.80078125,0
2024-09-25 03:45:00+00:00,25911.25,25952.900390625,25891.69921875,25907.25,0
2024-09-25 04:45:00+00:00,25914.94921875,25928.05078125,25900.900390625,25911.19921875,0
2024-09-25 05:45:00+00:00,25880.150390625,25930.900390625,25871.900390625,25915.0,0
2024-09-25 06:45:00+00:00,25884.599609375,25899.94921875,25875.349609375,25879.19921875,0
2024-09-25 07:45:00+00:00,25945.44921875,25950.44921875,25884.400390625,25884.5,0
2024-09-25 08:45:00+00:00,26017.55078125,26028.650390625,25923.0,25946.0,0
2024-09-25 09:45:00+00:00,26013.5,26031.80078125,26008.05078125,26017.30078125,0
2024-09-26 03:45:00+00:00,26063.55078125,26074.349609375,26003.150390625,26008.099609375,0
2024-09-26 04:45:00+00:00,26073.30078125,26087.349609375,26048.75,26062.55078125,0
2024-09-26 05:45:00+00:00,26095.599609375,26097.55078125,26055.0,26073.5,0
2024-09-26 06:45:00+00:00,26091.80078125,26111.25,26063.599609375,26095.30078125,0
2024-09-26 07:45:00+00:00,26087.19921875,26113.69921875,26034.650390625,26090.44921875,0
2024-09-26 08:45:00+00:00,26207.55078125,26249.849609375,26085.44921875,26087.05078125,0
2024-09-26 09:45:00+00:00,26184.650390625,26220.55078125,26174.099609375,26206.44921875,0
2024-09-27 03:45:00+00:00,26262.25,26270.30078125,26211.80078125,26241.349609375,0
2024-09-27 04:45:00+00:00,26241.0,26277.150390625,26214.0,26262.19921875,0
2024-09-27 05:45:00+00:00,26236.75,26243.599609375,26206.94921875,26241.44921875,0
2024-09-27 06:45:00+00:00,26189.849609375,26249.400390625,26179.900390625,26236.44921875,0
2024-09-27 07:45:00+00:00,26186.80078125,26230.849609375,26167.400390625,26189.80078125,0
2024-09-27 08:45:00+00:00,26195.150390625,26211.94921875,26152.44921875,26185.5,0
2024-09-27 09:45:00+00:00,26175.0,26197.0,26157.69921875,26194.099609375,0
2024-09-30 03:45:00+00:00,25982.55078125,26127.75,25962.55078125,26060.94921875,0
2024-09-30 04:45:00+00:00,25928.650390625,25995.150390625,25921.55078125,25983.25,0
2024-09-30 05:45:00+00:00,25895.150390625,25939.30078125,25882.30078125,25930.0,0
2024-09-30 06:45:00+00:00,25877.099609375,25909.099609375,25863.349609375,25894.80078125,0
2024-09-30 07:45:00+00:00,25829.150390625,25877.849609375,25824.94921875,25877.150390625,0
2024-09-30 08:45:00+00:00,25812.25,25854.900390625,25796.94921875,25827.55078125,0
2024-09-30 09:45:00+00:00,25822.80078125,25829.099609375,25794.349609375,25813.0,0
2024-10-01 03:45:00+00:00,25824.05078125,25907.44921875,25820.19921875,25821.349609375,0
2024-10-01 04:45:00+00:00,25745.75,25831.80078125,25739.30078125,25824.599609375,0
2024-10-01 05:45:00+00:00,25822.94921875,25837.849609375,25742.900390625,25745.44921875,0
2024-10-01 06:45:00+00:00,25793.849609375,25838.849609375,25755.099609375,25822.44921875,0
2024-10-01 07:45:00+00:00,25795.400390625,25822.599609375,25781.150390625,25792.75,0
2024-10-01 08:45:00+00:00,25788.05078125,25819.19921875,25754.599609375,25795.05078125,0
2024-10-01 09:45:00+00:00,25812.55078125,25816.349609375,25785.349609375,25788.400390625,0
2024-10-03 03:45:00+00:00,25528.900390625,25638.650390625,25502.80078125,25511.55078125,0
2024-10-03 04:45:00+00:00,25491.94921875,25545.0,25487.30078125,25529.349609375,0
2024-10-03 05:45:00+00:00,25391.19921875,25492.150390625,25383.30078125,25491.5,0
2024-10-03 06:45:00+00:00,25349.55078125,25414.30078125,25345.349609375,25391.400390625,0
2024-10-03 07:45:00+00:00,25276.55078125,25351.94921875,25232.599609375,25350.349609375,0
2024-10-03 08:45:00+00:00,25258.44921875,25277.80078125,25232.400390625,25275.650390625,0
2024-10-03 09:45:00+00:00,25266.0,25274.099609375,25245.849609375,25259.30078125,0
2024-10-04 03:45:00+00:00,25213.69921875,25293.599609375,25094.849609375,25203.44921875,0
2024-10-04 04:45:00+00:00,25332.599609375,25359.400390625,25175.44921875,25212.0,0
2024-10-04 05:45:00+00:00,25468.849609375,25471.0,25278.900390625,25332.0,0
2024-10-04 06:45:00+00:00,25114.400390625,25484.75,25078.25,25468.150390625,0
2024-10-04 07:45:00+00:00,25045.400390625,25122.44921875,25022.75,25112.69921875,0
2024-10-04 08:45:00+00:00,25020.94921875,25064.349609375,24966.849609375,25045.400390625,0
2024-10-04 09:45:00+00:00,25049.099609375,25049.650390625,25016.849609375,25021.44921875,0
2024-10-07 03:45:00+00:00,25058.80078125,25142.75,25019.349609375,25099.75,0
2024-10-07 04:45:00+00:00,24889.69921875,25079.75,24799.0,25059.44921875,0
2024-10-07 05:45:00+00:00,24925.44921875,25005.900390625,24880.55078125,24888.849609375,0
2024-10-07 06:45:00+00:00,24793.849609375,24960.05078125,24770.94921875,24924.75,0
2024-10-07 07:45:00+00:00,24763.099609375,24835.599609375,24694.849609375,24796.94921875,0
2024-10-07 08:45:00+00:00,24778.150390625,24923.19921875,24718.849609375,24761.55078125,0
2024-10-07 09:45:00+00:00,24819.0,24832.400390625,24775.19921875,24779.44921875,0
2024-10-08 03:45:00+00:00,24827.849609375,24900.69921875,24757.400390625,24861.80078125,0
2024-10-08 04:45:00+00:00,24937.900390625,24959.650390625,24805.650390625,24828.30078125,0
2024-10-08 05:45:00+00:00,24930.30078125,24988.900390625,24896.25,24938.94921875,0
2024-10-08 06:45:00+00:00,24975.150390625,24985.150390625,24885.94921875,24930.150390625,0
2024-10-08 07:45:00+00:00,25036.25,25042.099609375,24939.94921875,24974.55078125,0
2024-10-08 08:45:00+00:00,25010.94921875,25043.849609375,24925.099609375,25036.849609375,0
2024-10-08 09:45:00+00:00,25039.5,25042.30078125,25009.55078125,25010.69921875,0
2024-10-09 03:45:00+00:00,25171.0,25189.849609375,25033.150390625,25057.55078125,0
2024-10-09 04:45:00+00:00,25215.599609375,25221.349609375,25109.5,25170.5,0
2024-10-09 05:45:00+00:00,25117.75,25234.0,25096.44921875,25214.900390625,0
2024-10-09 06:45:00+00:00,25104.349609375,25159.75,25102.150390625,25118.94921875,0
2024-10-09 07:45:00+00:00,25109.55078125,25141.150390625,25062.30078125,25103.0,0
2024-10-09 08:45:00+00:00,24971.150390625,25109.900390625,24947.900390625,25108.94921875,0
2024-10-09 09:45:00+00:00,25019.55078125,25020.599609375,24971.0,24971.599609375,0
2024-10-10 03:45:00+00:00,25116.80078125,25129.80078125,24996.94921875,25067.05078125,0
2024-10-10 04:45:00+00:00,25023.19921875,25134.0,25022.400390625,25116.94921875,0
2024-10-10 05:45:00+00:00,25031.900390625,25050.599609375,24990.94921875,25025.05078125,0
2024-10-10 06:45:00+00:00,25035.5,25051.099609375,25005.75,25032.5,0
2024-10-10 07:45:00+00:00,25020.650390625,25053.80078125,25006.55078125,25035.400390625,0
2024-10-10 08:45:00+00:00,24998.75,25037.55078125,24982.400390625,25021.30078125,0
2024-10-10 09:45:00+00:00,25008.900390625,25019.599609375,24979.5,24998.55078125,0
2024-10-11 03:45:00+00:00,25022.25,25028.30078125,24934.599609375,24985.05078125,0
2024-10-11 04:45:00+00:00,24952.5,25024.349609375,24931.599609375,25022.30078125,0
2024-10-11 05:45:00+00:00,24945.55078125,24961.05078125,24920.599609375,24953.150390625,0
2024-10-11 06:45:00+00:00,24961.30078125,24969.099609375,24936.900390625,24945.44921875,0
2024-10-11 07:45:00+00:00,24953.349609375,24979.900390625,24949.30078125,24961.400390625,0
2024-10-11 08:45:00+00:00,24962.75,24975.44921875,24942.349609375,24952.849609375,0
2024-10-11 09:45:00+00:00,24975.05078125,24979.30078125,24958.25,24961.69921875,0
2024-10-14 03:45:00+00:00,25100.150390625,25131.80078125,25020.75,25027.650390625,0
2024-10-14 04:45:00+00:00,25101.5,25118.400390625,25073.849609375,25100.400390625,0
2024-10-14 05:45:00+00:00,25154.599609375,25159.599609375,25100.349609375,25102.349609375,0
2024-10-14 06:45:00+00:00,25105.44921875,25157.599609375,25102.25,25154.849609375,0
2024-10-14 07:45:00+00:00,25133.5,25141.19921875,25097.400390625,25105.599609375,0
2024-10-14 08:45:00+00:00,25123.19921875,25146.30078125,25110.099609375,25133.5,0
2024-10-14 09:45:00+00:00,25142.30078125,25148.099609375,25120.55078125,25122.650390625,0
2024-10-15 03:45:00+00:00,25055.30078125,25208.94921875,25042.19921875,25189.25,0
2024-10-15 04:45:00+00:00,25072.5,25097.650390625,25014.400390625,25055.650390625,0
2024-10-15 05:45:00+00:00,25072.150390625,25089.94921875,25037.599609375,25072.650390625,0
2024-10-15 06:45:00+00:00,25025.349609375,25077.5,25008.849609375,25072.19921875,0
2024-10-15 07:45:00+00:00,25046.900390625,25072.19921875,25022.599609375,25025.30078125,0
2024-10-15 08:45:00+00:00,25052.650390625,25069.69921875,25022.150390625,25046.099609375,0
2024-10-15 09:45:00+00:00,25065.150390625,25079.099609375,25050.650390625,25052.849609375,0
2024-10-16 03:45:00+00:00,25059.5,25093.25,24996.599609375,25021.75,0
2024-10-16 04:45:00+00:00,25015.099609375,25073.849609375,25009.150390625,25059.900390625,0
2024-10-16 05:45:00+00:00,24948.05078125,25016.5,24908.94921875,25014.19921875,0
2024-10-16 06:45:00+00:00,24983.349609375,24986.30078125,24934.0,24947.44921875,0
2024-10-16 07:45:00+00:00,25014.099609375,25024.05078125,24962.05078125,24983.900390625,0
2024-10-16 08:45:00+00:00,24968.19921875,25059.849609375,24964.849609375,25013.150390625,0
2024-10-16 09:45:00+00:00,24959.900390625,24968.69921875,24951.0,24967.69921875,0
2024-10-17 03:45:00+00:00,24831.94921875,25024.0,24802.44921875,25024.0,0
2024-10-17 04:45:00+00:00,24790.94921875,24860.650390625,24790.69921875,24832.099609375,0
2024-10-17 05:45:00+00:00,24778.44921875,24813.900390625,24769.94921875,24791.55078125,0
2024-10-17 06:45:00+00:00,24786.75,24798.5,24763.75,24779.69921875,0
2024-10-17 07:45:00+00:00,24741.900390625,24790.94921875,24737.150390625,24786.44921875,0
2024-10-17 08:45:00+00:00,24759.349609375,24770.05078125,24730.0,24741.349609375,0
2024-10-17 09:45:00+00:00,24750.19921875,24766.5,24737.349609375,24760.099609375,0
2024-10-18 03:45:00+00:00,24671.19921875,24705.30078125,24568.30078125,24691.349609375,0
2024-10-18 04:45:00+00:00,24719.349609375,24753.44921875,24660.25,24671.44921875,0
2024-10-18 05:45:00+00:00,24785.5,24815.75,24689.69921875,24719.599609375,0
2024-10-18 06:45:00+00:00,24820.900390625,24868.80078125,24784.25,24785.849609375,0
2024-10-18 07:45:00+00:00,24871.0,24885.349609375,24818.55078125,24819.80078125,0
2024-10-18 08:45:00+00:00,24842.849609375,24885.849609375,24833.55078125,24871.099609375,0
2024-10-18 09:45:00+00:00,24862.650390625,24876.400390625,24837.94921875,24842.349609375,0
2024-10-21 03:45:00+00:00,24804.05078125,24976.400390625,24679.69921875,24958.0,0
2024-10-21 04:45:00+00:00,24808.599609375,24843.349609375,24779.900390625,24806.099609375,0
2024-10-21 05:45:00+00:00,24720.94921875,24814.599609375,24720.80078125,24808.650390625,0
2024-10-21 06:45:00+00:00,24751.69921875,24762.25,24710.94921875,24720.349609375,0
2024-10-21 07:45:00+00:00,24819.69921875,24878.900390625,24751.30078125,24751.400390625,0
2024-10-21 08:45:00+00:00,24791.25,24870.0,24768.55078125,24820.30078125,0
2024-10-21 09:45:00+00:00,24739.44921875,24791.80078125,24736.05078125,24790.900390625,0
2024-10-22 03:45:00+00:00,24757.849609375,24881.75,24751.0,24791.599609375,0
2024-10-22 04:45:00+00:00,24729.69921875,24769.5,24637.0,24757.05078125,0
2024-10-22 05:45:00+00:00,24653.69921875,24734.349609375,24627.69921875,24729.19921875,0
2024-10-22 06:45:00+00:00,24621.599609375,24702.0,24588.599609375,24653.69921875,0
2024-10-22 07:45:00+00:00,24632.55078125,24632.75,24570.400390625,24621.900390625,0
2024-10-22 08:45:00+00:00,24449.349609375,24633.44921875,24446.55078125,24633.0,0
2024-10-22 09:45:00+00:00,24481.75,24486.599609375,24447.849609375,24448.099609375,0
2024-10-23 03:45:00+00:00,24516.30078125,24538.849609375,24398.5,24410.650390625,0
2024-10-23 04:45:00+00:00,24557.75,24596.80078125,24455.0,24517.30078125,0
2024-10-23 05:45:00+00:00,24539.349609375,24603.94921875,24529.19921875,24557.25,0
2024-10-23 06:45:00+00:00,24547.19921875,24584.099609375,24502.80078125,24539.80078125,0
2024-10-23 07:45:00+00:00,24485.400390625,24566.849609375,24481.75,24547.349609375,0
2024-10-23 08:45:00+00:00,24427.19921875,24488.650390625,24422.400390625,24487.05078125,0
2024-10-23 09:45:00+00:00,24436.0,24441.0,24417.099609375,24426.80078125,0
2024-10-24 03:45:00+00:00,24446.0,24478.900390625,24342.099609375,24412.69921875,0
2024-10-24 04:45:00+00:00,24398.400390625,24451.650390625,24394.80078125,24445.69921875,0
2024-10-24 05:45:00+00:00,24402.400390625,24421.19921875,24392.44921875,24398.0,0
2024-10-24 06:45:00+00:00,24395.80078125,24417.650390625,24391.849609375,24402.80078125,0
2024-10-24 07:45:00+00:00,24386.25,24406.75,24381.849609375,24395.25,0
2024-10-24 08:45:00+00:00,24398.55078125,24419.05078125,24367.80078125,24386.30078125,0
2024-10-24 09:45:00+00:00,24412.849609375,24417.650390625,24395.80078125,24398.599609375,0
2024-10-25 03:45:00+00:00,24237.75,24440.0,24234.400390625,24418.05078125,0
2024-10-25 04:45:00+00:00,24169.0,24268.69921875,24113.30078125,24238.849609375,0
2024-10-25 05:45:00+00:00,24136.05078125,24213.75,24123.80078125,24170.0,0
2024-10-25 06:45:00+00:00,24126.25,24148.25,24094.55078125,24137.75,0
2024-10-25 07:45:00+00:00,24101.599609375,24134.19921875,24093.30078125,24126.55078125,0
2024-10-25 08:45:00+00:00,24172.30078125,24179.400390625,24073.94921875,24101.599609375,0
2024-10-25 09:45:00+00:00,24210.849609375,24225.55078125,24171.400390625,24172.400390625,0
2024-10-28 03:45:00+00:00,24291.80078125,24300.099609375,24135.30078125,24275.349609375,0
2024-10-28 04:45:00+00:00,24399.349609375,24439.55078125,24292.400390625,24292.650390625,0
2024-10-28 05:45:00+00:00,24452.19921875,24454.099609375,24389.75,24399.599609375,0
2024-10-28 06:45:00+00:00,24421.55078125,24492.599609375,24396.0,24480.94921875,0
2024-10-28 07:45:00+00:00,24382.400390625,24459.30078125,24367.400390625,24423.55078125,0
2024-10-28 08:45:00+00:00,24343.900390625,24423.44921875,24305.75,24381.900390625,0
2024-10-28 09:45:00+00:00,24367.69921875,24368.75,24330.400390625,24344.400390625,0
2024-10-29 03:45:00+00:00,24225.150390625,24370.19921875,24158.69921875,24349.80078125,0
2024-10-29 04:45:00+00:00,24192.150390625,24242.5,24140.94921875,24226.099609375,0
2024-10-29 05:45:00+00:00,24293.75,24294.55078125,24177.94921875,24194.400390625,0
2024-10-29 06:45:00+00:00,24323.30078125,24346.80078125,24270.75,24293.599609375,0
2024-10-29 07:45:00+00:00,24417.5,24418.150390625,24269.099609375,24325.400390625,0
2024-10-29 08:45:00+00:00,24474.25,24484.099609375,24389.650390625,24417.0,0
2024-10-29 09:45:00+00:00,24454.0,24476.30078125,24451.849609375,24473.94921875,0
2024-10-30 03:45:00+00:00,24418.599609375,24429.349609375,24340.44921875,24371.44921875,0
2024-10-30 04:45:00+00:00,24437.400390625,24448.650390625,24380.599609375,24418.25,0
2024-10-30 05:45:00+00:00,24439.44921875,24466.849609375,24414.400390625,24437.150390625,0
2024-10-30 06:45:00+00:00,24428.0,24498.150390625,24415.44921875,24439.5,0
2024-10-30 07:45:00+00:00,24324.55078125,24430.75,24321.599609375,24429.099609375,0
2024-10-30 08:45:00+00:00,24335.0,24369.150390625,24309.400390625,24309.400390625,0
2024-10-30 09:45:00+00:00,24349.25,24359.150390625,24328.0,24334.19921875,0
2024-10-31 03:45:00+00:00,24274.05078125,24358.05078125,24234.94921875,24350.0,0
2024-10-31 04:45:00+00:00,24253.150390625,24274.69921875,24235.19921875,24274.69921875,0
2024-10-31 05:45:00+00:00,24236.80078125,24264.05078125,24232.25,24252.650390625,0
2024-10-31 06:45:00+00:00,24214.349609375,24237.0,24191.650390625,24236.599609375,0
2024-10-31 07:45:00+00:00,24187.099609375,24235.19921875,24181.900390625,24214.55078125,0
2024-10-31 08:45:00+00:00,24210.69921875,24225.25,24173.75,24186.5,0
2024-10-31 09:45:00+00:00,24238.5,24241.75,24189.5,24208.94921875,0
2024-11-04 03:45:00+00:00,23972.30078125,24300.19921875,23949.75,24300.19921875,0
2024-11-04 04:45:00+00:00,23847.25,23996.150390625,23824.599609375,23971.94921875,0
2024-11-04 05:45:00+00:00,23923.650390625,23951.0,23816.599609375,23846.900390625,0
2024-11-04 06:45:00+00:00,23905.69921875,23940.30078125,23854.900390625,23920.099609375,0
2024-11-04 07:45:00+00:00,23936.599609375,23945.400390625,23866.44921875,23905.599609375,0
2024-11-04 08:45:00+00:00,23997.099609375,24008.849609375,23918.80078125,23935.05078125,0
2024-11-04 09:45:00+00:00,23990.94921875,24011.44921875,23980.80078125,23997.25,0
2024-11-05 03:45:00+00:00,23969.69921875,24026.099609375,23909.19921875,23916.5,0
2024-11-05 04:45:00+00:00,23982.55078125,24036.30078125,23938.849609375,23969.94921875,0
2024-11-05 05:45:00+00:00,23874.55078125,23992.849609375,23843.099609375,23981.94921875,0
2024-11-05 06:45:00+00:00,23915.69921875,23951.30078125,23848.44921875,23874.5,0
2024-11-05 07:45:00+00:00,24163.55078125,24170.30078125,23897.25,23915.05078125,0
2024-11-05 08:45:00+00:00,24207.150390625,24228.94921875,24157.75,24164.099609375,0
2024-11-05 09:45:00+00:00,24199.05078125,24220.19921875,24189.30078125,24207.69921875,0
2024-11-06 03:45:00+00:00,24379.25,24414.900390625,24206.30078125,24311.05078125,0
2024-11-06 04:45:00+00:00,24369.05078125,24390.55078125,24283.30078125,24379.900390625,0
2024-11-06 05:45:00+00:00,24423.25,24442.599609375,24353.44921875,24367.0,0
2024-11-06 06:45:00+00:00,24457.25,24466.900390625,24399.099609375,24422.44921875,0
2024-11-06 07:45:00+00:00,24484.69921875,24494.400390625,24436.349609375,24456.650390625,0
2024-11-06 08:45:00+00:00,24471.650390625,24536.94921875,24447.650390625,24484.150390625,0
2024-11-06 09:45:00+00:00,24493.900390625,24500.25,24470.900390625,24470.94921875,0
2024-11-07 03:45:00+00:00,24221.400390625,24502.400390625,24202.599609375,24489.599609375,0
2024-11-07 04:45:00+00:00,24233.349609375,24260.349609375,24182.099609375,24221.75,0
2024-11-07 05:45:00+00:00,24197.349609375,24233.19921875,24183.30078125,24233.19921875,0
2024-11-07 06:45:00+00:00,24219.94921875,24239.05078125,24193.19921875,24198.849609375,0
2024-11-07 07:45:00+00:00,24216.0,24222.44921875,24180.05078125,24220.849609375,0
2024-11-07 08:45:00+00:00,24198.55078125,24217.849609375,24180.400390625,24215.400390625,0
2024-11-07 09:45:00+00:00,24190.599609375,24211.650390625,24189.75,24198.75,0
2024-11-08 03:45:00+00:00,24201.80078125,24275.19921875,24067.44921875,24220.44921875,0
2024-11-08 04:45:00+00:00,24168.94921875,24215.69921875,24152.19921875,24202.349609375,0
2024-11-08 05:45:00+00:00,24119.44921875,24173.75,24105.75,24169.0,0
2024-11-08 06:45:00+00:00,24169.099609375,24172.19921875,24114.94921875,24118.599609375,0
2024-11-08 07:45:00+00:00,24136.75,24183.650390625,24130.650390625,24169.349609375,0
2024-11-08 08:45:00+00:00,24156.05078125,24172.30078125,24125.0,24136.599609375,0
2024-11-08 09:45:00+00:00,24110.349609375,24160.05078125,24104.69921875,24156.05078125,0
2024-11-11 03:45:00+00:00,24123.150390625,24178.5,24005.5,24091.900390625,0
2024-11-11 04:45:00+00:00,24309.650390625,24312.05078125,24111.80078125,24122.94921875,0
2024-11-11 05:45:00+00:00,24253.599609375,24336.55078125,24235.0,24309.349609375,0
2024-11-11 06:45:00+00:00,24222.599609375,24262.150390625,24202.150390625,24253.69921875,0
2024-11-11 07:45:00+00:00,24107.5,24229.19921875,24107.150390625,24223.150390625,0
2024-11-11 08:45:00+00:00,24158.30078125,24204.0,24080.599609375,24107.44921875,0
2024-11-11 09:45:00+00:00,24122.099609375,24162.80078125,24118.0,24160.94921875,0
2024-11-12 03:45:00+00:00,24164.349609375,24239.400390625,24120.55078125,24227.400390625,0
2024-11-12 04:45:00+00:00,24140.5,24200.94921875,24104.55078125,24164.599609375,0
2024-11-12 05:45:00+00:00,24110.900390625,24160.94921875,24100.400390625,24139.900390625,0
2024-11-12 06:45:00+00:00,23993.900390625,24129.150390625,23981.69921875,24110.400390625,0
2024-11-12 07:45:00+00:00,23944.05078125,23994.05078125,23912.69921875,23994.0,0
2024-11-12 08:45:00+00:00,23870.80078125,23992.55078125,23866.75,23943.150390625,0
2024-11-12 09:45:00+00:00,23842.94921875,23883.94921875,23839.599609375,23870.650390625,0
2024-11-13 03:45:00+00:00,23694.55078125,23873.150390625,23690.349609375,23827.599609375,0
2024-11-13 04:45:00+00:00,23710.30078125,23782.25,23679.55078125,23695.349609375,0
2024-11-13 05:45:00+00:00,23684.19921875,23727.80078125,23680.25,23709.900390625,0
2024-11-13 06:45:00+00:00,23673.55078125,23717.55078125,23633.19921875,23684.900390625,0
2024-11-13 07:45:00+00:00,23656.150390625,23722.30078125,23636.099609375,23674.44921875,0
2024-11-13 08:45:00+00:00,23543.80078125,23658.900390625,23509.849609375,23656.650390625,0
2024-11-13 09:45:00+00:00,23602.900390625,23618.849609375,23544.94921875,23544.94921875,0
2024-11-14 03:45:00+00:00,23616.900390625,23675.599609375,23502.55078125,23575.099609375,0
2024-11-14 04:45:00+00:00,23506.44921875,23621.650390625,23503.69921875,23617.75,0
2024-11-14 05:45:00+00:00,23562.900390625,23568.650390625,23491.25,23493.900390625,0
2024-11-14 06:45:00+00:00,23549.94921875,23563.849609375,23513.150390625,23562.69921875,0
2024-11-14 07:45:00+00:00,23548.650390625,23570.80078125,23516.099609375,23550.30078125,0
2024-11-14 08:45:00+00:00,23540.150390625,23550.55078125,23484.400390625,23548.75,0
2024-11-14 09:45:00+00:00,23559.599609375,23562.650390625,23534.150390625,23541.30078125,0
2024-11-18 03:45:00+00:00,23451.69921875,23605.30078125,23363.05078125,23605.30078125,0
2024-11-18 04:45:00+00:00,23380.900390625,23460.599609375,23350.650390625,23450.0,0
2024-11-18 05:45:00+00:00,23477.69921875,23485.05078125,23379.400390625,23380.650390625,0
2024-11-18 06:45:00+00:00,23490.19921875,23565.25,23463.099609375,23477.55078125,0
2024-11-18 07:45:00+00:00,23484.650390625,23505.30078125,23443.75,23492.150390625,0
2024-11-18 08:45:00+00:00,23453.75,23486.19921875,23412.55078125,23484.69921875,0
2024-11-18 09:45:00+00:00,23462.69921875,23474.849609375,23447.94921875,23453.55078125,0
2024-11-19 03:45:00+00:00,23691.849609375,23709.150390625,23523.650390625,23538.19921875,0
2024-11-19 04:45:00+00:00,23736.25,23749.25,23682.44921875,23691.900390625,0
2024-11-19 05:45:00+00:00,23749.349609375,23780.25,23725.75,23736.75,0
2024-11-19 06:45:00+00:00,23760.0,23765.44921875,23724.19921875,23749.400390625,0
2024-11-19 07:45:00+00:00,23707.349609375,23771.69921875,23701.849609375,23761.0,0
2024-11-19 08:45:00+00:00,23492.55078125,23727.0,23487.099609375,23707.19921875,0
2024-11-19 09:45:00+00:00,23468.69921875,23518.30078125,23466.650390625,23492.650390625,0
2024-11-21 03:45:00+00:00,23308.75,23493.19921875,23264.150390625,23488.44921875,0
2024-11-21 04:45:00+00:00,23335.55078125,23350.599609375,23296.349609375,23308.400390625,0
2024-11-21 05:45:00+00:00,23350.75,23369.099609375,23327.599609375,23335.55078125,0
2024-11-21 06:45:00+00:00,23341.30078125,23356.80078125,23307.19921875,23350.94921875,0
2024-11-21 07:45:00+00:00,23337.400390625,23360.400390625,23333.400390625,23340.44921875,0
2024-11-21 08:45:00+00:00,23355.75,23366.75,23319.150390625,23337.400390625,0
2024-11-21 09:45:00+00:00,23346.75,23367.5,23339.75,23354.94921875,0
2024-11-22 03:45:00+00:00,23575.5,23608.849609375,23361.849609375,23419.80078125,0
2024-11-22 04:45:00+00:00,23537.5,23589.25,23447.150390625,23576.150390625,0
2024-11-22 05:45:00+00:00,23635.099609375,23657.0,23497.400390625,23535.69921875,0
2024-11-22 06:45:00+00:00,23701.19921875,23722.69921875,23607.75,23633.80078125,0
2024-11-22 07:45:00+00:00,23844.94921875,23870.5,23661.75,23700.05078125,0
2024-11-22 08:45:00+00:00,23920.099609375,23955.25,23800.75,23844.80078125,0
2024-11-22 09:45:00+00:00,23873.5,23919.55078125,23854.900390625,23919.55078125,0
2024-11-25 03:45:00+00:00,24261.75,24330.05078125,24220.900390625,24248.80078125,0
2024-11-25 04:45:00+00:00,24334.94921875,24347.25,24259.0,24261.44921875,0
2024-11-25 05:45:00+00:00,24303.69921875,24351.400390625,24262.80078125,24335.150390625,0
2024-11-25 06:45:00+00:00,24179.650390625,24308.19921875,24136.150390625,24303.25,0
2024-11-25 07:45:00+00:00,24203.5,24225.5,24161.599609375,24180.19921875,0
2024-11-25 08:45:00+00:00,24222.25,24267.80078125,24170.55078125,24203.69921875,0
2024-11-25 09:45:00+00:00,24250.80078125,24260.900390625,24218.5,24221.900390625,0
2024-11-26 03:45:00+00:00,24236.44921875,24336.650390625,24207.150390625,24316.599609375,0
2024-11-26 04:45:00+00:00,24211.099609375,24238.80078125,24160.44921875,24235.400390625,0
2024-11-26 05:45:00+00:00,24187.400390625,24236.80078125,24174.05078125,24211.349609375,0
2024-11-26 06:45:00+00:00,24161.349609375,24191.650390625,24138.650390625,24187.80078125,0
2024-11-26 07:45:00+00:00,24183.19921875,24203.150390625,24126.75,24162.150390625,0
2024-11-26 08:45:00+00:00,24203.849609375,24240.099609375,24174.44921875,24183.150390625,0
2024-11-26 09:45:00+00:00,24192.94921875,24204.900390625,24183.25,24203.650390625,0
2024-11-27 03:45:00+00:00,24202.75,24235.400390625,24145.75,24235.400390625,0
2024-11-27 04:45:00+00:00,24195.150390625,24209.25,24171.25,24202.349609375,0
2024-11-27 05:45:00+00:00,24197.849609375,24218.849609375,24161.69921875,24194.69921875,0
2024-11-27 06:45:00+00:00,24321.44921875,24327.25,24197.80078125,24197.80078125,0
2024-11-27 07:45:00+00:00,24287.849609375,24353.94921875,24285.599609375,24321.400390625,0
2024-11-27 08:45:00+00:00,24274.099609375,24310.5,24257.599609375,24286.5,0
2024-11-27 09:45:00+00:00,24277.349609375,24281.55078125,24267.099609375,24273.19921875,0
2024-11-28 03:45:00+00:00,24327.80078125,24345.69921875,24256.25,24278.75,0
2024-11-28 04:45:00+00:00,24087.900390625,24333.650390625,24055.150390625,24328.30078125,0
2024-11-28 05:45:00+00:00,24079.75,24125.19921875,24039.05078125,24088.400390625,0
2024-11-28 06:45:00+00:00,23979.349609375,24096.150390625,23970.25,24078.55078125,0
2024-11-28 07:45:00+00:00,23958.900390625,24074.849609375,23874.400390625,23979.19921875,0
2024-11-28 08:45:00+00:00,23915.599609375,24009.349609375,23884.19921875,23962.150390625,0
2024-11-28 09:45:00+00:00,23957.44921875,23959.44921875,23913.400390625,23915.349609375,0
2024-11-29 03:45:00+00:00,23969.0,24071.55078125,23947.349609375,23951.30078125,0
2024-11-29 04:45:00+00:00,24120.900390625,24144.30078125,23962.849609375,23970.099609375,0
2024-11-29 05:45:00+00:00,24120.19921875,24143.05078125,24074.349609375,24120.599609375,0
2024-11-29 06:45:00+00:00,24118.30078125,24131.94921875,24089.400390625,24120.25,0
2024-11-29 07:45:00+00:00,24107.5,24156.849609375,24105.150390625,24119.19921875,0
2024-11-29 08:45:00+00:00,24127.25,24188.400390625,24096.25,24107.55078125,0
2024-11-29 09:45:00+00:00,24123.650390625,24144.80078125,24111.94921875,24127.30078125,0
2024-12-02 03:45:00+00:00,24118.349609375,24149.55078125,24008.80078125,24149.55078125,0
2024-12-02 04:45:00+00:00,24130.80078125,24181.80078125,24098.19921875,24117.69921875,0
2024-12-02 05:45:00+00:00,24140.599609375,24169.599609375,24122.900390625,24130.5,0
2024-12-02 06:45:00+00:00,24162.19921875,24189.55078125,24138.30078125,24140.80078125,0
2024-12-02 07:45:00+00:00,24249.0,24261.900390625,24139.650390625,24162.05078125,0
2024-12-02 08:45:00+00:00,24275.55078125,24301.55078125,24246.099609375,24248.849609375,0
2024-12-02 09:45:00+00:00,24275.25,24280.099609375,24259.0,24274.650390625,0
2024-12-03 03:45:00+00:00,24336.94921875,24377.349609375,24280.55078125,24370.80078125,0
2024-12-03 04:45:00+00:00,24416.75,24425.44921875,24335.30078125,24336.80078125,0
2024-12-03 05:45:00+00:00,24419.75,24445.55078125,24400.44921875,24416.94921875,0
2024-12-03 06:45:00+00:00,24412.150390625,24442.150390625,24382.650390625,24418.94921875,0
2024-12-03 07:45:00+00:00,24461.75,24474.69921875,24401.099609375,24412.650390625,0
2024-12-03 08:45:00+00:00,24461.349609375,24481.150390625,24439.849609375,24462.150390625,0
2024-12-03 09:45:00+00:00,24445.849609375,24466.099609375,24432.75,24462.44921875,0
2024-12-04 03:45:00+00:00,24542.849609375,24572.55078125,24451.150390625,24494.900390625,0
2024-12-04 04:45:00+00:00,24529.55078125,24556.19921875,24508.75,24542.44921875,0
2024-12-04 05:45:00+00:00,24449.69921875,24552.900390625,24368.19921875,24529.44921875,0
2024-12-04 06:45:00+00:00,24481.19921875,24497.5,24432.099609375,24450.0,0
2024-12-04 07:45:00+00:00,24532.400390625,24541.849609375,24462.05078125,24482.849609375,0
2024-12-04 08:45:00+00:00,24467.94921875,24536.30078125,24417.25,24532.599609375,0
2024-12-04 09:45:00+00:00,24461.55078125,24482.400390625,24456.44921875,24467.900390625,0
2024-12-05 03:45:00+00:00,24400.099609375,24531.80078125,24396.849609375,24520.94921875,0
2024-12-05 04:45:00+00:00,24368.05078125,24441.75,24296.099609375,24400.349609375,0
2024-12-05 05:45:00+00:00,24589.900390625,24604.69921875,24330.099609375,24367.599609375,0
2024-12-05 06:45:00+00:00,24631.099609375,24647.94921875,24560.75,24589.69921875,0
2024-12-05 07:45:00+00:00,24736.80078125,24762.150390625,24570.75,24633.849609375,0
2024-12-05 08:45:00+00:00,24751.0,24856.80078125,24495.05078125,24736.55078125,0
2024-12-05 09:45:00+00:00,24701.55078125,24759.900390625,24694.30078125,24749.900390625,0
2024-12-06 03:45:00+00:00,24650.849609375,24750.599609375,24625.94921875,24732.44921875,0
2024-12-06 04:45:00+00:00,24707.349609375,24748.0,24620.650390625,24650.0,0
2024-12-06 05:45:00+00:00,24701.900390625,24716.55078125,24667.94921875,24708.5,0
2024-12-06 06:45:00+00:00,24708.05078125,24722.94921875,24681.69921875,24701.599609375,0
2024-12-06 07:45:00+00:00,24692.849609375,24715.150390625,24669.30078125,24707.650390625,0
2024-12-06 08:45:00+00:00,24685.900390625,24699.05078125,24658.25,24691.900390625,0
2024-12-06 09:45:00+00:00,24669.0,24692.599609375,24661.55078125,24686.5,0
2024-12-09 03:45:00+00:00,24584.94921875,24704.849609375,24584.94921875,24627.80078125,0
2024-12-09 04:45:00+00:00,24636.05078125,24646.05078125,24580.19921875,24585.94921875,0
2024-12-09 05:45:00+00:00,24659.19921875,24689.400390625,24630.25,24635.650390625,0
2024-12-09 06:45:00+00:00,24650.44921875,24670.55078125,24618.44921875,24659.099609375,0
2024-12-09 07:45:00+00:00,24615.5,24663.0,24606.099609375,24650.80078125,0
2024-12-09 08:45:00+00:00,24609.349609375,24645.25,24595.099609375,24615.69921875,0
2024-12-09 09:45:00+00:00,24626.599609375,24635.25,24607.80078125,24609.599609375,0
2024-12-10 03:45:00+00:00,24656.69921875,24677.75,24593.599609375,24645.0,0
2024-12-10 04:45:00+00:00,24651.400390625,24665.650390625,24614.5,24656.349609375,0
2024-12-10 05:45:00+00:00,24620.80078125,24658.599609375,24618.849609375,24651.599609375,0
2024-12-10 06:45:00+00:00,24551.05078125,24621.0,24535.150390625,24620.900390625,0
2024-12-10 07:45:00+00:00,24540.44921875,24569.94921875,24511.849609375,24551.5,0
2024-12-10 08:45:00+00:00,24612.0,24622.05078125,24524.80078125,24541.25,0
2024-12-10 09:45:00+00:00,24620.5,24628.69921875,24606.5,24612.44921875,0
2024-12-11 03:45:00+00:00,24629.150390625,24647.75,24583.849609375,24630.80078125,0
2024-12-11 04:45:00+00:00,24653.05078125,24676.44921875,24600.849609375,24629.349609375,0
2024-12-11 05:45:00+00:00,24661.75,24691.650390625,24645.80078125,24653.400390625,0
2024-12-11 06:45:00+00:00,24655.849609375,24672.150390625,24626.099609375,24661.25,0
2024-12-11 07:45:00+00:00,24652.0,24667.0,24643.5,24655.849609375,0
2024-12-11 08:45:00+00:00,24650.599609375,24657.94921875,24615.55078125,24652.19921875,0
2024-12-11 09:45:00+00:00,24629.5,24651.349609375,24622.55078125,24649.25,0
2024-12-12 03:45:00+00:00,24618.849609375,24675.150390625,24613.94921875,24620.900390625,0
2024-12-12 04:45:00+00:00,24603.44921875,24628.150390625,24586.30078125,24619.099609375,0
2024-12-12 05:45:00+00:00,24562.349609375,24611.19921875,24555.849609375,24604.94921875,0
2024-12-12 06:45:00+00:00,24567.80078125,24583.650390625,24551.75,24562.400390625,0
2024-12-12 07:45:00+00:00,24563.19921875,24579.849609375,24543.400390625,24569.400390625,0
2024-12-12 08:45:00+00:00,24549.900390625,24577.05078125,24528.5,24563.849609375,0
2024-12-12 09:45:00+00:00,24539.5,24561.30078125,24534.599609375,24550.849609375,0
2024-12-13 03:45:00+00:00,24353.099609375,24520.099609375,24344.150390625,24501.19921875,0
2024-12-13 04:45:00+00:00,24278.94921875,24353.150390625,24182.150390625,24353.05078125,0
2024-12-13 05:45:00+00:00,24560.44921875,24597.25,24266.849609375,24279.44921875,0
2024-12-13 06:45:00+00:00,24640.150390625,24687.599609375,24497.900390625,24560.94921875,0
2024-12-13 07:45:00+00:00,24727.75,24757.150390625,24574.80078125,24642.650390625,0
2024-12-13 08:45:00+00:00,24771.44921875,24789.900390625,24705.849609375,24727.349609375,0
2024-12-13 09:45:00+00:00,24781.30078125,24791.44921875,24761.05078125,24772.150390625,0
2024-12-16 03:45:00+00:00,24725.650390625,24770.5,24681.5,24757.55078125,0
2024-12-16 04:45:00+00:00,24627.5,24726.5,24621.650390625,24725.80078125,0
2024-12-16 05:45:00+00:00,24606.44921875,24666.75,24604.099609375,24628.05078125,0
2024-12-16 06:45:00+00:00,24663.19921875,24668.55078125,24602.0,24606.849609375,0
2024-12-16 07:45:00+00:00,24660.5,24686.599609375,24634.69921875,24663.25,0
2024-12-16 08:45:00+00:00,24664.650390625,24698.099609375,24647.05078125,24660.69921875,0
2024-12-16 09:45:00+00:00,24648.25,24671.44921875,24647.5,24665.349609375,0
2024-12-17 03:45:00+00:00,24519.75,24624.0,24502.0,24598.05078125,0
2024-12-17 04:45:00+00:00,24467.849609375,24521.19921875,24384.19921875,24518.5,0
2024-12-17 05:45:00+00:00,24379.25,24488.099609375,24366.599609375,24468.05078125,0
2024-12-17 06:45:00+00:00,24370.599609375,24460.05078125,24359.80078125,24379.69921875,0
2024-12-17 07:45:00+00:00,24336.30078125,24388.30078125,24324.25,24369.400390625,0
2024-12-17 08:45:00+00:00,24334.400390625,24362.44921875,24303.69921875,24336.900390625,0
2024-12-17 09:45:00+00:00,24319.349609375,24343.44921875,24316.400390625,24335.25,0
2024-12-18 03:45:00+00:00,24237.5,24394.400390625,24232.0,24299.150390625,0
2024-12-18 04:45:00+00:00,24216.599609375,24313.55078125,24206.400390625,24236.75,0
2024-12-18 05:45:00+00:00,24222.05078125,24267.25,24206.650390625,24217.349609375,0
2024-12-18 06:45:00+00:00,24221.400390625,24252.349609375,24150.5,24221.19921875,0
2024-12-18 07:45:00+00:00,24196.650390625,24235.650390625,24168.05078125,24221.5,0
2024-12-18 08:45:00+00:00,24189.30078125,24210.80078125,24166.69921875,24196.349609375,0
2024-12-18 09:45:00+00:00,24214.69921875,24215.30078125,24188.349609375,24189.0,0
2024-12-19 03:45:00+00:00,23928.75,24003.599609375,23877.150390625,23877.150390625,0
2024-12-19 04:45:00+00:00,23941.69921875,23969.5,23917.400390625,23929.75,0
2024-12-19 05:45:00+00:00,23988.55078125,24004.69921875,23941.5,23942.25,0
2024-12-19 06:45:00+00:00,23964.400390625,23993.0,23950.05078125,23988.80078125,0
2024-12-19 07:45:00+00:00,23963.69921875,23976.19921875,23936.30078125,23966.05078125,0
2024-12-19 08:45:00+00:00,23946.0,23967.150390625,23938.80078125,23963.150390625,0
2024-12-19 09:45:00+00:00,23961.599609375,23964.849609375,23934.349609375,23945.55078125,0
2024-12-20 03:45:00+00:00,23850.400390625,24065.5,23807.900390625,23978.44921875,0
2024-12-20 04:45:00+00:00,23958.900390625,23993.900390625,23835.150390625,23851.30078125,0
2024-12-20 05:45:00+00:00,23889.099609375,23961.30078125,23888.19921875,23958.900390625,0
2024-12-20 06:45:00+00:00,23726.650390625,23889.19921875,23719.400390625,23889.19921875,0
2024-12-20 07:45:00+00:00,23687.900390625,23767.69921875,23676.80078125,23728.25,0
2024-12-20 08:45:00+00:00,23539.30078125,23725.19921875,23538.150390625,23687.69921875,0
2024-12-20 09:45:00+00:00,23631.349609375,23632.30078125,23538.400390625,23538.80078125,0
2024-12-23 03:45:00+00:00,23769.349609375,23805.75,23702.19921875,23735.900390625,0
2024-12-23 04:45:00+00:00,23834.349609375,23849.599609375,23727.75,23771.75,0
2024-12-23 05:45:00+00:00,23769.30078125,23869.44921875,23746.599609375,23834.05078125,0
2024-12-23 06:45:00+00:00,23681.19921875,23783.900390625,23674.5,23769.150390625,0
2024-12-23 07:45:00+00:00,23699.099609375,23712.94921875,23647.55078125,23680.349609375,0
2024-12-23 08:45:00+00:00,23761.75,23770.69921875,23693.849609375,23698.650390625,0
2024-12-23 09:45:00+00:00,23747.19921875,23770.0,23743.900390625,23761.650390625,0
2024-12-24 03:45:00+00:00,23804.849609375,23821.849609375,23709.849609375,23781.099609375,0
2024-12-24 04:45:00+00:00,23828.19921875,23867.400390625,23800.349609375,23804.94921875,0
2024-12-24 05:45:00+00:00,23793.30078125,23849.25,23788.900390625,23827.94921875,0
2024-12-24 06:45:00+00:00,23785.349609375,23819.150390625,23764.099609375,23793.80078125,0
2024-12-24 07:45:00+00:00,23762.75,23800.75,23729.19921875,23785.599609375,0
2024-12-24 08:45:00+00:00,23718.94921875,23763.349609375,23714.400390625,23762.5,0
2024-12-24 09:45:00+00:00,23730.349609375,23749.349609375,23717.349609375,23718.80078125,0
2024-12-26 03:45:00+00:00,23749.75,23854.44921875,23730.599609375,23775.94921875,0
2024-12-26 04:45:00+00:00,23759.94921875,23770.05078125,23702.80078125,23748.900390625,0
2024-12-26 05:45:00+00:00,23734.69921875,23775.849609375,23729.349609375,23760.599609375,0
2024-12-26 06:45:00+00:00,23750.650390625,23753.80078125,23730.650390625,23735.099609375,0
2024-12-26 07:45:00+00:00,23745.349609375,23774.44921875,23654.80078125,23750.400390625,0
2024-12-26 08:45:00+00:00,23754.94921875,23763.0,23737.05078125,23744.94921875,0
2024-12-26 09:45:00+00:00,23760.30078125,23769.75,23738.94921875,23753.900390625,0
2024-12-27 03:45:00+00:00,23924.94921875,23931.75,23803.25,23807.150390625,0
2024-12-27 04:45:00+00:00,23903.55078125,23938.400390625,23884.5,23925.349609375,0
2024-12-27 05:45:00+00:00,23845.25,23907.099609375,23843.30078125,23903.599609375,0
2024-12-27 06:45:00+00:00,23854.75,23874.19921875,23828.19921875,23845.900390625,0
2024-12-27 07:45:00+00:00,23841.75,23868.44921875,23834.55078125,23855.44921875,0
2024-12-27 08:45:00+00:00,23807.69921875,23848.94921875,23801.900390625,23842.150390625,0
2024-12-27 09:45:00+00:00,23832.44921875,23841.099609375,23803.80078125,23807.650390625,0
2024-12-30 03:45:00+00:00,23779.94921875,23814.099609375,23709.19921875,23796.900390625,0
2024-12-30 04:45:00+00:00,23787.400390625,23844.25,23761.900390625,23779.69921875,0
2024-12-30 05:45:00+00:00,23881.400390625,23915.25,23781.94921875,23787.0,0
2024-12-30 06:45:00+00:00,23772.19921875,23885.599609375,23748.25,23881.94921875,0
2024-12-30 07:45:00+00:00,23640.099609375,23790.0,23633.150390625,23772.30078125,0
2024-12-30 08:45:00+00:00,23617.5,23709.650390625,23600.19921875,23639.30078125,0
2024-12-30 09:45:00+00:00,23658.650390625,23680.30078125,23616.69921875,23617.30078125,0
2024-12-31 03:45:00+00:00,23470.0,23584.400390625,23460.44921875,23559.5,0
2024-12-31 04:45:00+00:00,23609.099609375,23609.30078125,23470.44921875,23470.5,0
2024-12-31 05:45:00+00:00,23588.599609375,23616.80078125,23565.75,23609.150390625,0
2024-12-31 06:45:00+00:00,23592.69921875,23624.5,23577.44921875,23588.30078125,0
2024-12-31 07:45:00+00:00,23680.400390625,23689.400390625,23581.80078125,23594.150390625,0
2024-12-31 08:45:00+00:00,23647.75,23683.80078125,23622.099609375,23679.30078125,0
2024-12-31 09:45:00+00:00,23668.80078125,23669.400390625,23637.599609375,23648.150390625,0
2025-01-01 03:45:00+00:00,23629.599609375,23682.599609375,23563.0,23637.650390625,0
2025-01-01 04:45:00+00:00,23754.05078125,23761.400390625,23616.30078125,23629.94921875,0
2025-01-01 05:45:00+00:00,23714.25,23778.650390625,23678.349609375,23754.25,0
2025-01-01 06:45:00+00:00,23727.05078125,23773.0,23711.150390625,23714.05078125,0
2025-01-01 07:45:00+00:00,23789.099609375,23822.30078125,23725.30078125,23726.94921875,0
2025-01-01 08:45:00+00:00,23739.94921875,23797.650390625,23721.44921875,23789.650390625,0
2025-01-01 09:45:00+00:00,23758.69921875,23769.80078125,23733.400390625,23739.75,0
2025-01-02 03:45:00+00:00,23834.099609375,23877.0,23752.400390625,23789.5,0
2025-01-02 04:45:00+00:00,23943.650390625,23963.30078125,23830.599609375,23833.0,0
2025-01-02 05:45:00+00:00,23940.44921875,23973.849609375,23916.25,23943.80078125,0
2025-01-02 06:45:00+00:00,24084.75,24089.900390625,23927.349609375,23940.900390625,0
2025-01-02 07:45:00+00:00,24144.69921875,24152.80078125,24081.75,24085.349609375,0
2025-01-02 08:45:00+00:00,24186.25,24226.099609375,24144.849609375,24145.05078125,0
2025-01-02 09:45:00+00:00,24167.94921875,24194.5,24164.900390625,24185.5,0
2025-01-03 03:45:00+00:00,24042.19921875,24187.55078125,24033.25,24185.0,0
2025-01-03 04:45:00+00:00,24057.69921875,24075.69921875,24000.400390625,24042.44921875,0
2025-01-03 05:45:00+00:00,24114.400390625,24149.900390625,24051.44921875,24057.599609375,0
2025-01-03 06:45:00+00:00,24098.25,24121.599609375,24052.25,24115.099609375,0
2025-01-03 07:45:00+00:00,24031.599609375,24112.55078125,24021.19921875,24097.650390625,0
2025-01-03 08:45:00+00:00,24008.05078125,24053.5,23976.75,24032.55078125,0
2025-01-03 09:45:00+00:00,23990.150390625,24021.80078125,23976.75,24008.150390625,0
2025-01-06 03:45:00+00:00,24025.69921875,24088.75,23911.849609375,24044.25,0
2025-01-06 04:45:00+00:00,23745.099609375,24054.30078125,23727.400390625,24024.0,0
2025-01-06 05:45:00+00:00,23719.80078125,23800.349609375,23602.099609375,23744.30078125,0
2025-01-06 06:45:00+00:00,23714.69921875,23779.150390625,23679.05078125,23719.349609375,0
2025-01-06 07:45:00+00:00,23623.849609375,23714.599609375,23602.599609375,23714.599609375,0
2025-01-06 08:45:00+00:00,23585.599609375,23660.19921875,23553.0,23624.400390625,0
2025-01-06 09:45:00+00:00,23629.599609375,23636.94921875,23580.150390625,23587.150390625,0
2025-01-07 03:45:00+00:00,23745.900390625,23795.05078125,23638.0,23691.69921875,0
2025-01-07 04:45:00+00:00,23731.650390625,23768.05078125,23708.099609375,23749.400390625,0
2025-01-07 05:45:00+00:00,23720.0,23770.5,23712.94921875,23731.849609375,0
2025-01-07 06:45:00+00:00,23726.650390625,23742.69921875,23708.5,23720.55078125,0
2025-01-07 07:45:00+00:00,23720.25,23761.94921875,23686.900390625,23727.650390625,0
2025-01-07 08:45:00+00:00,23704.44921875,23737.0,23684.349609375,23720.19921875,0
2025-01-07 09:45:00+00:00,23694.599609375,23712.05078125,23686.80078125,23703.94921875,0
2025-01-08 03:45:00+00:00,23669.19921875,23751.69921875,23622.25,23751.69921875,0
2025-01-08 04:45:00+00:00,23573.0,23684.25,23551.5,23670.900390625,0
2025-01-08 05:45:00+00:00,23526.75,23603.69921875,23525.5,23572.150390625,0
2025-01-08 06:45:00+00:00,23535.650390625,23559.19921875,23496.849609375,23526.55078125,0
2025-01-08 07:45:00+00:00,23696.5,23701.75,23522.05078125,23536.099609375,0
2025-01-08 08:45:00+00:00,23705.19921875,23727.5,23645.05078125,23696.30078125,0
2025-01-08 09:45:00+00:00,23675.19921875,23706.69921875,23674.19921875,23703.94921875,0
2025-01-09 03:45:00+00:00,23639.099609375,23682.44921875,23594.05078125,23682.44921875,0
2025-01-09 04:45:00+00:00,23561.900390625,23652.849609375,23538.599609375,23639.30078125,0
2025-01-09 05:45:00+00:00,23562.05078125,23573.80078125,23538.150390625,23562.150390625,0
2025-01-09 06:45:00+00:00,23545.5,23616.69921875,23525.05078125,23561.25,0
2025-01-09 07:45:00+00:00,23537.25,23552.25,23517.150390625,23544.94921875,0
2025-01-09 08:45:00+00:00,23520.849609375,23548.599609375,23503.400390625,23536.849609375,0
2025-01-09 09:45:00+00:00,23557.19921875,23561.05078125,23514.30078125,23521.94921875,0
2025-01-10 03:45:00+00:00,23396.55078125,23595.30078125,23344.75,23565.75,0
2025-01-10 04:45:00+00:00,23557.650390625,23557.650390625,23380.94921875,23396.599609375,0
2025-01-10 05:45:00+00:00,23523.400390625,23596.349609375,23477.75,23557.400390625,0
2025-01-10 06:45:00+00:00,23517.75,23566.0,23494.150390625,23520.099609375,0
2025-01-10 07:45:00+00:00,23441.25,23536.30078125,23441.25,23516.55078125,0
2025-01-10 08:45:00+00:00,23412.19921875,23454.650390625,23396.849609375,23440.94921875,0
2025-01-10 09:45:00+00:00,23437.349609375,23449.400390625,23413.55078125,23414.599609375,0
2025-01-13 03:45:00+00:00,23268.94921875,23274.0,23173.650390625,23195.400390625,0
2025-01-13 04:45:00+00:00,23275.94921875,23340.849609375,23258.5,23273.19921875,0
2025-01-13 05:45:00+00:00,23214.599609375,23298.599609375,23210.19921875,23275.0,0
2025-01-13 06:45:00+00:00,23174.849609375,23234.69921875,23166.599609375,23215.099609375,0
2025-01-13 07:45:00+00:00,23114.599609375,23191.400390625,23101.900390625,23177.44921875,0
2025-01-13 08:45:00+00:00,23091.099609375,23137.849609375,23048.150390625,23116.400390625,0
2025-01-13 09:45:00+00:00,23091.0,23101.80078125,23082.75,23090.849609375,0
2025-01-14 03:45:00+00:00,23156.19921875,23226.400390625,23139.900390625,23171.349609375,0
2025-01-14 04:45:00+00:00,23260.05078125,23264.94921875,23134.55078125,23155.75,0
2025-01-14 05:45:00+00:00,23181.099609375,23261.349609375,23169.69921875,23260.30078125,0
2025-01-14 06:45:00+00:00,23168.19921875,23199.30078125,23144.099609375,23180.55078125,0
2025-01-14 07:45:00+00:00,23182.44921875,23184.849609375,23145.05078125,23168.400390625,0
2025-01-14 08:45:00+00:00,23173.25,23198.94921875,23151.900390625,23182.150390625,0
2025-01-14 09:45:00+00:00,23206.849609375,23223.05078125,23168.94921875,23172.900390625,0
2025-01-15 03:45:00+00:00,23219.599609375,23269.44921875,23165.44921875,23250.44921875,0
2025-01-15 04:45:00+00:00,23256.5,23293.400390625,23215.0,23219.650390625,0
2025-01-15 05:45:00+00:00,23221.900390625,23264.19921875,23204.69921875,23257.400390625,0
2025-01-15 06:45:00+00:00,23213.099609375,23266.349609375,23198.0,23221.5,0
2025-01-15 07:45:00+00:00,23182.19921875,23212.650390625,23147.94921875,23212.349609375,0
2025-01-15 08:45:00+00:00,23214.400390625,23227.69921875,23159.25,23181.5,0
2025-01-15 09:45:00+00:00,23228.55078125,23229.30078125,23190.849609375,23214.55078125,0
2025-01-16 03:45:00+00:00,23308.0,23384.599609375,23292.650390625,23378.80078125,0
2025-01-16 04:45:00+00:00,23289.55078125,23320.30078125,23273.80078125,23308.19921875,0
2025-01-16 05:45:00+00:00,23298.900390625,23308.80078125,23282.400390625,23288.25,0
2025-01-16 06:45:00+00:00,23318.0,23328.80078125,23290.30078125,23300.05078125,0
2025-01-16 07:45:00+00:00,23333.349609375,23340.900390625,23311.44921875,23317.80078125,0
2025-01-16 08:45:00+00:00,23309.650390625,23333.400390625,23290.69921875,23333.400390625,0
2025-01-16 09:45:00+00:00,23350.80078125,23353.25,23304.44921875,23309.44921875,0
2025-01-17 03:45:00+00:00,23204.150390625,23277.099609375,23168.44921875,23268.099609375,0
2025-01-17 04:45:00+00:00,23131.849609375,23269.25,23100.75,23204.400390625,0
2025-01-17 05:45:00+00:00,23208.94921875,23218.19921875,23124.349609375,23132.650390625,0
2025-01-17 06:45:00+00:00,23200.25,23264.30078125,23197.099609375,23208.599609375,0
2025-01-17 07:45:00+00:00,23198.5,23208.25,23160.849609375,23200.30078125,0
2025-01-17 08:45:00+00:00,23196.650390625,23245.05078125,23187.30078125,23198.650390625,0
2025-01-17 09:45:00+00:00,23203.099609375,23210.55078125,23194.80078125,23197.80078125,0
2025-01-20 03:45:00+00:00,23228.05078125,23306.55078125,23171.55078125,23298.900390625,0
2025-01-20 04:45:00+00:00,23273.19921875,23283.05078125,23227.650390625,23228.349609375,0
2025-01-20 05:45:00+00:00,23342.94921875,23376.400390625,23272.19921875,23275.150390625,0
2025-01-20 06:45:00+00:00,23359.69921875,23372.19921875,23326.30078125,23343.69921875,0
2025-01-20 07:45:00+00:00,23359.94921875,23390.94921875,23328.25,23359.55078125,0
2025-01-20 08:45:00+00:00,23351.69921875,23366.25,23327.650390625,23359.94921875,0
2025-01-20 09:45:00+00:00,23337.05078125,23352.849609375,23329.400390625,23352.25,0
2025-01-21 03:45:00+00:00,23266.0,23426.30078125,23247.69921875,23421.650390625,0
2025-01-21 04:45:00+00:00,23165.5,23266.599609375,23129.0,23266.400390625,0
2025-01-21 05:45:00+00:00,23283.5,23421.25,23143.55078125,23165.599609375,0
2025-01-21 06:45:00+00:00,23256.849609375,23294.80078125,23111.44921875,23281.150390625,0
2025-01-21 07:45:00+00:00,23199.349609375,23296.55078125,23120.150390625,23256.30078125,0
2025-01-21 08:45:00+00:00,23022.94921875,23207.099609375,22977.19921875,23196.849609375,0
2025-01-21 09:45:00+00:00,23052.599609375,23057.44921875,23022.44921875,23022.44921875,0
2025-01-22 03:45:00+00:00,23096.849609375,23127.099609375,23051.099609375,23110.55078125,0
2025-01-22 04:45:00+00:00,23064.94921875,23144.0,23061.30078125,23096.75,0
2025-01-22 05:45:00+00:00,23036.94921875,23079.400390625,23012.0,23065.19921875,0
2025-01-22 06:45:00+00:00,23043.05078125,23050.849609375,22990.19921875,23037.650390625,0
2025-01-22 07:45:00+00:00,23065.55078125,23084.849609375,22981.44921875,23043.30078125,0
2025-01-22 08:45:00+00:00,23164.25,23169.349609375,23054.30078125,23065.75,0
2025-01-22 09:45:00+00:00,23161.75,23165.150390625,23147.599609375,23163.80078125,0
2025-01-23 03:45:00+00:00,23217.80078125,23234.69921875,23091.900390625,23128.30078125,0
2025-01-23 04:45:00+00:00,23224.05078125,23245.900390625,23202.5,23217.599609375,0
2025-01-23 05:45:00+00:00,23232.849609375,23238.599609375,23201.05078125,23223.75,0
2025-01-23 06:45:00+00:00,23246.150390625,23269.19921875,23220.099609375,23232.75,0
2025-01-23 07:45:00+00:00,23244.55078125,23256.650390625,23225.55078125,23244.55078125,0
2025-01-23 08:45:00+00:00,23202.5,23246.69921875,23200.099609375,23239.94921875,0
2025-01-23 09:45:00+00:00,23217.849609375,23218.19921875,23191.69921875,23201.25,0
2025-01-24 03:45:00+00:00,23156.349609375,23291.80078125,23128.650390625,23204.44921875,0
2025-01-24 04:45:00+00:00,23279.19921875,23289.19921875,23103.5,23155.25,0
2025-01-24 05:45:00+00:00,23300.80078125,23347.099609375,23254.0,23277.94921875,0
2025-01-24 06:45:00+00:00,23216.5,23319.400390625,23164.849609375,23300.349609375,0
2025-01-24 07:45:00+00:00,23142.25,23214.69921875,23140.349609375,23214.69921875,0
2025-01-24 08:45:00+00:00,23077.5,23168.599609375,23050.94921875,23141.849609375,0
2025-01-24 09:45:00+00:00,23090.349609375,23105.099609375,23077.75,23077.75,0
2025-01-27 03:45:00+00:00,22970.69921875,23007.05078125,22911.150390625,22946.05078125,0
2025-01-27 04:45:00+00:00,22864.5,22971.25,22827.19921875,22971.25,0
2025-01-27 05:45:00+00:00,22881.55078125,22941.650390625,22856.25,22864.55078125,0
2025-01-27 06:45:00+00:00,22885.44921875,22943.69921875,22840.55078125,22882.0,0
2025-01-27 07:45:00+00:00,22834.900390625,22892.349609375,22822.44921875,22885.94921875,0
2025-01-27 08:45:00+00:00,22835.69921875,22857.900390625,22790.30078125,22835.099609375,0
2025-01-27 09:45:00+00:00,22816.849609375,22838.400390625,22814.349609375,22835.5,0
2025-01-28 03:45:00+00:00,22881.25,22969.150390625,22860.30078125,22967.94921875,0
2025-01-28 04:45:00+00:00,22959.599609375,22985.94921875,22858.650390625,22882.5,0
2025-01-28 05:45:00+00:00,23032.650390625,23040.650390625,22944.30078125,22958.55078125,0
2025-01-28 06:45:00+00:00,23065.25,23068.55078125,22999.099609375,23032.150390625,0
2025-01-28 07:45:00+00:00,23051.75,23075.55078125,23021.75,23067.349609375,0
2025-01-28 08:45:00+00:00,22967.55078125,23137.44921875,22909.25,23051.94921875,0
2025-01-28 09:45:00+00:00,22976.30078125,22984.5,22951.5,22968.349609375,0
2025-01-29 03:45:00+00:00,23067.150390625,23096.80078125,22978.150390625,23023.75,0
2025-01-29 04:45:00+00:00,23085.400390625,23125.5,23053.80078125,23067.55078125,0
2025-01-29 05:45:00+00:00,23120.94921875,23128.75,22984.150390625,23084.75,0
2025-01-29 06:45:00+00:00,23112.80078125,23168.05078125,23086.55078125,23121.099609375,0
2025-01-29 07:45:00+00:00,23174.05078125,23181.0,23109.900390625,23113.05078125,0
2025-01-29 08:45:00+00:00,23159.349609375,23180.80078125,23115.099609375,23174.55078125,0
2025-01-29 09:45:00+00:00,23176.19921875,23182.69921875,23153.849609375,23160.30078125,0
2025-01-30 03:45:00+00:00,23271.400390625,23300.55078125,23141.0,23168.400390625,0
2025-01-30 04:45:00+00:00,23288.30078125,23310.849609375,23224.0,23271.599609375,0
2025-01-30 05:45:00+00:00,23250.80078125,23301.0,23228.05078125,23289.150390625,0
2025-01-30 06:45:00+00:00,23261.94921875,23289.900390625,23229.69921875,23250.30078125,0
2025-01-30 07:45:00+00:00,23167.599609375,23268.44921875,23141.900390625,23263.400390625,0
2025-01-30 08:45:00+00:00,23249.55078125,23255.05078125,23139.94921875,23168.150390625,0
2025-01-30 09:45:00+00:00,23297.94921875,23318.75,23244.69921875,23248.44921875,0
2025-01-31 03:45:00+00:00,23340.19921875,23403.30078125,23280.55078125,23297.599609375,0
2025-01-31 04:45:00+00:00,23422.80078125,23444.25,23331.69921875,23340.19921875,0
2025-01-31 05:45:00+00:00,23444.19921875,23449.05078125,23388.44921875,23422.400390625,0
2025-01-31 06:45:00+00:00,23500.099609375,23502.55078125,23426.05078125,23444.5,0
2025-01-31 07:45:00+00:00,23447.849609375,23530.650390625,23426.099609375,23500.05078125,0
2025-01-31 08:45:00+00:00,23515.150390625,23518.05078125,23422.599609375,23446.80078125,0
2025-01-31 09:45:00+00:00,23533.849609375,23546.400390625,23498.25,23513.849609375,0
2025-02-01 03:45:00+00:00,23555.900390625,23591.599609375,23479.69921875,23538.30078125,0
2025-02-01 04:45:00+00:00,23582.94921875,23601.94921875,23530.80078125,23555.69921875,0
2025-02-01 05:45:00+00:00,23447.05078125,23632.349609375,23364.099609375,23581.55078125,0
2025-02-01 06:45:00+00:00,23373.400390625,23549.0,23323.099609375,23449.099609375,0
2025-02-01 07:45:00+00:00,23520.25,23533.69921875,23341.599609375,23374.650390625,0
2025-02-01 08:45:00+00:00,23481.19921875,23547.94921875,23454.94921875,23520.900390625,0
2025-02-01 09:45:00+00:00,23495.30078125,23499.75,23463.349609375,23480.75,0
2025-02-03 03:45:00+00:00,23263.69921875,23343.849609375,23222.55078125,23321.650390625,0
2025-02-03 04:45:00+00:00,23322.650390625,23328.349609375,23239.69921875,23262.5,0
2025-02-03 05:45:00+00:00,23299.849609375,23338.599609375,23253.099609375,23322.30078125,0
2025-02-03 06:45:00+00:00,23360.69921875,23361.599609375,23258.05078125,23299.5,0
2025-02-03 07:45:00+00:00,23346.599609375,23368.94921875,23306.349609375,23360.80078125,0
2025-02-03 08:45:00+00:00,23366.900390625,23381.349609375,23327.0,23346.80078125,0
2025-02-03 09:45:00+00:00,23359.69921875,23369.80078125,23349.94921875,23367.19921875,0
2025-02-04 03:45:00+00:00,23512.650390625,23581.69921875,23482.69921875,23501.05078125,0
2025-02-04 04:45:00+00:00,23506.5,23534.5,23424.55078125,23513.25,0
2025-02-04 05:45:00+00:00,23565.400390625,23616.400390625,23493.900390625,23508.05078125,0
2025-02-04 06:45:00+00:00,23640.05078125,23642.30078125,23562.150390625,23566.150390625,0
2025-02-04 07:45:00+00:00,23651.599609375,23712.5,23625.400390625,23641.05078125,0
2025-02-04 08:45:00+00:00,23744.0,23761.900390625,23633.849609375,23647.94921875,0
2025-02-04 09:45:00+00:00,23707.69921875,23745.55078125,23697.05078125,23744.400390625,0
2025-02-05 03:45:00+00:00,23747.849609375,23803.55078125,23726.55078125,23801.75,0
2025-02-05 04:45:00+00:00,23733.650390625,23786.30078125,23728.44921875,23746.400390625,0
2025-02-05 05:45:00+00:00,23732.05078125,23759.0,23713.650390625,23733.099609375,0
2025-02-05 06:45:00+00:00,23755.650390625,23756.349609375,23712.55078125,23732.55078125,0
2025-02-05 07:45:00+00:00,23741.900390625,23774.5,23732.05078125,23755.900390625,0
2025-02-05 08:45:00+00:00,23695.900390625,23752.900390625,23680.650390625,23743.099609375,0
2025-02-05 09:45:00+00:00,23685.099609375,23700.900390625,23685.099609375,23695.849609375,0
2025-02-06 03:45:00+00:00,23627.80078125,23771.30078125,23619.849609375,23766.75,0
2025-02-06 04:45:00+00:00,23616.349609375,23656.900390625,23605.0,23627.30078125,0
2025-02-06 05:45:00+00:00,23619.44921875,23626.5,23594.599609375,23616.94921875,0
2025-02-06 06:45:00+00:00,23586.19921875,23629.25,23576.0,23620.30078125,0
2025-02-06 07:45:00+00:00,23573.0,23603.75,23562.55078125,23586.30078125,0
2025-02-06 08:45:00+00:00,23595.900390625,23610.599609375,23556.400390625,23573.30078125,0
2025-02-06 09:45:00+00:00,23628.05078125,23633.69921875,23592.400390625,23596.099609375,0
2025-02-07 03:45:00+00:00,23612.0,23667.5,23567.69921875,23654.19921875,0
2025-02-07 04:45:00+00:00,23615.94921875,23629.25,23493.94921875,23611.80078125,0
2025-02-07 05:45:00+00:00,23573.900390625,23694.19921875,23572.80078125,23616.25,0
2025-02-07 06:45:00+00:00,23547.69921875,23610.55078125,23537.650390625,23572.349609375,0
2025-02-07 07:45:00+00:00,23461.05078125,23591.5,23453.650390625,23547.849609375,0
2025-02-07 08:45:00+00:00,23573.69921875,23574.75,23444.25,23460.94921875,0
2025-02-07 09:45:00+00:00,23563.150390625,23591.25,23557.349609375,23574.0,0
2025-02-10 03:45:00+00:00,23373.099609375,23552.650390625,23366.44921875,23547.599609375,0
2025-02-10 04:45:00+00:00,23401.30078125,23406.150390625,23357.900390625,23372.349609375,0
2025-02-10 05:45:00+00:00,23352.650390625,23403.30078125,23338.55078125,23400.80078125,0
2025-02-10 06:45:00+00:00,23353.849609375,23371.25,23338.80078125,23351.400390625,0
2025-02-10 07:45:00+00:00,23326.599609375,23377.0,23317.80078125,23353.30078125,0
2025-02-10 08:45:00+00:00,23380.349609375,23409.900390625,23317.5,23326.69921875,0
2025-02-10 09:45:00+00:00,23376.05078125,23387.150390625,23370.849609375,23380.80078125,0
2025-02-11 03:45:00+00:00,23278.55078125,23383.55078125,23271.05078125,23383.55078125,0
2025-02-11 04:45:00+00:00,23279.75,23296.150390625,23251.0,23277.30078125,0
2025-02-11 05:45:00+00:00,23252.80078125,23301.75,23244.25,23280.05078125,0
2025-02-11 06:45:00+00:00,23031.150390625,23257.400390625,23027.05078125,23253.150390625,0
2025-02-11 07:45:00+00:00,23052.349609375,23101.400390625,22986.80078125,23031.19921875,0
2025-02-11 08:45:00+00:00,23073.75,23118.400390625,23006.400390625,23052.650390625,0
2025-02-11 09:45:00+00:00,23068.55078125,23080.80078125,23060.400390625,23073.400390625,0
2025-02-12 03:45:00+00:00,22830.599609375,23077.94921875,22815.349609375,23068.400390625,0
2025-02-12 04:45:00+00:00,22925.55078125,22954.44921875,22799.349609375,22831.099609375,0
2025-02-12 05:45:00+00:00,23044.400390625,23077.400390625,22895.900390625,22924.900390625,0
2025-02-12 06:45:00+00:00,23103.05078125,23119.75,22997.30078125,23044.900390625,0
2025-02-12 07:45:00+00:00,23002.25,23144.5,22964.55078125,23105.44921875,0
2025-02-12 08:45:00+00:00,23051.55078125,23059.650390625,22956.650390625,23002.30078125,0
2025-02-12 09:45:00+00:00,23057.80078125,23063.19921875,23043.150390625,23050.849609375,0
2025-02-13 03:45:00+00:00,23171.69921875,23192.0,22992.650390625,23055.849609375,0
2025-02-13 04:45:00+00:00,23181.30078125,23208.900390625,23131.75,23172.0,0
2025-02-13 05:45:00+00:00,23195.80078125,23235.19921875,23179.80078125,23181.400390625,0
2025-02-13 06:45:00+00:00,23153.099609375,23210.0,23153.099609375,23195.69921875,0
2025-02-13 07:45:00+00:00,23063.0,23177.650390625,23032.69921875,23152.75,0
2025-02-13 08:45:00+00:00,23030.150390625,23074.5,23004.69921875,23063.650390625,0
2025-02-13 09:45:00+00:00,23019.400390625,23039.650390625,23014.400390625,23030.400390625,0
2025-02-14 03:45:00+00:00,23043.0,23133.25,23007.30078125,23096.69921875,0
2025-02-14 04:45:00+00:00,22893.94921875,23082.25,22843.349609375,23042.75,0
2025-02-14 05:45:00+00:00,22842.05078125,22922.349609375,22818.599609375,22893.349609375,0
2025-02-14 06:45:00+00:00,22806.349609375,22866.94921875,22775.5,22842.19921875,0
2025-02-14 07:45:00+00:00,22802.05078125,22850.150390625,22775.94921875,22805.900390625,0
2025-02-14 08:45:00+00:00,22933.400390625,22966.44921875,22799.19921875,22801.94921875,0
2025-02-14 09:45:00+00:00,22897.25,22935.599609375,22895.849609375,22933.849609375,0
2025-02-17 03:45:00+00:00,22756.849609375,22874.099609375,22727.69921875,22828.30078125,0
2025-02-17 04:45:00+00:00,22805.69921875,22926.349609375,22750.75,22757.349609375,0
2025-02-17 05:45:00+00:00,22823.69921875,22889.5,22799.80078125,22806.19921875,0
2025-02-17 06:45:00+00:00,22837.849609375,22899.80078125,22796.19921875,22824.099609375,0
2025-02-17 07:45:00+00:00,22886.5,22959.099609375,22834.099609375,22838.599609375,0
2025-02-17 08:45:00+00:00,22966.69921875,22968.05078125,22883.30078125,22887.099609375,0
2025-02-17 09:45:00+00:00,22963.5,22974.0,22954.80078125,22965.05078125,0
2025-02-18 03:45:00+00:00,22894.44921875,22989.400390625,22868.650390625,22975.099609375,0
2025-02-18 04:45:00+00:00,22813.69921875,22909.05078125,22801.5,22894.099609375,0
2025-02-18 05:45:00+00:00,22863.30078125,22900.69921875,22807.5,22814.349609375,0
2025-02-18 06:45:00+00:00,22871.849609375,22909.55078125,22839.94921875,22863.30078125,0
2025-02-18 07:45:00+00:00,22917.25,22934.30078125,22871.75,22872.05078125,0
2025-02-18 08:45:00+00:00,22951.400390625,22970.80078125,22909.69921875,22917.30078125,0
2025-02-18 09:45:00+00:00,22923.150390625,22952.099609375,22918.30078125,22952.099609375,0
2025-02-19 03:45:00+00:00,22985.599609375,22996.0,22816.19921875,22839.400390625,0
2025-02-19 04:45:00+00:00,22972.099609375,23049.55078125,22922.44921875,22986.400390625,0
2025-02-19 05:45:00+00:00,22999.349609375,23011.400390625,22946.400390625,22972.30078125,0
2025-02-19 06:45:00+00:00,22938.849609375,23023.55078125,22914.25,22998.69921875,0
2025-02-19 07:45:00+00:00,22950.80078125,22961.05078125,22921.25,22938.75,0
2025-02-19 08:45:00+00:00,22939.94921875,22951.25,22858.80078125,22950.55078125,0
2025-02-19 09:45:00+00:00,22914.400390625,22940.19921875,22912.349609375,22940.05078125,0
2025-02-20 03:45:00+00:00,22873.75,22897.900390625,22813.400390625,22821.099609375,0
2025-02-20 04:45:00+00:00,22911.30078125,22912.75,22868.400390625,22873.80078125,0
2025-02-20 05:45:00+00:00,22889.0,22913.94921875,22879.05078125,22911.19921875,0
2025-02-20 06:45:00+00:00,22878.25,22908.80078125,22870.55078125,22889.099609375,0
2025-02-20 07:45:00+00:00,22899.69921875,22922.94921875,22875.75,22878.05078125,0
2025-02-20 08:45:00+00:00,22916.900390625,22923.349609375,22895.25,22899.5,0
2025-02-20 09:45:00+00:00,22905.900390625,22920.80078125,22905.0,22917.150390625,0
2025-02-21 03:45:00+00:00,22760.650390625,22920.5,22760.30078125,22855.80078125,0
2025-02-21 04:45:00+00:00,22767.94921875,22798.0,22733.75,22760.19921875,0
2025-02-21 05:45:00+00:00,22786.30078125,22820.900390625,22746.80078125,22768.0,0
2025-02-21 06:45:00+00:00,22776.69921875,22824.44921875,22757.94921875,22786.19921875,0
2025-02-21 07:45:00+00:00,22778.900390625,22787.19921875,22721.30078125,22775.30078125,0
2025-02-21 08:45:00+00:00,22810.75,22812.69921875,22760.05078125,22778.599609375,0
2025-02-21 09:45:00+00:00,22764.349609375,22812.25,22763.19921875,22810.19921875,0
2025-02-24 03:45:00+00:00,22572.150390625,22667.650390625,22561.0,22609.349609375,0
2025-02-24 04:45:00+00:00,22568.599609375,22580.94921875,22548.75,22572.5,0
2025-02-24 05:45:00+00:00,22561.150390625,22620.05078125,22559.349609375,22567.94921875,0
2025-02-24 06:45:00+00:00,22572.349609375,22591.0,22553.599609375,22561.25,0
2025-02-24 07:45:00+00:00,22543.650390625,22580.349609375,22520.55078125,22572.30078125,0
2025-02-24 08:45:00+00:00,22554.400390625,22590.150390625,22536.44921875,22543.69921875,0
2025-02-24 09:45:00+00:00,22549.75,22563.05078125,22544.150390625,22554.349609375,0
2025-02-25 03:45:00+00:00,22597.80078125,22625.19921875,22516.44921875,22516.44921875,0
2025-02-25 04:45:00+00:00,22566.599609375,22601.150390625,22555.150390625,22597.5,0
2025-02-25 05:45:00+00:00,22572.650390625,22581.150390625,22544.849609375,22566.44921875,0
2025-02-25 06:45:00+00:00,22593.0,22600.400390625,22566.05078125,22572.650390625,0
2025-02-25 07:45:00+00:00,22581.849609375,22595.900390625,22571.25,22592.75,0
2025-02-25 08:45:00+00:00,22553.349609375,22585.94921875,22546.25,22582.05078125,0
2025-02-25 09:45:00+00:00,22529.05078125,22559.94921875,22516.5,22552.400390625,0
2025-02-27 03:45:00+00:00,22542.30078125,22608.69921875,22530.44921875,22583.30078125,0
2025-02-27 04:45:00+00:00,22548.94921875,22564.69921875,22527.19921875,22542.900390625,0
2025-02-27 05:45:00+00:00,22526.650390625,22557.25,22519.650390625,22549.349609375,0
2025-02-27 06:45:00+00:00,22527.80078125,22537.650390625,22516.19921875,22526.900390625,0
2025-02-27 07:45:00+00:00,22544.099609375,22550.44921875,22525.94921875,22528.75,0
2025-02-27 08:45:00+00:00,22542.69921875,22556.900390625,22534.849609375,22544.900390625,0
2025-02-27 09:45:00+00:00,22510.849609375,22548.80078125,22510.849609375,22542.349609375,0
2025-02-28 03:45:00+00:00,22262.150390625,22446.900390625,22224.19921875,22442.44921875,0
2025-02-28 04:45:00+00:00,22246.25,22300.5,22240.19921875,22261.80078125,0
2025-02-28 05:45:00+00:00,22222.55078125,22280.0,22218.099609375,22246.400390625,0
2025-02-28 06:45:00+00:00,22127.849609375,22253.75,22106.19921875,22221.75,0
2025-02-28 07:45:00+00:00,22138.5,22163.80078125,22111.55078125,22127.75,0
2025-02-28 08:45:00+00:00,22124.650390625,22198.75,22117.25,22138.150390625,0
2025-02-28 09:45:00+00:00,22127.400390625,22127.650390625,22105.849609375,22124.849609375,0
2025-03-03 03:45:00+00:00,22024.80078125,22261.349609375,22012.599609375,22194.55078125,0
2025-03-03 04:45:00+00:00,22031.349609375,22104.19921875,22006.25,22024.900390625,0
2025-03-03 05:45:00+00:00,22054.349609375,22055.849609375,22005.0,22031.599609375,0
2025-03-03 06:45:00+00:00,22155.05078125,22155.05078125,22037.099609375,22054.75,0
2025-03-03 07:45:00+00:00,22122.150390625,22174.150390625,22071.900390625,22154.80078125,0
2025-03-03 08:45:00+00:00,22117.599609375,22153.55078125,22092.30078125,22120.849609375,0
2025-03-03 09:45:00+00:00,22142.5,22146.55078125,22110.099609375,22117.25,0
2025-03-04 03:45:00+00:00,22049.94921875,22090.94921875,21965.849609375,21982.19921875,0
2025-03-04 04:45:00+00:00,22083.69921875,22104.19921875,22048.150390625,22049.25,0
2025-03-04 05:45:00+00:00,22058.0,22086.349609375,22047.94921875,22083.099609375,0
2025-03-04 06:45:00+00:00,22056.349609375,22075.349609375,22035.05078125,22058.19921875,0
2025-03-04 07:45:00+00:00,22087.599609375,22105.05078125,22039.599609375,22056.599609375,0
2025-03-04 08:45:00+00:00,22082.05078125,22104.650390625,22074.849609375,22088.55078125,0
2025-03-04 09:45:00+00:00,22080.30078125,22090.94921875,22064.69921875,22082.599609375,0
2025-03-05 03:45:00+00:00,22239.0,22264.69921875,22071.650390625,22071.650390625,0
2025-03-05 04:45:00+00:00,22282.349609375,22296.099609375,22211.099609375,22238.69921875,0
2025-03-05 05:45:00+00:00,22362.099609375,22374.900390625,22277.0,22282.650390625,0
2025-03-05 06:45:00+00:00,22348.80078125,22394.69921875,22333.099609375,22361.900390625,0
2025-03-05 07:45:00+00:00,22326.80078125,22363.05078125,22301.75,22348.400390625,0
2025-03-05 08:45:00+00:00,22335.0,22353.849609375,22292.30078125,22326.69921875,0
2025-03-05 09:45:00+00:00,22346.650390625,22351.25,22326.349609375,22335.150390625,0
2025-03-06 03:45:00+00:00,22331.599609375,22487.25,22246.69921875,22479.94921875,0
2025-03-06 04:45:00+00:00,22436.25,22455.55078125,22322.94921875,22330.900390625,0
2025-03-06 05:45:00+00:00,22412.44921875,22438.80078125,22319.94921875,22436.150390625,0
2025-03-06 06:45:00+00:00,22466.150390625,22485.900390625,22408.099609375,22411.599609375,0
2025-03-06 07:45:00+00:00,22509.19921875,22528.400390625,22451.55078125,22466.849609375,0
2025-03-06 08:45:00+00:00,22547.849609375,22555.80078125,22491.150390625,22508.69921875,0
2025-03-06 09:45:00+00:00,22529.19921875,22553.349609375,22520.599609375,22548.150390625,0
2025-03-07 03:45:00+00:00,22605.69921875,22606.05078125,22467.099609375,22509.05078125,0
2025-03-07 04:45:00+00:00,22615.19921875,22625.349609375,22567.849609375,22607.94921875,0
2025-03-07 05:45:00+00:00,22526.849609375,22633.30078125,22516.099609375,22614.05078125,0
2025-03-07 06:45:00+00:00,22539.19921875,22583.30078125,22509.05078125,22526.30078125,0
2025-03-07 07:45:00+00:00,22553.599609375,22576.0,22522.69921875,22539.650390625,0
2025-03-07 08:45:00+00:00,22556.849609375,22607.650390625,22550.75,22554.0,0
2025-03-07 09:45:00+00:00,22536.94921875,22557.69921875,22530.349609375,22557.55078125,0
2025-03-10 03:45:00+00:00,22631.75,22676.650390625,22502.400390625,22536.650390625,0
2025-03-10 04:45:00+00:00,22616.900390625,22650.5,22603.80078125,22631.75,0
2025-03-10 05:45:00+00:00,22587.5,22645.349609375,22582.349609375,22617.150390625,0
2025-03-10 06:45:00+00:00,22601.80078125,22619.30078125,22563.349609375,22587.44921875,0
2025-03-10 07:45:00+00:00,22548.599609375,22602.19921875,22532.900390625,22601.55078125,0
2025-03-10 08:45:00+00:00,22469.650390625,22549.099609375,22429.400390625,22548.69921875,0
2025-03-10 09:45:00+00:00,22441.099609375,22472.55078125,22436.400390625,22470.19921875,0
2025-03-11 03:45:00+00:00,22422.55078125,22426.05078125,22316.0,22345.55078125,0
2025-03-11 04:45:00+00:00,22452.30078125,22485.099609375,22397.25,22422.44921875,0
2025-03-11 05:45:00+00:00,22437.69921875,22455.19921875,22415.55078125,22452.55078125,0
2025-03-11 06:45:00+00:00,22446.69921875,22466.400390625,22430.30078125,22437.599609375,0
2025-03-11 07:45:00+00:00,22501.55078125,22509.69921875,22437.650390625,22446.099609375,0
2025-03-11 08:45:00+00:00,22499.5,22515.75,22469.349609375,22501.599609375,0
2025-03-11 09:45:00+00:00,22520.5,22520.849609375,22490.75,22499.849609375,0
2025-03-12 03:45:00+00:00,22425.19921875,22573.30078125,22418.099609375,22542.05078125,0
2025-03-12 04:45:00+00:00,22416.44921875,22460.849609375,22395.400390625,22423.75,0
2025-03-12 05:45:00+00:00,22367.19921875,22420.5,22330.150390625,22416.30078125,0
2025-03-12 06:45:00+00:00,22402.19921875,22405.849609375,22331.75,22367.55078125,0
2025-03-12 07:45:00+00:00,22437.0,22445.30078125,22392.05078125,22402.94921875,0
2025-03-12 08:45:00+00:00,22473.75,22494.099609375,22432.599609375,22436.900390625,0
2025-03-12 09:45:00+00:00,22468.5,22474.05078125,22452.75,22474.05078125,0
2025-03-13 03:45:00+00:00,22545.099609375,22547.44921875,22460.599609375,22541.599609375,0
2025-03-13 04:45:00+00:00,22519.650390625,22557.75,22478.30078125,22545.099609375,0
2025-03-13 05:45:00+00:00,22443.19921875,22520.650390625,22404.30078125,22520.05078125,0
2025-03-13 06:45:00+00:00,22429.80078125,22462.05078125,22425.75,22442.75,0
2025-03-13 07:45:00+00:00,22432.30078125,22453.5,22419.75,22429.150390625,0
2025-03-13 08:45:00+00:00,22399.599609375,22434.900390625,22377.5,22432.349609375,0
2025-03-13 09:45:00+00:00,22383.30078125,22412.75,22379.44921875,22399.5,0
2025-03-17 03:45:00+00:00,22513.400390625,22576.75,22384.150390625,22384.150390625,0
2025-03-17 04:45:00+00:00,22477.55078125,22513.44921875,22455.400390625,22513.30078125,0
2025-03-17 05:45:00+00:00,22510.099609375,22530.69921875,22470.849609375,22477.900390625,0
2025-03-17 06:45:00+00:00,22467.599609375,22509.55078125,22442.0,22509.55078125,0
2025-03-17 07:45:00+00:00,22520.650390625,22528.599609375,22466.44921875,22467.69921875,0
2025-03-17 08:45:00+00:00,22510.5,22527.849609375,22481.75,22520.849609375,0
2025-03-17 09:45:00+00:00,22515.25,22520.5,22506.25,22510.650390625,0
2025-03-18 03:45:00+00:00,22745.349609375,22751.05078125,22601.05078125,22649.650390625,0
2025-03-18 04:45:00+00:00,22757.05078125,22774.30078125,22729.400390625,22746.5,0
2025-03-18 05:45:00+00:00,22769.650390625,22781.099609375,22741.900390625,22757.19921875,0
2025-03-18 06:45:00+00:00,22761.19921875,22770.400390625,22697.75,22769.849609375,0
2025-03-18 07:45:00+00:00,22774.349609375,22798.30078125,22758.599609375,22762.400390625,0
2025-03-18 08:45:00+00:00,22842.94921875,22845.349609375,22770.349609375,22775.44921875,0
2025-03-18 09:45:00+00:00,22848.75,22857.25,22833.94921875,22842.099609375,0
2025-03-19 03:45:00+00:00,22864.099609375,22885.69921875,22808.599609375,22874.94921875,0
2025-03-19 04:45:00+00:00,22902.5,22914.25,22864.05078125,22864.05078125,0
2025-03-19 05:45:00+00:00,22887.150390625,22907.150390625,22875.44921875,22902.5,0
2025-03-19 06:45:00+00:00,22903.900390625,22939.44921875,22882.80078125,22887.650390625,0
2025-03-19 07:45:00+00:00,22908.75,22928.150390625,22898.55078125,22904.599609375,0
2025-03-19 08:45:00+00:00,22911.55078125,22937.69921875,22905.30078125,22909.349609375,0
2025-03-19 09:45:00+00:00,22911.80078125,22917.69921875,22895.900390625,22912.30078125,0
2025-03-20 03:45:00+00:00,22987.650390625,23070.80078125,22974.150390625,23038.599609375,0
2025-03-20 04:45:00+00:00,23063.55078125,23068.25,22982.05078125,22987.30078125,0
2025-03-20 05:45:00+00:00,23072.55078125,23073.75,23042.650390625,23063.94921875,0
2025-03-20 06:45:00+00:00,23143.349609375,23145.849609375,23071.69921875,23072.900390625,0
2025-03-20 07:45:00+00:00,23182.400390625,23205.80078125,23132.69921875,23143.55078125,0
2025-03-20 08:45:00+00:00,23183.849609375,23216.05078125,23171.30078125,23183.19921875,0
2025-03-20 09:45:00+00:00,23165.69921875,23190.75,23162.25,23183.94921875,0
2025-03-21 03:45:00+00:00,23257.099609375,23276.349609375,23134.30078125,23168.25,0
2025-03-21 04:45:00+00:00,23331.5,23357.55078125,23247.900390625,23257.30078125,0
2025-03-21 05:45:00+00:00,23357.400390625,23370.650390625,23326.5,23331.150390625,0
2025-03-21 06:45:00+00:00,23371.400390625,23401.849609375,23350.80078125,23356.5,0
2025-03-21 07:45:00+00:00,23335.44921875,23386.80078125,23277.05078125,23371.150390625,0
2025-03-21 08:45:00+00:00,23348.69921875,23379.80078125,23330.30078125,23335.94921875,0
2025-03-21 09:45:00+00:00,23352.19921875,23373.55078125,23339.099609375,23348.80078125,0
2025-03-24 03:45:00+00:00,23544.05078125,23559.650390625,23433.75,23487.94921875,0
2025-03-24 04:45:00+00:00,23614.099609375,23638.349609375,23536.19921875,23544.150390625,0
2025-03-24 05:45:00+00:00,23628.05078125,23643.0,23579.5,23614.19921875,0
2025-03-24 06:45:00+00:00,23654.650390625,23656.19921875,23613.25,23627.400390625,0
2025-03-24 07:45:00+00:00,23687.349609375,23690.349609375,23628.55078125,23654.30078125,0
2025-03-24 08:45:00+00:00,23652.900390625,23708.05078125,23629.900390625,23687.30078125,0
2025-03-24 09:45:00+00:00,23674.150390625,23681.25,23651.900390625,23651.900390625,0
2025-03-25 03:45:00+00:00,23770.400390625,23869.150390625,23665.650390625,23752.849609375,0
2025-03-25 04:45:00+00:00,23701.099609375,23826.349609375,23656.80078125,23769.349609375,0
2025-03-25 05:45:00+00:00,23693.150390625,23730.0,23628.349609375,23701.0,0
2025-03-25 06:45:00+00:00,23676.0,23705.349609375,23653.650390625,23693.55078125,0
2025-03-25 07:45:00+00:00,23739.900390625,23744.099609375,23644.30078125,23676.349609375,0
2025-03-25 08:45:00+00:00,23670.30078125,23744.599609375,23661.69921875,23739.05078125,0
2025-03-25 09:45:00+00:00,23605.94921875,23675.30078125,23603.5,23670.599609375,0
2025-03-26 03:45:00+00:00,23679.150390625,23735.900390625,23614.75,23698.69921875,0
2025-03-26 04:45:00+00:00,23653.0,23720.19921875,23629.55078125,23679.75,0
2025-03-26 05:45:00+00:00,23603.75,23671.900390625,23572.19921875,23653.5,0
2025-03-26 06:45:00+00:00,23566.099609375,23638.05078125,23551.900390625,23602.94921875,0
2025-03-26 07:45:00+00:00,23550.5,23575.94921875,23501.150390625,23565.400390625,0
2025-03-26 08:45:00+00:00,23501.44921875,23562.25,23452.599609375,23550.5,0
2025-03-26 09:45:00+00:00,23464.30078125,23501.75,23464.30078125,23501.400390625,0
2025-03-27 03:45:00+00:00,23600.349609375,23618.650390625,23415.19921875,23438.75,0
2025-03-27 04:45:00+00:00,23602.900390625,23626.69921875,23559.80078125,23599.55078125,0
2025-03-27 05:45:00+00:00,23600.5,23615.25,23580.150390625,23603.05078125,0
2025-03-27 06:45:00+00:00,23586.599609375,23607.55078125,23574.849609375,23600.150390625,0
2025-03-27 07:45:00+00:00,23609.099609375,23616.80078125,23581.80078125,23586.400390625,0
2025-03-27 08:45:00+00:00,23589.25,23620.400390625,23572.099609375,23610.099609375,0
2025-03-27 09:45:00+00:00,23601.05078125,23636.599609375,23576.44921875,23588.650390625,0
2025-03-28 03:45:00+00:00,23524.150390625,23626.349609375,23505.44921875,23605.25,0
2025-03-28 04:45:00+00:00,23581.30078125,23649.150390625,23519.0,23524.150390625,0
2025-03-28 05:45:00+00:00,23596.44921875,23604.55078125,23561.69921875,23581.69921875,0
2025-03-28 06:45:00+00:00,23499.55078125,23598.150390625,23471.30078125,23596.55078125,0
2025-03-28 07:45:00+00:00,23503.30078125,23522.5,23451.599609375,23499.599609375,0
2025-03-28 08:45:00+00:00,23543.650390625,23612.05078125,23493.69921875,23501.44921875,0
2025-03-28 09:45:00+00:00,23495.150390625,23545.30078125,23485.75,23544.25,0
2025-04-01 03:45:00+00:00,23456.099609375,23563.19921875,23343.75,23353.0,0
2025-04-01 04:45:00+00:00,23228.94921875,23483.69921875,23221.349609375,23455.599609375,0
2025-04-01 05:45:00+00:00,23209.900390625,23258.80078125,23173.400390625,23229.0,0
2025-04-01 06:45:00+00:00,23192.44921875,23252.25,23174.30078125,23209.25,0
2025-04-01 07:45:00+00:00,23161.55078125,23195.150390625,23136.400390625,23192.150390625,0
2025-04-01 08:45:00+00:00,23174.5,23180.349609375,23137.44921875,23163.099609375,0
2025-04-01 09:45:00+00:00,23179.69921875,23182.30078125,23151.80078125,23174.900390625,0
2025-04-02 03:45:00+00:00,23238.849609375,23292.900390625,23160.400390625,23209.05078125,0
2025-04-02 04:45:00+00:00,23287.5,23311.849609375,23224.599609375,23238.150390625,0
2025-04-02 05:45:00+00:00,23281.44921875,23295.30078125,23246.150390625,23287.55078125,0
2025-04-02 06:45:00+00:00,23287.650390625,23300.0,23238.94921875,23281.25,0
2025-04-02 07:45:00+00:00,23278.30078125,23307.0,23254.75,23287.900390625,0
2025-04-02 08:45:00+00:00,23337.75,23349.849609375,23276.599609375,23279.099609375,0
2025-04-02 09:45:00+00:00,23330.80078125,23342.0,23324.599609375,23338.0,0
2025-04-03 03:45:00+00:00,23277.599609375,23281.849609375,23159.599609375,23160.349609375,0
2025-04-03 04:45:00+00:00,23278.94921875,23306.25,23253.400390625,23278.30078125,0
2025-04-03 05:45:00+00:00,23273.5,23294.75,23248.900390625,23279.349609375,0
2025-04-03 06:45:00+00:00,23258.94921875,23279.80078125,23250.599609375,23275.94921875,0
2025-04-03 07:45:00+00:00,23255.30078125,23278.400390625,23253.94921875,23260.349609375,0
2025-04-03 08:45:00+00:00,23253.05078125,23271.55078125,23240.80078125,23254.80078125,0
2025-04-03 09:45:00+00:00,23241.599609375,23255.75,23236.400390625,23253.75,0
2025-04-04 03:45:00+00:00,22941.94921875,23210.5,22941.25,23208.150390625,0
2025-04-04 04:45:00+00:00,23013.05078125,23029.900390625,22921.94921875,22941.69921875,0
2025-04-04 05:45:00+00:00,22965.30078125,23026.19921875,22944.75,23013.75,0
2025-04-04 06:45:00+00:00,22938.05078125,22991.599609375,22937.19921875,22965.349609375,0
2025-04-04 07:45:00+00:00,22909.599609375,22966.75,22875.150390625,22938.150390625,0
2025-04-04 08:45:00+00:00,22911.0,22921.55078125,22858.150390625,22908.599609375,0
2025-04-04 09:45:00+00:00,22912.05078125,22920.599609375,22896.44921875,22909.44921875,0
2025-04-07 03:45:00+00:00,21918.150390625,22188.400390625,21807.75,21807.75,0
2025-04-07 04:45:00+00:00,21986.30078125,22082.69921875,21898.30078125,21916.0,0
2025-04-07 05:45:00+00:00,21890.94921875,22069.5,21886.150390625,21985.80078125,0
2025-04-07 06:45:00+00:00,21859.650390625,21943.25,21796.900390625,21890.150390625,0
2025-04-07 07:45:00+00:00,21997.69921875,22037.80078125,21814.349609375,21860.849609375,0
2025-04-07 08:45:00+00:00,22184.650390625,22210.400390625,21973.400390625,21998.900390625,0
2025-04-07 09:45:00+00:00,22238.0,22253.19921875,22134.650390625,22184.30078125,0
2025-04-08 03:45:00+00:00,22383.94921875,22573.099609375,22378.5,22473.349609375,0
2025-04-08 04:45:00+00:00,22436.55078125,22489.94921875,22272.900390625,22384.55078125,0
2025-04-08 05:45:00+00:00,22552.30078125,22552.30078125,22319.400390625,22436.150390625,0
2025-04-08 06:45:00+00:00,22666.400390625,22671.150390625,22506.05078125,22554.30078125,0
2025-04-08 07:45:00+00:00,22598.400390625,22696.650390625,22461.75,22666.30078125,0
2025-04-08 08:45:00+00:00,22528.400390625,22664.900390625,22517.150390625,22602.150390625,0
2025-04-08 09:45:00+00:00,22547.19921875,22555.75,22517.94921875,22528.30078125,0
2025-04-09 03:45:00+00:00,22371.19921875,22468.30078125,22357.05078125,22453.25,0
2025-04-09 04:45:00+00:00,22374.55078125,22424.900390625,22353.5,22370.25,0
2025-04-09 05:45:00+00:00,22432.150390625,22435.44921875,22368.69921875,22374.30078125,0
2025-04-09 06:45:00+00:00,22432.099609375,22448.80078125,22409.69921875,22431.55078125,0
2025-04-09 07:45:00+00:00,22402.25,22432.900390625,22396.349609375,22431.80078125,0
2025-04-09 08:45:00+00:00,22402.69921875,22409.150390625,22387.349609375,22402.400390625,0
2025-04-09 09:45:00+00:00,22420.400390625,22424.75,22393.44921875,22402.900390625,0
2025-04-11 03:45:00+00:00,22832.69921875,22874.25,22709.94921875,22732.5,0
2025-04-11 04:45:00+00:00,22834.69921875,22845.44921875,22736.05078125,22833.19921875,0
2025-04-11 05:45:00+00:00,22907.849609375,22909.44921875,22820.30078125,22834.19921875,0
2025-04-11 06:45:00+00:00,22904.5,22923.900390625,22872.75,22908.349609375,0
2025-04-11 07:45:00+00:00,22785.55078125,22908.44921875,22770.400390625,22905.400390625,0
2025-04-11 08:45:00+00:00,22830.349609375,22840.150390625,22762.0,22786.150390625,0
2025-04-11 09:45:00+00:00,22844.5,22855.55078125,22810.94921875,22831.05078125,0
2025-04-15 03:45:00+00:00,23312.099609375,23346.80078125,23211.400390625,23346.80078125,0
2025-04-15 04:45:00+00:00,23295.150390625,23319.05078125,23292.80078125,23311.94921875,0
2025-04-15 05:45:00+00:00,23332.55078125,23334.5,23291.650390625,23295.650390625,0
2025-04-15 06:45:00+00:00,23337.69921875,23350.650390625,23328.25,23332.55078125,0
2025-04-15 07:45:00+00:00,23326.05078125,23340.900390625,23315.19921875,23337.400390625,0
2025-04-15 08:45:00+00:00,23321.19921875,23334.900390625,23308.349609375,23326.0,0
2025-04-15 09:45:00+00:00,23344.099609375,23357.099609375,23319.75,23320.94921875,0
2025-04-16 03:45:00+00:00,23355.55078125,23372.5,23277.900390625,23344.099609375,0
2025-04-16 04:45:00+00:00,23319.30078125,23358.94921875,23274.0,23355.80078125,0
2025-04-16 05:45:00+00:00,23339.94921875,23349.599609375,23316.0,23318.849609375,0
2025-04-16 06:45:00+00:00,23356.599609375,23362.05078125,23332.75,23341.19921875,0
2025-04-16 07:45:00+00:00,23428.599609375,23430.25,23286.0,23357.30078125,0
2025-04-16 08:45:00+00:00,23423.5,23439.150390625,23395.69921875,23430.5,0
2025-04-16 09:45:00+00:00,23434.349609375,23452.05078125,23420.849609375,23424.55078125,0
2025-04-17 03:45:00+00:00,23353.400390625,23434.55078125,23299.150390625,23387.0,0
2025-04-17 04:45:00+00:00,23440.099609375,23444.849609375,23342.30078125,23352.75,0
2025-04-17 05:45:00+00:00,23634.44921875,23646.75,23439.349609375,23440.94921875,0
2025-04-17 06:45:00+00:00,23788.650390625,23788.650390625,23623.0,23634.25,0
2025-04-17 07:45:00+00:00,23831.150390625,23871.25,23761.69921875,23787.849609375,0
2025-04-17 08:45:00+00:00,23847.0,23871.30078125,23783.80078125,23828.69921875,0
2025-04-17 09:45:00+00:00,23837.75,23862.19921875,23831.349609375,23847.19921875,0
2025-04-21 03:45:00+00:00,24033.44921875,24061.19921875,23903.900390625,23922.150390625,0
2025-04-21 04:45:00+00:00,24110.0,24110.75,24009.30078125,24032.0,0
2025-04-21 05:45:00+00:00,24148.349609375,24150.150390625,24099.05078125,24110.900390625,0
2025-04-21 06:45:00+00:00,24173.75,24188.5,24141.30078125,24149.099609375,0
2025-04-21 07:45:00+00:00,24143.44921875,24175.55078125,24106.5,24172.150390625,0
2025-04-21 08:45:00+00:00,24114.400390625,24156.94921875,24109.94921875,24143.349609375,0
2025-04-21 09:45:00+00:00,24121.19921875,24135.650390625,24112.25,24114.55078125,0
2025-04-22 03:45:00+00:00,24195.69921875,24202.55078125,24073.25,24196.5,0
2025-04-22 04:45:00+00:00,24230.0,24242.25,24187.349609375,24195.5,0
2025-04-22 05:45:00+00:00,24202.849609375,24233.5,24166.150390625,24230.30078125,0
2025-04-22 06:45:00+00:00,24182.099609375,24203.30078125,24168.25,24201.849609375,0
2025-04-22 07:45:00+00:00,24178.80078125,24197.55078125,24173.599609375,24183.80078125,0
2025-04-22 08:45:00+00:00,24161.150390625,24184.69921875,24144.05078125,24179.349609375,0
2025-04-22 09:45:00+00:00,24134.05078125,24173.94921875,24126.94921875,24162.30078125,0
2025-04-23 03:45:00+00:00,24190.650390625,24354.30078125,24189.94921875,24350.150390625,0
2025-04-23 04:45:00+00:00,24191.69921875,24242.099609375,24120.150390625,24191.55078125,0
2025-04-23 05:45:00+00:00,24222.650390625,24251.80078125,24180.0,24192.30078125,0
2025-04-23 06:45:00+00:00,24243.30078125,24266.75,24201.900390625,24222.5,0
2025-04-23 07:45:00+00:00,24303.44921875,24306.599609375,24230.55078125,24243.5,0
2025-04-23 08:45:00+00:00,24334.80078125,24340.25,24278.80078125,24303.80078125,0
2025-04-23 09:45:00+00:00,24300.849609375,24336.900390625,24287.900390625,24334.75,0
2025-04-24 03:45:00+00:00,24297.349609375,24347.55078125,24239.69921875,24277.900390625,0
2025-04-24 04:45:00+00:00,24279.05078125,24313.099609375,24268.80078125,24297.849609375,0
2025-04-24 05:45:00+00:00,24260.30078125,24283.75,24252.900390625,24279.150390625,0
2025-04-24 06:45:00+00:00,24257.5,24273.400390625,24248.400390625,24260.30078125,0
2025-04-24 07:45:00+00:00,24247.099609375,24265.19921875,24242.05078125,24258.75,0
2025-04-24 08:45:00+00:00,24250.150390625,24263.150390625,24217.19921875,24247.400390625,0
2025-04-24 09:45:00+00:00,24245.05078125,24257.19921875,24240.75,24250.94921875,0
2025-04-25 03:45:00+00:00,24032.400390625,24364.849609375,23950.349609375,24289.0,0
2025-04-25 04:45:00+00:00,23941.44921875,24043.650390625,23901.44921875,24033.650390625,0
2025-04-25 05:45:00+00:00,23937.94921875,23946.650390625,23848.349609375,23940.349609375,0
2025-04-25 06:45:00+00:00,24047.44921875,24060.80078125,23922.0,23938.150390625,0
2025-04-25 07:45:00+00:00,24077.80078125,24150.650390625,24029.5,24047.150390625,0
2025-04-25 08:45:00+00:00,24052.80078125,24130.25,24038.150390625,24077.099609375,0
2025-04-25 09:45:00+00:00,23991.05078125,24054.650390625,23986.099609375,24052.94921875,0
2025-04-28 03:45:00+00:00,24275.849609375,24279.05078125,24059.150390625,24071.69921875,0
2025-04-28 04:45:00+00:00,24235.0,24282.900390625,24227.75,24276.0,0
2025-04-28 05:45:00+00:00,24289.650390625,24296.5,24210.75,24236.19921875,0
2025-04-28 06:45:00+00:00,24339.0,24354.75,24286.94921875,24292.30078125,0
2025-04-28 07:45:00+00:00,24350.599609375,24352.30078125,24319.900390625,24341.849609375,0
2025-04-28 08:45:00+00:00,24324.099609375,24353.69921875,24260.900390625,24352.599609375,0
2025-04-28 09:45:00+00:00,24312.900390625,24337.75,24309.55078125,24325.599609375,0
2025-04-29 03:45:00+00:00,24351.55078125,24456.849609375,24291.0,24370.69921875,0
2025-04-29 04:45:00+00:00,24356.05078125,24369.849609375,24305.5,24351.30078125,0
2025-04-29 05:45:00+00:00,24316.599609375,24360.349609375,24302.44921875,24356.55078125,0
2025-04-29 06:45:00+00:00,24356.849609375,24369.5,24304.099609375,24316.400390625,0
2025-04-29 07:45:00+00:00,24365.94921875,24376.05078125,24341.349609375,24355.44921875,0
2025-04-29 08:45:00+00:00,24326.44921875,24368.30078125,24324.44921875,24366.900390625,0
2025-04-29 09:45:00+00:00,24325.44921875,24348.5,24310.599609375,24326.19921875,0
2025-04-30 03:45:00+00:00,24353.349609375,24395.150390625,24270.349609375,24342.05078125,0
2025-04-30 04:45:00+00:00,24329.650390625,24362.94921875,24290.400390625,24353.75,0
2025-04-30 05:45:00+00:00,24344.75,24371.599609375,24313.55078125,24329.94921875,0
2025-04-30 06:45:00+00:00,24334.5,24365.0,24326.69921875,24344.94921875,0
2025-04-30 07:45:00+00:00,24340.650390625,24353.25,24327.44921875,24333.80078125,0
2025-04-30 08:45:00+00:00,24349.400390625,24395.80078125,24324.150390625,24340.650390625,0
2025-04-30 09:45:00+00:00,24243.44921875,24353.150390625,24230.099609375,24348.849609375,0
2025-05-02 03:45:00+00:00,24581.94921875,24588.650390625,24313.0,24320.349609375,0
2025-05-02 04:45:00+00:00,24422.900390625,24587.25,24404.69921875,24581.849609375,0
2025-05-02 05:45:00+00:00,24315.0,24443.05078125,24303.05078125,24424.650390625,0
2025-05-02 06:45:00+00:00,24297.0,24314.150390625,24239.30078125,24314.05078125,0
2025-05-02 07:45:00+00:00,24373.55078125,24412.19921875,24296.25,24297.05078125,0
2025-05-02 08:45:00+00:00,24367.150390625,24397.75,24286.900390625,24372.44921875,0
2025-05-02 09:45:00+00:00,24313.650390625,24368.150390625,24309.849609375,24365.44921875,0
2025-05-05 03:45:00+00:00,24479.099609375,24510.599609375,24403.099609375,24411.44921875,0
2025-05-05 04:45:00+00:00,24486.19921875,24526.19921875,24459.650390625,24479.80078125,0
2025-05-05 05:45:00+00:00,24448.69921875,24495.900390625,24414.44921875,24487.19921875,0
2025-05-05 06:45:00+00:00,24451.05078125,24477.0,24430.0,24448.69921875,0
2025-05-05 07:45:00+00:00,24472.900390625,24492.900390625,24434.05078125,24451.25,0
2025-05-05 08:45:00+00:00,24448.30078125,24492.150390625,24442.150390625,24473.900390625,0
2025-05-05 09:45:00+00:00,24459.5,24475.19921875,24447.5,24448.599609375,0
2025-05-06 03:45:00+00:00,24389.69921875,24501.400390625,24380.650390625,24501.400390625,0
2025-05-06 04:45:00+00:00,24387.94921875,24406.150390625,24369.19921875,24388.69921875,0
2025-05-06 05:45:00+00:00,24392.19921875,24396.849609375,24356.94921875,24388.099609375,0
2025-05-06 06:45:00+00:00,24383.25,24402.05078125,24367.05078125,24390.400390625,0
2025-05-06 07:45:00+00:00,24389.05078125,24408.400390625,24376.0,24382.80078125,0
2025-05-06 08:45:00+00:00,24387.650390625,24400.650390625,24356.400390625,24387.25,0
2025-05-06 09:45:00+00:00,24335.900390625,24389.25,24332.75,24387.69921875,0
2025-05-07 03:45:00+00:00,24304.099609375,24449.349609375,24224.650390625,24224.650390625,0
2025-05-07 04:45:00+00:00,24372.599609375,24373.75,24285.0,24303.5,0
2025-05-07 05:45:00+00:00,24374.849609375,24430.400390625,24349.75,24372.5,0
2025-05-07 06:45:00+00:00,24362.05078125,24400.400390625,24354.94921875,24374.650390625,0
2025-05-07 07:45:00+00:00,24406.900390625,24422.94921875,24345.349609375,24362.0,0
2025-05-07 08:45:00+00:00,24407.05078125,24426.05078125,24367.849609375,24410.94921875,0
2025-05-07 09:45:00+00:00,24409.30078125,24425.05078125,24403.80078125,24406.80078125,0
2025-05-08 03:45:00+00:00,24391.849609375,24445.25,24373.849609375,24431.5,0
2025-05-08 04:45:00+00:00,24399.599609375,24412.30078125,24384.349609375,24391.55078125,0
2025-05-08 05:45:00+00:00,24403.55078125,24415.80078125,24396.69921875,24398.05078125,0
2025-05-08 06:45:00+00:00,24385.0,24411.19921875,24381.05078125,24403.400390625,0
2025-05-08 07:45:00+00:00,24317.5,24386.69921875,24314.400390625,24385.94921875,0
2025-05-08 08:45:00+00:00,24308.44921875,24357.30078125,24244.400390625,24316.94921875,0
2025-05-08 09:45:00+00:00,24153.19921875,24310.900390625,24151.44921875,24309.150390625,0
2025-05-09 03:45:00+00:00,24060.650390625,24163.650390625,23949.19921875,23960.25,0
2025-05-09 04:45:00+00:00,24012.849609375,24086.75,23976.650390625,24061.19921875,0
2025-05-09 05:45:00+00:00,24049.69921875,24121.30078125,23999.44921875,24012.30078125,0
2025-05-09 06:45:00+00:00,24009.25,24054.55078125,23992.80078125,24049.849609375,0
2025-05-09 07:45:00+00:00,24005.05078125,24024.69921875,23961.69921875,24008.80078125,0
2025-05-09 08:45:00+00:00,24000.55078125,24032.75,23960.94921875,24004.599609375,0
2025-05-09 09:45:00+00:00,24038.650390625,24046.900390625,23997.349609375,23999.30078125,0
2025-05-12 03:45:00+00:00,24682.650390625,24737.19921875,24386.599609375,24401.0,0
2025-05-12 04:45:00+00:00,24702.849609375,24723.55078125,24669.099609375,24682.30078125,0
2025-05-12 05:45:00+00:00,24721.30078125,24745.44921875,24698.55078125,24703.19921875,0
2025-05-12 06:45:00+00:00,24789.150390625,24806.55078125,24690.349609375,24723.30078125,0
2025-05-12 07:45:00+00:00,24866.19921875,24866.30078125,24789.0,24789.150390625,0
2025-05-12 08:45:00+00:00,24907.44921875,24930.349609375,24854.75,24866.25,0
2025-05-12 09:45:00+00:00,24920.25,24944.19921875,24904.75,24906.05078125,0
2025-05-13 03:45:00+00:00,24771.94921875,24971.55078125,24676.849609375,24864.05078125,0
2025-05-13 04:45:00+00:00,24724.55078125,24837.80078125,24636.55078125,24770.849609375,0
2025-05-13 05:45:00+00:00,24757.599609375,24817.900390625,24693.900390625,24724.55078125,0
2025-05-13 06:45:00+00:00,24633.150390625,24772.0,24597.900390625,24755.44921875,0
2025-05-13 07:45:00+00:00,24591.55078125,24637.0,24577.75,24630.80078125,0
2025-05-13 08:45:00+00:00,24559.44921875,24636.849609375,24559.44921875,24590.44921875,0
2025-05-13 09:45:00+00:00,24592.25,24594.30078125,24548.05078125,24560.0,0
2025-05-14 03:45:00+00:00,24758.150390625,24758.25,24587.30078125,24618.75,0
2025-05-14 04:45:00+00:00,24700.94921875,24767.19921875,24683.44921875,24757.400390625,0
2025-05-14 05:45:00+00:00,24677.099609375,24724.900390625,24633.05078125,24699.650390625,0
2025-05-14 06:45:00+00:00,24636.05078125,24679.650390625,24535.900390625,24677.25,0
2025-05-14 07:45:00+00:00,24615.0,24660.94921875,24596.75,24636.44921875,0
2025-05-14 08:45:00+00:00,24669.55078125,24675.19921875,24577.69921875,24614.55078125,0
2025-05-14 09:45:00+00:00,24685.75,24696.75,24651.30078125,24669.94921875,0
2025-05-15 03:45:00+00:00,24561.69921875,24699.55078125,24494.94921875,24699.55078125,0
2025-05-15 04:45:00+00:00,24617.25,24806.44921875,24533.19921875,24562.19921875,0
2025-05-15 05:45:00+00:00,24661.05078125,24707.900390625,24601.150390625,24617.25,0
2025-05-15 06:45:00+00:00,24886.30078125,24887.55078125,24626.30078125,24662.05078125,0
2025-05-15 07:45:00+00:00,25091.0,25104.5,24848.80078125,24887.150390625,0
2025-05-15 08:45:00+00:00,25056.400390625,25114.80078125,25040.0,25091.5,0
2025-05-15 09:45:00+00:00,25035.30078125,25063.44921875,25035.30078125,25055.19921875,0
2025-05-16 03:45:00+00:00,25005.150390625,25069.55078125,24976.25,25061.80078125,0
2025-05-16 04:45:00+00:00,24975.44921875,25040.849609375,24953.150390625,25005.650390625,0
2025-05-16 05:45:00+00:00,24976.05078125,24997.900390625,24958.69921875,24975.150390625,0
2025-05-16 06:45:00+00:00,25006.80078125,25018.5,24968.80078125,24974.650390625,0
2025-05-16 07:45:00+00:00,25019.94921875,25034.80078125,24994.44921875,25006.75,0
2025-05-16 08:45:00+00:00,25024.19921875,25034.5,24992.349609375,25019.599609375,0
2025-05-16 09:45:00+00:00,25013.099609375,25025.599609375,25002.69921875,25025.44921875,0
2025-05-19 03:45:00+00:00,25040.849609375,25056.55078125,24967.94921875,25005.349609375,0
2025-05-19 04:45:00+00:00,25027.05078125,25062.94921875,24999.44921875,25040.19921875,0
2025-05-19 05:45:00+00:00,24987.5,25043.099609375,24979.099609375,25026.55078125,0
2025-05-19 06:45:00+00:00,24980.55078125,25018.599609375,24972.25,24987.400390625,0
2025-05-19 07:45:00+00:00,24940.349609375,25006.099609375,24919.30078125,24980.44921875,0
2025-05-19 08:45:00+00:00,24945.650390625,24960.55078125,24916.650390625,24940.19921875,0
2025-05-19 09:45:00+00:00,24935.349609375,24951.650390625,24927.44921875,24945.349609375,0
2025-05-20 03:45:00+00:00,24899.400390625,25007.650390625,24864.05078125,25000.94921875,0
2025-05-20 04:45:00+00:00,24920.75,24967.25,24879.0,24899.5,0
2025-05-20 05:45:00+00:00,24859.19921875,24921.05078125,24844.80078125,24921.05078125,0
2025-05-20 06:45:00+00:00,24790.69921875,24876.19921875,24781.400390625,24862.0,0
2025-05-20 07:45:00+00:00,24738.349609375,24795.099609375,24728.349609375,24790.44921875,0
2025-05-20 08:45:00+00:00,24693.099609375,24745.599609375,24670.0,24737.099609375,0
2025-05-20 09:45:00+00:00,24713.849609375,24713.849609375,24672.05078125,24692.849609375,0
2025-05-21 03:45:00+00:00,24869.25,24869.650390625,24692.650390625,24744.25,0
2025-05-21 04:45:00+00:00,24896.69921875,24945.400390625,24858.05078125,24869.19921875,0
2025-05-21 05:45:00+00:00,24733.650390625,24914.400390625,24727.099609375,24896.94921875,0
2025-05-21 06:45:00+00:00,24799.69921875,24808.5,24685.94921875,24733.44921875,0
2025-05-21 07:45:00+00:00,24798.69921875,24839.349609375,24740.80078125,24800.05078125,0
2025-05-21 08:45:00+00:00,24809.69921875,24829.849609375,24780.650390625,24799.19921875,0
2025-05-21 09:45:00+00:00,24800.400390625,24819.94921875,24794.849609375,24809.400390625,0
2025-05-22 03:45:00+00:00,24606.05078125,24732.349609375,24542.099609375,24732.349609375,0
2025-05-22 04:45:00+00:00,24594.599609375,24628.599609375,24571.150390625,24606.44921875,0
2025-05-22 05:45:00+00:00,24572.80078125,24607.5,24543.05078125,24594.650390625,0
2025-05-22 06:45:00+00:00,24539.650390625,24574.650390625,24509.349609375,24572.75,0
2025-05-22 07:45:00+00:00,24529.80078125,24556.599609375,24515.05078125,24540.44921875,0
2025-05-22 08:45:00+00:00,24606.25,24639.849609375,24464.150390625,24529.30078125,0
2025-05-22 09:45:00+00:00,24637.0,24647.150390625,24597.5,24606.349609375,0
2025-05-23 03:45:00+00:00,24818.099609375,24826.349609375,24614.650390625,24643.849609375,0
2025-05-23 04:45:00+00:00,24890.099609375,24908.849609375,24748.55078125,24817.44921875,0
2025-05-23 05:45:00+00:00,24834.75,24903.400390625,24804.30078125,24890.80078125,0
2025-05-23 06:45:00+00:00,24877.44921875,24902.0,24828.849609375,24834.69921875,0
2025-05-23 07:45:00+00:00,24869.099609375,24898.400390625,24838.05078125,24876.69921875,0
2025-05-23 08:45:00+00:00,24850.75,24884.150390625,24819.30078125,24868.849609375,0
2025-05-23 09:45:00+00:00,24845.150390625,24862.099609375,24842.900390625,24850.5,0
2025-05-26 03:45:00+00:00,25044.150390625,25079.05078125,24908.5,24919.5,0
2025-05-26 04:45:00+00:00,24972.75,25048.25,24910.5,25043.900390625,0
2025-05-26 05:45:00+00:00,24989.80078125,25024.400390625,24954.099609375,24972.75,0
2025-05-26 06:45:00+00:00,24981.900390625,25013.80078125,24939.44921875,24987.80078125,0
2025-05-26 07:45:00+00:00,25001.0,25013.349609375,24967.849609375,24980.599609375,0
2025-05-26 08:45:00+00:00,25004.44921875,25019.650390625,24969.25,24999.599609375,0
2025-05-26 09:45:00+00:00,24996.349609375,25006.80078125,24992.599609375,25002.900390625,0
2025-05-27 03:45:00+00:00,24777.099609375,24969.55078125,24737.75,24957.75,0
2025-05-27 04:45:00+00:00,24877.650390625,24960.19921875,24751.349609375,24776.900390625,0
2025-05-27 05:45:00+00:00,24957.44921875,25062.400390625,24880.650390625,24880.650390625,0
2025-05-27 06:45:00+00:00,24829.849609375,24962.75,24800.80078125,24957.400390625,0
2025-05-27 07:45:00+00:00,24767.599609375,24871.849609375,24744.55078125,24830.0,0
2025-05-27 08:45:00+00:00,24831.80078125,24842.69921875,24706.05078125,24768.25,0
2025-05-27 09:45:00+00:00,24837.69921875,24843.30078125,24816.55078125,24832.599609375,0
2025-05-28 03:45:00+00:00,24760.5,24863.150390625,24743.349609375,24844.400390625,0
2025-05-28 04:45:00+00:00,24768.05078125,24801.900390625,24737.25,24760.0,0
2025-05-28 05:45:00+00:00,24761.69921875,24783.849609375,24746.349609375,24767.75,0
2025-05-28 06:45:00+00:00,24791.349609375,24827.05078125,24759.05078125,24762.19921875,0
2025-05-28 07:45:00+00:00,24788.55078125,24797.099609375,24761.099609375,24791.099609375,0
2025-05-28 08:45:00+00:00,24748.5,24798.0,24748.400390625,24788.349609375,0
2025-05-28 09:45:00+00:00,24757.150390625,24757.44921875,24740.05078125,24749.5,0
2025-05-29 03:45:00+00:00,24801.75,24888.30078125,24780.30078125,24845.19921875,0
2025-05-29 04:45:00+00:00,24723.55078125,24806.150390625,24714.650390625,24802.44921875,0
2025-05-29 05:45:00+00:00,24732.05078125,24748.30078125,24709.05078125,24722.19921875,0
2025-05-29 06:45:00+00:00,24760.75,24772.900390625,24677.599609375,24732.0,0
2025-05-29 07:45:00+00:00,24725.599609375,24773.69921875,24717.80078125,24760.349609375,0
2025-05-29 08:45:00+00:00,24850.75,24853.75,24718.05078125,24725.599609375,0
2025-05-29 09:45:00+00:00,24880.849609375,24891.150390625,24837.099609375,24850.44921875,0
2025-05-30 03:45:00+00:00,24794.75,24863.599609375,24780.69921875,24830.5,0
2025-05-30 04:45:00+00:00,24753.94921875,24795.80078125,24717.849609375,24795.80078125,0
2025-05-30 05:45:00+00:00,24741.849609375,24787.94921875,24735.30078125,24754.30078125,0
2025-05-30 06:45:00+00:00,24758.25,24768.900390625,24729.349609375,24732.69921875,0
2025-05-30 07:45:00+00:00,24753.900390625,24801.69921875,24750.75,24758.599609375,0
2025-05-30 08:45:00+00:00,24752.150390625,24786.80078125,24729.80078125,24753.599609375,0
2025-05-30 09:45:00+00:00,24736.650390625,24757.150390625,24731.099609375,24751.650390625,0
2025-06-02 03:45:00+00:00,24581.94921875,24700.5,24526.150390625,24669.69921875,0
2025-06-02 04:45:00+00:00,24623.150390625,24638.849609375,24554.19921875,24581.75,0
2025-06-02 05:45:00+00:00,24665.94921875,24673.25,24611.599609375,24623.25,0
2025-06-02 06:45:00+00:00,24702.44921875,24737.05078125,24665.55078125,24665.55078125,0
2025-06-02 07:45:00+00:00,24693.599609375,24732.900390625,24682.150390625,24702.900390625,0
2025-06-02 08:45:00+00:00,24723.94921875,24754.30078125,24654.80078125,24693.849609375,0
2025-06-02 09:45:00+00:00,24690.69921875,24724.75,24666.599609375,24724.0,0
2025-06-03 03:45:00+00:00,24661.69921875,24841.900390625,24601.80078125,24773.94921875,0
2025-06-03 04:45:00+00:00,24590.19921875,24766.44921875,24588.05078125,24662.400390625,0
2025-06-03 05:45:00+00:00,24615.349609375,24662.599609375,24572.55078125,24590.25,0
2025-06-03 06:45:00+00:00,24541.44921875,24648.94921875,24502.75,24614.849609375,0
2025-06-03 07:45:00+00:00,24577.150390625,24579.55078125,24516.5,24540.5,0
2025-06-03 08:45:00+00:00,24535.19921875,24601.69921875,24534.400390625,24576.400390625,0
2025-06-03 09:45:00+00:00,24538.400390625,24550.650390625,24524.44921875,24535.5,0
2025-06-04 03:45:00+00:00,24578.75,24612.0,24530.75,24568.150390625,0
2025-06-04 04:45:00+00:00,24581.55078125,24609.599609375,24569.599609375,24578.94921875,0
2025-06-04 05:45:00+00:00,24607.75,24607.94921875,24572.0,24582.05078125,0
2025-06-04 06:45:00+00:00,24600.25,24619.900390625,24582.19921875,24607.5,0
2025-06-04 07:45:00+00:00,24616.55078125,24632.0,24588.80078125,24600.400390625,0
2025-06-04 08:45:00+00:00,24616.900390625,24644.25,24608.650390625,24616.55078125,0
2025-06-04 09:45:00+00:00,24612.0,24622.05078125,24604.099609375,24617.650390625,0
2025-06-05 03:45:00+00:00,24732.25,24761.25,24613.650390625,24674.05078125,0
2025-06-05 04:45:00+00:00,24708.80078125,24741.150390625,24690.900390625,24733.0,0
2025-06-05 05:45:00+00:00,24865.150390625,24873.099609375,24707.849609375,24708.099609375,0
2025-06-05 06:45:00+00:00,24796.25,24898.900390625,24785.55078125,24870.75,0
2025-06-05 07:45:00+00:00,24713.55078125,24790.19921875,24693.099609375,24777.150390625,0
2025-06-05 08:45:00+00:00,24752.55078125,24780.650390625,24701.099609375,24713.80078125,0
2025-06-05 09:45:00+00:00,24761.099609375,24775.400390625,24745.44921875,24752.849609375,0
2025-06-06 03:45:00+00:00,24750.599609375,24816.94921875,24671.650390625,24758.94921875,0
2025-06-06 04:45:00+00:00,24983.05078125,24983.599609375,24735.75,24750.25,0
2025-06-06 05:45:00+00:00,24998.849609375,25029.30078125,24960.55078125,24982.650390625,0
2025-06-06 06:45:00+00:00,24969.05078125,24999.55078125,24966.0,24998.55078125,0
2025-06-06 07:45:00+00:00,24990.0,24997.69921875,24962.349609375,24969.44921875,0
2025-06-06 08:45:00+00:00,25002.099609375,25021.75,24983.19921875,24989.69921875,0
2025-06-06 09:45:00+00:00,25000.30078125,25010.05078125,24992.650390625,25002.099609375,0
2025-06-09 03:45:00+00:00,25118.94921875,25160.099609375,25078.94921875,25160.099609375,0
2025-06-09 04:45:00+00:00,25122.30078125,25142.69921875,25110.0,25119.150390625,0
2025-06-09 05:45:00+00:00,25116.25,25128.19921875,25102.30078125,25121.599609375,0
2025-06-09 06:45:00+00:00,25109.05078125,25127.849609375,25103.44921875,25116.55078125,0
2025-06-09 07:45:00+00:00,25090.69921875,25117.099609375,25088.349609375,25109.099609375,0
2025-06-09 08:45:00+00:00,25103.19921875,25107.25,25083.5,25090.400390625,0
2025-06-09 09:45:00+00:00,25102.150390625,25110.94921875,25099.400390625,25103.19921875,0
2025-06-10 03:45:00+00:00,25156.900390625,25191.25,25055.94921875,25191.25,0
2025-06-10 04:45:00+00:00,25127.69921875,25163.75,25099.80078125,25156.5,0
2025-06-10 05:45:00+00:00,25133.5,25150.5,25115.5,25127.80078125,0
2025-06-10 06:45:00+00:00,25130.5,25142.75,25120.0,25133.5,0
2025-06-10 07:45:00+00:00,25127.55078125,25140.80078125,25121.150390625,25127.650390625,0
2025-06-10 08:45:00+00:00,25104.69921875,25129.25,25086.150390625,25126.400390625,0
2025-06-10 09:45:00+00:00,25091.5,25111.80078125,25087.69921875,25103.94921875,0
2025-06-11 03:45:00+00:00,25146.349609375,25158.599609375,25084.400390625,25122.150390625,0
2025-06-11 04:45:00+00:00,25180.80078125,25188.849609375,25132.400390625,25147.150390625,0
2025-06-11 05:45:00+00:00,25205.94921875,25215.80078125,25179.25,25180.44921875,0
2025-06-11 06:45:00+00:00,25208.05078125,25222.19921875,25186.30078125,25206.19921875,0
2025-06-11 07:45:00+00:00,25127.849609375,25214.19921875,25108.150390625,25207.94921875,0
2025-06-11 08:45:00+00:00,25144.94921875,25157.599609375,25125.80078125,25127.30078125,0
2025-06-11 09:45:00+00:00,25126.80078125,25146.69921875,25124.94921875,25145.0,0
2025-06-12 03:45:00+00:00,25096.80078125,25195.55078125,25065.25,25131.69921875,0
2025-06-12 04:45:00+00:00,25046.150390625,25115.75,25038.25,25096.599609375,0
2025-06-12 05:45:00+00:00,25039.150390625,25092.75,25010.0,25045.849609375,0
2025-06-12 06:45:00+00:00,25041.099609375,25074.5,25021.650390625,25039.349609375,0
2025-06-12 07:45:00+00:00,24847.400390625,25045.44921875,24826.69921875,25041.19921875,0
2025-06-12 08:45:00+00:00,24887.55078125,24920.94921875,24844.5,24847.55078125,0
2025-06-12 09:45:00+00:00,24856.0,24887.349609375,24850.80078125,24887.349609375,0
2025-06-13 03:45:00+00:00,24644.150390625,24654.400390625,24508.099609375,24508.099609375,0
2025-06-13 04:45:00+00:00,24653.75,24692.349609375,24625.19921875,24642.5,0
2025-06-13 05:45:00+00:00,24688.94921875,24702.0,24639.75,24652.75,0
2025-06-13 06:45:00+00:00,24686.0,24724.55078125,24674.44921875,24688.80078125,0
2025-06-13 07:45:00+00:00,24715.849609375,24754.099609375,24680.650390625,24685.19921875,0
2025-06-13 08:45:00+00:00,24725.599609375,24728.44921875,24650.900390625,24714.349609375,0
2025-06-13 09:45:00+00:00,24735.55078125,24744.94921875,24709.75,24725.150390625,0
2025-06-16 03:45:00+00:00,24763.69921875,24817.400390625,24704.599609375,24733.75,0
2025-06-16 04:45:00+00:00,24906.75,24930.5,24763.25,24763.599609375,0
2025-06-16 05:45:00+00:00,24916.900390625,24925.05078125,24874.25,24906.75,0
2025-06-16 06:45:00+00:00,24934.400390625,24952.69921875,24891.650390625,24917.30078125,0
2025-06-16 07:45:00+00:00,24961.5,24966.30078125,24927.650390625,24934.349609375,0
2025-06-16 08:45:00+00:00,24950.69921875,24965.75,24928.5,24961.650390625,0
2025-06-16 09:45:00+00:00,24940.94921875,24957.94921875,24936.44921875,24951.55078125,0
2025-06-17 03:45:00+00:00,24851.69921875,24975.80078125,24846.80078125,24966.30078125,0
2025-06-17 04:45:00+00:00,24878.80078125,24908.400390625,24850.25,24851.75,0
2025-06-17 05:45:00+00:00,24855.69921875,24899.849609375,24854.0,24878.80078125,0
2025-06-17 06:45:00+00:00,24839.44921875,24864.05078125,24814.0,24855.05078125,0
2025-06-17 07:45:00+00:00,24862.349609375,24866.25,24830.599609375,24839.80078125,0
2025-06-17 08:45:00+00:00,24862.400390625,24869.25,24836.75,24862.25,0
2025-06-17 09:45:00+00:00,24841.5,24868.44921875,24833.849609375,24859.5,0
2025-06-18 03:45:00+00:00,24916.94921875,24947.400390625,24777.849609375,24789.349609375,0
2025-06-18 04:45:00+00:00,24837.94921875,24928.849609375,24826.0,24917.25,0
2025-06-18 05:45:00+00:00,24816.349609375,24837.80078125,24767.19921875,24837.80078125,0
2025-06-18 06:45:00+00:00,24800.5,24817.5,24760.650390625,24815.80078125,0
2025-06-18 07:45:00+00:00,24776.900390625,24814.94921875,24765.599609375,24799.849609375,0
2025-06-18 08:45:00+00:00,24813.05078125,24829.650390625,24750.900390625,24777.19921875,0
2025-06-18 09:45:00+00:00,24798.75,24823.30078125,24794.94921875,24813.25,0
2025-06-19 03:45:00+00:00,24833.19921875,24862.400390625,24738.55078125,24802.349609375,0
2025-06-19 04:45:00+00:00,24814.55078125,24839.5,24796.44921875,24832.400390625,0
2025-06-19 05:45:00+00:00,24811.80078125,24822.19921875,24791.25,24814.30078125,0
2025-06-19 06:45:00+00:00,24794.55078125,24813.75,24772.19921875,24811.849609375,0
2025-06-19 07:45:00+00:00,24832.400390625,24842.0,24780.55078125,24794.400390625,0
2025-06-19 08:45:00+00:00,24791.75,24849.849609375,24787.75,24833.30078125,0
2025-06-19 09:45:00+00:00,24744.69921875,24805.150390625,24734.0,24791.44921875,0
2025-06-20 03:45:00+00:00,24919.05078125,24919.099609375,24787.44921875,24795.900390625,0
2025-06-20 04:45:00+00:00,25016.55078125,25039.55078125,24918.849609375,24918.849609375,0
2025-06-20 05:45:00+00:00,25040.099609375,25044.650390625,25002.900390625,25016.650390625,0
2025-06-20 06:45:00+00:00,25038.25,25047.44921875,24964.05078125,25039.75,0
2025-06-20 07:45:00+00:00,25049.650390625,25077.55078125,25034.55078125,25038.900390625,0
2025-06-20 08:45:00+00:00,25116.599609375,25132.099609375,25031.400390625,25050.44921875,0
2025-06-20 09:45:00+00:00,25079.75,25134.55078125,25072.80078125,25116.05078125,0
